scaled_employment_rate_overall,scaled_employment_rate_ft_perm,scaled_gross_monthly_median,scaled_salary_iqr
0.9097814387016607,1.0090315466580504,-0.5878213024699537,0.5840082090922388
0.8663392121579383,0.9809134356952439,-1.4556040583591638,-1.3372123521310055
-0.03146680307895671,0.27796066162506444,-1.0550889402564514,-0.05639864464884258
-0.5238120372411267,0.4044921609576965,-0.5210687827861683,0.5840082090922388
0.6056858528956138,0.9527953247324363,-0.3875637434185975,-0.23571256369634538
-1.4216180524780238,-0.9100295265535393,-0.888207641046988,-0.7565768047390916
-0.5527735216036076,0.23578349518085306,-0.7880788615213099,-0.05639864464884258
-0.11835125616639956,0.4536988551426093,-0.8214551213632025,-0.48333654714289687
0.5332821419894125,0.8473524086219094,-0.9215839008888806,-0.9529682398863566
0.14230210309592486,0.4747874383647145,-0.888207641046988,-0.48333654714289687
-0.016986060897717266,0.4888464938461183,-0.9215839008888806,-0.8248868691381404
-1.030638013584536,-0.017279503484411138,-1.0550889402564514,-1.1237434008839784
-0.7844653965034512,-0.15084053055774563,-0.7880788615213099,-0.8035399740134376
-1.24784914630314,-0.2000472247426574,-1.0550889402564514,-0.696805498389924
0.06989839218972353,0.5450827157717324,-0.9215839008888806,-0.696805498389924
0.6491280794393343,0.8122047699184004,-1.0550889402564514,-1.0170089252604648
-1.3781758259343033,-1.430214579365472,-1.7226141370943053,-0.48333654714289687
-0.8713498495908939,-0.08757478089142909,-1.0550889402564514,-0.2698675958958697
-0.24867793579756073,-0.15084053055774563,-1.0550889402564514,-0.5900710227664104
-0.1762742248913594,0.12331105132962475,-1.0550889402564514,-0.17380656783470752
-1.2188876619406592,-1.0154724426640662,-0.9215839008888806,-0.48333654714289687
-0.07490902962267916,-0.03133855896581493,-1.5557328378848418,-0.6050138493537024
-1.2623298884843797,-0.6991436943324855,-1.0550889402564514,-0.6861320508275727
-2.420789262983601,-1.8238681328447726,-0.9215839008888806,-0.6754586032652213
-0.06042828744143766,0.4677579106240131,-1.312753666235863,-1.1237434008839784
-1.8125980913715114,-0.959236220738452,-1.0550889402564514,-0.5900710227664104
-1.6388291851966277,-0.9029999988128369,-0.9215839008888806,-0.48333654714289687
-0.7410231699597307,0.13737010681102854,-1.0550889402564514,-0.16313312027235616
-1.494021763384225,-0.8819114155907317,-0.654573822153739,-0.696805498389924
-3.318595278220498,-1.591893717401613,-1.0550889402564514,-0.2698675958958697
1.286280735413907,1.283183128545421,-0.3902338442059489,-0.696805498389924
1.286280735413907,1.283183128545421,-0.3902338442059489,-1.3905795899427622
-0.9147920761346143,-0.8186456659244161,-1.322099018991593,-0.5260303373923023
-0.6541387168722899,-0.5023169175928354,-0.7880788615213099,-0.2698675958958697
-0.4369275841536859,-0.3476673072973957,-0.7880788615213099,-0.2698675958958697
-0.350043131066243,-0.0032204480030073495,-1.0550889402564514,-0.3339082812699779
0.5043206576269316,0.6013189376973466,-0.7880788615213099,0.37053925784521174
0.3160710092708085,0.5029055493275221,-1.4556040583591638,-1.0853189896595135
0.8808199543391798,0.8895295750661207,-1.322099018991593,-0.696805498389924
-0.3210816467037621,-0.27737202989037774,-0.988336420572666,-0.48333654714289687
0.18574432963964732,0.10925199584822097,-0.48769252294427556,0.37053925784521174
-0.3210816467037621,0.10925199584822097,-0.9482849087623948,-0.15672905173494533
-0.9437535604970952,0.06707482940401059,-0.02710013712615634,-0.12043933002295072
-0.27763942016004167,0.15142916229243233,-1.048413688288073,-0.05639864464884258
1.286280735413907,1.283183128545421,0.2799614534192565,-0.9102744496369511
-1.305772115028102,-1.9785177431402117,-1.5223565780429493,-0.48333654714289687
0.8228969856142179,1.0582382408429634,-1.0550889402564514,-0.9102744496369511
-0.27763942016004167,0.5239941325496272,-1.1885939796240224,-0.5281650269047726
-2.478712231708563,-1.528627967735297,-1.0550889402564514,-0.6327648130158159
0.30159026708956904,0.5802303544752414,-0.8214551213632025,-0.38941020859420494
0.7215317903455356,0.8684409918440146,-0.988336420572666,-1.1237434008839784
-0.3210816467037621,0.270931133884362,-0.7880788615213099,0.30649857247110357
-0.379004615428724,0.43963979966120553,-0.7880788615213099,-0.48333654714289687
-0.7120616855972498,-0.41093305696371124,-1.0550889402564514,-1.0170089252604648
0.38847472017700985,0.4044921609576965,-0.9082333969521236,-0.696805498389924
0.40295546235825136,0.7489390202520849,-0.7880788615213099,-0.05639864464884258
-0.03146680307895671,0.4326102719205041,-1.0550889402564514,-1.2091309813827893
-0.2921201623412832,0.38340357773559136,-0.7547026016794172,-0.696805498389924
1.1125118292390233,1.1566516292127889,1.6150118470949644,1.0109461115862932
1.286280735413907,1.283183128545421,0.9474866502571104,-0.2698675958958697
0.9242621808829002,1.107444935027876,-1.1218414599402369,-1.0170089252604648
1.286280735413907,1.283183128545421,-1.0217126804145586,-1.3372123521310055
0.8953006965204192,1.0933858795464722,-1.1885939796240224,-0.36592862395703196
-1.4795410212029836,-1.1701220529595058,-1.322099018991593,-0.9102744496369511
-1.088560982309498,-0.5444940840370457,-0.9215839008888806,-0.4150264827438482
0.764974016889258,1.0301201298801568,-0.3875637434185975,-0.9102744496369511
0.44639768890197173,0.8051752421776991,-1.2887227591497004,-0.20582691052176158
0.5912051107143744,0.9457657969917349,-1.0550889402564514,0.4772737334687253
0.30159026708956904,0.39043310547629273,-0.7880788615213099,0.2638047822216981
0.6925703059830567,0.8473524086219094,-0.28075971192454086,0.5840082090922388
-0.07490902962267916,0.4818169661054159,-0.6025068568003865,-0.05639864464884258
0.4174362045394908,0.8614114641033132,-0.2540587040510267,-0.16313312027235616
0.3595132358145289,0.5450827157717324,-0.654573822153739,-0.05639864464884258
1.286280735413907,0.643496104141558,0.0129513746841149,-0.696805498389924
-0.6686194590535294,-0.13678147507634186,-1.0550889402564514,-0.2271738056464643
-0.5238120372411267,0.10925199584822097,-0.7880788615213099,0.32998015710827655
1.286280735413907,1.283183128545421,1.6150118470949644,1.4378840140803475
1.286280735413907,1.283183128545421,2.3452844124355767,1.7580874409508882
1.0256273761515824,0.9738839079545415,-0.654573822153739,0.5840082090922388
0.793935501251737,1.0090315466580504,-1.2686970032445648,-1.1237434008839784
-0.21971645143508184,-0.10866336411353428,-0.9215839008888806,-0.05639864464884258
0.25814804054584867,0.5310236602903287,-0.4543162631023829,-0.12470870904789128
-1.6388291851966277,-0.8467637768872227,-1.0550889402564514,-0.5367037849546537
-1.0595994979470171,-0.39687400148230845,-0.5210687827861683,-0.9636416874487079
0.040936907827244635,0.4958760215868197,-0.5210687827861683,-0.48333654714289687
0.38847472017700985,0.7840866589555938,-0.9215839008888806,-1.1237434008839784
0.48983991544569216,0.840322880881208,-0.7880788615213099,-0.2698675958958697
-0.06042828744143766,0.4677579106240131,-0.7880788615213099,-0.696805498389924
-0.3210816467037621,0.03192719070050162,-1.0550889402564514,-0.696805498389924
-0.7844653965034512,-0.6007303059626599,-0.7880788615213099,-0.48333654714289687
-1.24784914630314,-0.28440155763107916,-0.8548313812050953,-0.8889275545122485
-0.132831998347639,0.42558074417980174,-0.9215839008888806,-0.696805498389924
0.20022507182088678,0.7559685479927862,-0.988336420572666,-0.696805498389924
-1.6098677008341469,-0.9662657484791535,-1.4556040583591638,-0.2698675958958697
-0.6251772325098089,-0.41796258470441366,-1.0550889402564514,-0.48333654714289687
-0.6396579746910485,-0.27034250214967537,-1.0550889402564514,-0.2826757329706914
-0.350043131066243,-0.23519486344616639,-0.7880788615213099,-0.696805498389924
-0.596215748147328,-1.3177421355142431,-0.9215839008888806,0.7761302652145633
-0.7844653965034512,-1.0576496091082765,-0.7480273497110387,-0.2698675958958697
-3.5358064109391023,-1.8871338825110886,-0.9215839008888806,-0.2698675958958697
-2.5945581691584847,-0.9732952762198548,-0.9215839008888806,-0.7821930788887349
1.286280735413907,1.283183128545421,-1.1885939796240224,-0.45345089396831306
-2.319424067714921,-1.472391745809683,-1.0550889402564514,-0.48333654714289687
-1.5374639899279454,-0.9451771652570482,-0.9215839008888806,-0.48333654714289687
-0.39348535760996345,0.36934452225418757,-0.7880788615213099,-0.2698675958958697
0.02645616564600313,-0.14381100281704323,-0.7880788615213099,-0.696805498389924
-2.5221544582522832,-1.3036830800328394,-0.9215839008888806,-0.14178622514765343
-0.4658890685161648,-0.8467637768872227,-1.0550889402564514,0.13572341147348185
1.286280735413907,1.283183128545421,-0.4209400032604902,-1.0170089252604648
1.286280735413907,1.283183128545421,-0.4209400032604902,-1.1237434008839784
-1.334733599390581,-1.156062997478102,-1.322099018991593,-0.6754586032652213
-1.1609646932156994,-0.3617263627787995,-0.654573822153739,-0.48333654714289687
-0.350043131066243,-0.11569289185423666,-0.7213263418375244,-0.48333654714289687
-0.4658890685161648,0.13034057907032615,-1.0550889402564514,-0.696805498389924
0.4753591732644527,0.6224075209194517,-0.3608627355450833,0.5840082090922388
0.40295546235825136,0.5661712989938377,-1.271367104031916,-1.1237434008839784
1.286280735413907,1.0230906021394544,-1.1725733748999136,-0.02651299147425878
-1.305772115028102,0.02489766295979923,-0.9376045056129891,-0.9102744496369511
-0.07490902962267916,0.29201971710646824,-0.3875637434185975,-0.2698675958958697
-0.7844653965034512,0.27796066162506444,-0.7880788615213099,-0.696805498389924
0.6346473372580949,0.7208209092892773,-0.3875637434185975,0.24032319758452517
1.286280735413907,1.283183128545421,0.2799614534192565,-1.7214564643756542
1.0545888605140634,0.9457657969917349,0.6471003116800762,-0.16313312027235616
-2.0008477397276345,-1.591893717401613,-1.6358358615053845,-0.05639864464884258
0.6056858528956138,0.8684409918440146,-1.0550889402564514,-0.7821930788887349
0.2871095249083276,0.5239941325496272,-1.0550889402564514,-0.5900710227664104
-0.5238120372411267,-0.3265787240752905,-1.0550889402564514,-0.48333654714289687
-1.0451187557657755,-0.3757854182602023,-0.654573822153739,-0.3766020715193833
0.8663392121579383,1.0793268240650684,-0.7773984583719042,-0.696805498389924
0.5912051107143744,0.7489390202520849,-0.3875637434185975,0.11437651634877914
-0.07490902962267916,0.4466693274019069,-0.654573822153739,-0.05639864464884258
-1.4216180524780238,-1.3528897742177521,-0.5210687827861683,-0.66478515570287
0.5912051107143744,0.7840866589555938,-0.7480273497110387,-0.8633112803626052
0.7794547590704975,1.037149657620858,-0.2540587040510267,-0.05639864464884258
-1.8125980913715114,-0.5585531395184495,-0.654573822153739,-0.48333654714289687
-0.16179348271011995,0.4747874383647145,-0.7880788615213099,-0.696805498389924
1.0256273761515824,1.1144744627685774,1.8152694061463206,0.37053925784521174
1.286280735413907,1.283183128545421,1.6150118470949644,-0.2698675958958697
1.286280735413907,0.9738839079545415,-0.7880788615213099,-1.0468945784350485
1.286280735413907,1.283183128545421,-0.3875637434185975,-1.0597027155098702
0.6346473372580949,0.0038090797376940455,-1.322099018991593,-0.9102744496369511
-2.073251450633836,-1.430214579365472,-1.0550889402564514,-0.696805498389924
-0.6541387168722899,-0.41796258470441366,-0.7747283575845528,-0.3766020715193833
1.1269925714202649,1.0512087131022618,-0.21400719224075546,-0.6327648130158159
0.3595132358145289,0.6786437428450669,-1.2219702394659149,0.1399927904984224
0.9097814387016607,1.0090315466580504,-0.3875637434185975,1.277782300645077
-0.03146680307895671,0.3271673558099772,-0.6105171591624408,0.37053925784521174
0.48983991544569216,0.8614114641033132,-0.2540587040510267,1.0109461115862932
-0.132831998347639,0.15142916229243233,-0.3875637434185975,-0.003031406837085795
-0.07490902962267916,0.5169646048089248,0.0129513746841149,0.4772737334687253
0.25814804054584867,-0.08054525315072769,-0.5878213024699537,0.37053925784521174
0.9097814387016607,0.17251774551453752,0.34671397310304186,0.4559268383440226
-0.03146680307895671,0.16548821777383513,-1.0550889402564514,-0.09909243489824801
-0.5238120372411267,-0.03133855896581493,-0.2674092079877838,0.2744782297840495
0.9677044074266206,0.9738839079545415,1.6483881069368571,1.1176805872098068
0.9532236652453812,1.1215039905092798,2.6830521620355308,0.797477160339266
1.286280735413907,0.3482559390320824,-1.4556040583591638,-1.2838451143192486
-0.07490902962267916,0.18657680099594132,-1.5891090977267346,-0.515356889829951
1.286280735413907,1.283183128545421,-1.0884652000983441,-1.177110638695735
1.286280735413907,1.283183128545421,-1.0550889402564514,-0.48333654714289687
-0.2921201623412832,-0.24222439118686878,-1.7226141370943053,-0.9102744496369511
0.40295546235825136,0.643496104141558,-1.7226141370943053,-0.8526378328002538
-0.14731274052888052,0.1936063287366427,-0.654573822153739,-0.3766020715193833
0.2147058140021262,0.5029055493275221,-0.7079758379007673,-0.5025487527551293
0.8663392121579383,0.27796066162506444,-0.9215839008888806,-1.0426251994101081
1.286280735413907,0.8684409918440146,-0.3875637434185975,-0.8206174901131997
0.02645616564600313,0.6716142151043646,-0.654573822153739,-0.5900710227664104
-2.3339048098961603,-1.430214579365472,-1.322099018991593,-0.3339082812699779
-0.6396579746910485,0.3482559390320824,-0.7880788615213099,-0.045725197086491226
-0.7844653965034512,0.02489766295979923,-1.0550889402564514,-0.3125613861452752
-0.26315867797880227,0.5310236602903287,-1.7226141370943053,-0.9102744496369511
1.286280735413907,1.283183128545421,-0.9215839008888806,-1.0426251994101081
1.286280735413907,1.283183128545421,-0.7880788615213099,-0.696805498389924
-0.45140832633492534,0.43963979966120553,-1.0550889402564514,1.1070071396474555
-0.7844653965034512,-0.4741988066300278,-0.8548313812050953,-0.48333654714289687
0.1712635874584058,0.7419094925113825,-0.7213263418375244,-0.4705284100680753
0.2726287827270881,0.39043310547629273,-0.9215839008888806,-0.7416339781517998
0.8808199543391798,0.8895295750661207,-0.37287818908816467,-0.17380656783470752
-0.3355623888850036,-0.26331297440897394,-1.7226141370943053,-0.48333654714289687
0.8663392121579383,1.0793268240650684,-1.5891090977267346,-1.4695631019041624
1.0835503448765424,1.0933858795464722,-0.02710013712615634,2.1850253434449427
0.8953006965204192,1.037149657620858,-1.2219702394659149,-1.177110638695735
0.15678284527716638,0.41152168869839795,-0.7880788615213099,-0.05639864464884258
1.286280735413907,1.283183128545421,1.0582958329321943,0.5327756607929524
-0.7410231699597307,0.2990492448471696,-0.1205536646834559,-0.5900710227664104
0.2147058140021262,-0.36875589051950086,-0.9042282457710965,-0.5900710227664104
-0.6251772325098089,-0.05945666992862151,-0.654573822153739,-0.48333654714289687
-0.8713498495908939,0.08816341262611578,-0.3875637434185975,-0.05639864464884258
0.6056858528956138,0.7911161866962952,-0.7880788615213099,-1.1237434008839784
0.18574432963964732,0.6786437428450669,-0.654573822153739,-0.3766020715193833
-0.36452387324748453,0.3131083003285734,-0.654573822153739,-0.29121449102057245
-0.20523570925384035,0.02489766295979923,-0.654573822153739,0.01831548828761692
-0.5527735216036076,-0.12272241959493806,-0.6879500819956318,-0.696805498389924
-1.1899261775781782,-0.3476673072973957,-0.7880788615213099,-0.48333654714289687
-0.45140832633492534,-0.0735157254100253,-0.7213263418375244,-0.48333654714289687
0.5622436263518935,0.9317067415103312,-0.7880788615213099,-1.1237434008839784
-1.7112328961028291,-1.7465433276970528,-1.322099018991593,-0.05639864464884258
-1.3492143415718225,-0.3617263627787995,-0.7880788615213099,-0.2698675958958697
-0.8713498495908939,-0.5163759730742382,-1.0550889402564514,-0.20582691052176158
-0.5382927794223661,-0.41093305696371124,-0.654573822153739,-0.05639864464884258
-0.45140832633492534,-0.5444940840370457,-0.6358831166422791,0.6672611000785794
-0.39348535760996345,-1.8238681328447726,-1.0550889402564514,-0.05639864464884258
-2.5800774269772453,-2.0909901869914407,-0.7880788615213099,-0.1375168461227129
-0.7844653965034512,-0.16489958603914842,-0.888207641046988,0.15707030659818458
1.286280735413907,1.283183128545421,-1.322099018991593,-0.47266309958054553
-2.3918277786211224,-1.156062997478102,-0.801429365458067,-0.21650035808411294
-1.0451187557657755,-0.6639960556289765,-1.0550889402564514,-0.2698675958958697
0.6056858528956138,0.18657680099594132,-0.7814036095529313,-0.5367037849546537
-1.3492143415718225,-0.6358779446661689,-0.7346768457742815,-0.5900710227664104
-1.305772115028102,-0.8537933046279251,-0.7880788615213099,-0.696805498389924
-0.06042828744143766,-0.6780551111103802,-0.6612490741221176,-0.2698675958958697
1.286280735413907,1.283183128545421,-0.3822235418438947,-1.0063354776981135
1.286280735413907,1.283183128545421,-0.3875637434185975,-1.5400078558156813
-0.39348535760996345,-0.5023169175928354,-1.0550889402564514,-0.66478515570287
-1.1754454353969388,-0.7905275549616085,-0.641223318216982,-0.4299693093311401
-0.36452387324748453,-0.13678147507634186,-0.641223318216982,-0.29975324907045353
-0.42244684197244436,-0.10163383637283288,-1.0550889402564514,0.15707030659818458
0.7070510481642962,0.7981457144369967,0.0129513746841149,1.0109461115862932
0.9387429230641396,1.1144744627685774,-1.2553464993078076,-1.2091309813827893
1.0835503448765424,1.1847697401755954,-1.0550889402564514,-0.09055367684836693
0.2147058140021262,0.24281302292155546,-0.3875637434185975,0.37053925784521174
0.8518584699766989,0.9317067415103312,-0.1205536646834559,0.5840082090922388
-0.11835125616639956,0.376374049994889,-0.654573822153739,-0.696805498389924
0.8808199543391798,1.0863563518057708,-0.3208112237348121,0.15707030659818458
1.286280735413907,1.283183128545421,0.2799614534192565,-0.9102744496369511
0.9387429230641396,1.0301201298801568,0.4495128534160714,-0.05639864464884258
-2.768327075333368,-1.528627967735297,-1.0550889402564514,-0.696805498389924
0.4608784310832112,0.6364665764008556,-1.0550889402564514,-0.8782541069498971
0.40295546235825136,0.5521122435124338,-0.9215839008888806,-0.29121449102057245
-0.7120616855972498,-0.41093305696371124,-0.654573822153739,-0.696805498389924
-0.7410231699597307,0.08113388488541438,-0.3875637434185975,0.37053925784521174
0.7794547590704975,0.9527953247324363,-0.5878213024699537,-1.1237434008839784
0.09885987655220448,0.6224075209194517,0.2799614534192565,0.9212891520625418
0.14230210309592486,0.608348465438049,-0.654573822153739,-0.2698675958958697
-1.2333684041219006,-0.5515236117777471,0.0129513746841149,0.19976409684759
-0.4369275841536859,0.27796066162506444,-0.4543162631023829,-0.3339082812699779
0.7215317903455356,0.910618158288226,-0.3875637434185975,-0.20582691052176158
1.286280735413907,0.9317067415103312,-0.5878213024699537,-0.18448001539705888
-1.1320032088532184,-0.12272241959493806,-0.654573822153739,-0.48333654714289687
0.8373777277954594,1.0652677685836656,1.2144967289922521,1.6513529653273746
1.286280735413907,1.283183128545421,1.4815068077273936,-0.696805498389924
0.8953006965204192,1.0933858795464722,-0.5210687827861683,-1.2411513240698433
1.286280735413907,1.283183128545421,-0.4743420190075185,-0.9102744496369511
-1.2623298884843797,-2.850179182987234,-0.654573822153739,-0.48333654714289687
-0.8568691074096525,-0.27737202989037774,-0.9215839008888806,0.37053925784521174
-0.9871957870408157,-1.2333878026258214,-1.0550889402564514,-0.5260303373923023
-1.0451187557657755,-0.3898444737416061,-0.654573822153739,-0.48333654714289687
1.1414733136015043,1.1355630459906836,-0.3875637434185975,-0.6348995025282862
-2.7828078175146076,-1.570805134179508,-0.3875637434185975,-1.098127126734335
0.8953006965204192,0.7911161866962952,-1.0550889402564514,-0.3766020715193833
0.9532236652453812,1.1215039905092798,-0.7880788615213099,0.9255585310874823
0.40295546235825136,0.4536988551426093,-0.654573822153739,0.37053925784521174
1.040108118332822,0.8122047699184004,0.10373480145406304,1.2244150628333204
-0.11835125616639956,0.2849901893657658,-0.3875637434185975,0.15707030659818458
1.0256273761515824,0.7700276034741901,0.07970389436790029,0.797477160339266
0.5332821419894125,0.29201971710646824,-0.3875637434185975,0.17841720172288728
0.9097814387016607,0.7278504370299788,0.0129513746841149,-0.342447039319859
-0.30660090452252264,0.08816341262611578,-0.7880788615213099,-0.44064275689349147
0.2871095249083276,0.5591417712531362,-0.307460719798055,0.9746563898742986
1.1414733136015043,1.212887851138403,1.255883291196199,1.331149538456834
1.286280735413907,1.283183128545421,1.6150118470949644,1.4272105665179962
0.20022507182088678,0.4466693274019069,-0.2540587040510267,-0.9102744496369511
-1.5664254742904264,-0.6991436943324855,-0.3875637434185975,0.17841720172288728
-0.7410231699597307,0.13737010681102854,0.2132089337354711,0.6096244832418821
-0.379004615428724,-1.1490334697373996,-1.4556040583591638,-1.1237434008839784
0.5912051107143744,0.6153779931787504,-0.7440221985300115,-0.696805498389924
-2.174616645902518,-1.9293110489552996,-1.3888515386753784,-0.7992705949884971
-0.5238120372411267,-0.692114166591783,-1.4556040583591638,-0.6434382605781672
-0.8134268808659321,-0.6429074724068713,-0.7213263418375244,0.050335830974670995
-1.1754454353969388,-0.3054901408531843,-0.654573822153739,-0.5900710227664104
0.08437913437096503,0.6997323260671722,-0.7547026016794172,-0.8035399740134376
-0.0893897718039186,0.10925199584822097,-0.7880788615213099,-0.696805498389924
1.286280735413907,1.283183128545421,-0.8668468347481766,-0.48333654714289687
1.286280735413907,0.910618158288226,-0.5878213024699537,-1.0447598889225782
-0.27763942016004167,-0.045397614447218716,-1.4556040583591638,-0.5367037849546537
-0.5238120372411267,-0.17895864152055221,-1.1218414599402369,-0.9102744496369511
1.286280735413907,0.5802303544752414,-0.7213263418375244,-0.7224217725395673
0.2147058140021262,-0.017279503484411138,-1.8561191764618763,-0.05639864464884258
1.286280735413907,1.283183128545421,-0.403584348142706,-1.0447598889225782
1.286280735413907,1.283183128545421,-0.888207641046988,-1.2838451143192486
1.286280735413907,1.1636811569534902,-0.7587077528604443,-1.1237434008839784
-1.3781758259343033,-0.565582667259151,-1.0550889402564514,-0.31469607565774543
-1.1320032088532184,-0.7694389717395034,-1.0550889402564514,-0.8718500384124863
-2.7393655909708876,-1.4513031625875772,-0.7213263418375244,0.8828647408380769
0.764974016889258,0.8965591028068222,-0.9215839008888806,0.15707030659818458
0.6491280794393343,0.3482559390320824,-0.654573822153739,-1.2347472555324324
1.040108118332822,1.0512087131022618,-0.23403294814589107,-0.8291562481630809
-0.1762742248913594,0.0600453016633082,-1.6585317181978714,-0.6711892242402808
1.286280735413907,1.0301201298801568,-1.4556040583591638,-0.9273519657367133
0.8953006965204192,0.9387362692510326,-1.1885939796240224,-1.3372123521310055
0.9097814387016607,1.0441791853615594,-0.3875637434185975,0.6907426847157524
-0.21971645143508184,-0.3265787240752905,-0.654573822153739,-0.05639864464884258
0.4753591732644527,0.8895295750661207,1.0809916896246812,0.797477160339266
-1.2623298884843797,-0.27034250214967537,-0.1539299245253486,0.5519878664051848
-1.928444028821433,-1.254476385847927,-0.7386819969553087,-0.6754586032652213
-1.522983247746706,-0.6429074724068713,-0.5210687827861683,-0.48333654714289687
0.18574432963964732,0.6927027983264697,-0.654573822153739,-0.48333654714289687
-1.1320032088532184,-0.41093305696371124,-0.3875637434185975,0.6267019993416443
0.5043206576269316,0.6786437428450669,-0.3875637434185975,0.4409840117567307
-0.2921201623412832,0.13034057907032615,-0.5210687827861683,-0.46198965201819414
-1.522983247746706,-0.530435028555642,-0.9215839008888806,-0.48333654714289687
0.5043206576269316,0.4044921609576965,-0.5878213024699537,0.37053925784521174
0.44639768890197173,0.4747874383647145,-0.5237388835735197,-0.8739847279249565
-1.4216180524780238,-0.5796417227405547,-0.654573822153739,-0.696805498389924
-0.7410231699597307,-0.12975194733563947,-0.5878213024699537,0.17628251221041702
-1.6533099273778673,-2.4705846849893374,-1.4556040583591638,-0.696805498389924
-0.0025053187164778188,-0.495287389852133,-0.654573822153739,-0.8035399740134376
-0.4948505528786457,-0.8537933046279251,-1.0550889402564514,-0.0777455397735453
0.02645616564600313,-0.17192911377985082,-0.654573822153739,0.050335830974670995
-2.3339048098961603,-1.936340576696001,-1.0550889402564514,-0.2698675958958697
-0.5672542637848471,-0.3617263627787995,-1.0550889402564514,-0.05639864464884258
-1.3492143415718225,-1.4020964684026649,-0.567795546564818,-0.6114179178911132
-1.305772115028102,-1.0576496091082765,-0.7880788615213099,-0.2698675958958697
-0.7265424277784912,-1.254476385847927,-0.3875637434185975,0.050335830974670995
0.4753591732644527,0.5029055493275221,-1.7226141370943053,-0.3766020715193833
-1.5374639899279454,-1.247446858107225,-0.8214551213632025,-0.5900710227664104
-1.522983247746706,-1.2333878026258214,-0.8561664315987709,-0.5367037849546537
-0.379004615428724,-0.3406377795566933,-0.3875637434185975,-0.5900710227664104
-0.24867793579756073,-0.6358779446661689,-0.654573822153739,-0.16313312027235616
-0.7844653965034512,-0.3265787240752905,-0.4543162631023829,0.15707030659818458
-1.1609646932156994,-1.099826775552488,-0.7880788615213099,-0.3232348337076265
1.286280735413907,1.283183128545421,-0.35418748357670476,-1.3051920094439513
1.286280735413907,1.283183128545421,-0.35418748357670476,-1.0170089252604648
-0.7265424277784912,-1.3528897742177521,-1.0550889402564514,-0.48333654714289687
-0.06042828744143766,-0.5374645562963444,-0.3875637434185975,-0.48333654714289687
-0.2341971936163213,-0.5937007782219585,-0.654573822153739,-0.3766020715193833
1.286280735413907,1.283183128545421,0.34671397310304186,-0.9102744496369511
0.11334061873344597,-0.08054525315072769,-0.7880788615213099,-0.696805498389924
-0.842388365228413,-0.10163383637283288,-0.4543162631023829,0.050335830974670995
0.6056858528956138,0.7137913815485759,-0.4943677749126541,-0.48333654714289687
-0.2921201623412832,0.29201971710646824,0.1464564140516857,0.4409840117567307
0.11334061873344597,0.41152168869839795,-0.3875637434185975,0.37053925784521174
-0.8568691074096525,-0.5374645562963444,-0.06715164893642758,-0.32110014419515626
-1.7112328961028291,-1.1420039419966983,-0.5878213024699537,0.011911419750206105
-1.5664254742904264,-0.2000472247426574,-0.3875637434185975,0.2638047822216981
-0.132831998347639,-0.23519486344616639,-0.33416172767156915,-0.2698675958958697
-0.6541387168722899,-0.05242714218792011,-0.5210687827861683,-0.3766020715193833
0.9532236652453812,0.9949724911766477,1.4815068077273936,1.2244150628333204
-1.4650602790217442,-1.395066940661963,-0.8815323890786094,-0.5900710227664104
-0.9871957870408157,-1.570805134179508,-1.0550889402564514,-0.4299693093311401
-0.9003113339533728,-0.7061732220731868,-0.654573822153739,-0.3766020715193833
1.1559540557827437,1.0863563518057708,-0.2540587040510267,-0.3766020715193833
0.3595132358145289,-0.0735157254100253,-1.0550889402564514,-0.3488511078572698
0.764974016889258,0.7770571312148915,-0.22735769617751253,0.8871341198630174
-0.36452387324748453,0.3271673558099772,-1.1044858048224526,-1.1237434008839784
1.1414733136015043,1.212887851138403,-0.9549601607307734,0.15707030659818458
0.7504932747080165,0.8122047699184004,0.2799614534192565,1.4378840140803475
0.4174362045394908,0.8614114641033132,0.2799614534192565,0.6587223420286984
0.30159026708956904,0.5661712989938377,0.2799614534192565,-0.16313312027235616
-0.07490902962267916,-1.134974414255997,-1.0550889402564514,0.5840082090922388
-0.48036981069740625,0.2076653842180465,-1.0550889402564514,-0.8547725223127242
0.5043206576269316,0.7489390202520849,-0.7880788615213099,-0.08841898733589665
1.1993962823264661,1.2410059621012106,1.6150118470949644,-0.2698675958958697
0.30159026708956904,0.643496104141558,-0.5210687827861683,-1.2838451143192486
0.5767243685331329,0.9387362692510326,-0.3875637434185975,-1.3372123521310055
-0.7844653965034512,-4.741122145236018,-0.7213263418375244,-0.6946708088774538
-1.0595994979470171,-0.9943838594419611,-0.654573822153739,-0.696805498389924
1.0690696026953028,1.002002018917349,-1.0550889402564514,-0.2698675958958697
1.286280735413907,1.283183128545421,-0.2540587040510267,1.61506324361538
0.18574432963964732,0.2006358564773441,-0.3875637434185975,0.37053925784521174
0.7215317903455356,0.7278504370299788,-0.1739556804304842,1.0813908654978122
0.33055175145205,0.15845869003313373,-0.1205536646834559,0.5840082090922388
0.8518584699766989,0.7559685479927862,0.42281184554255724,0.2638047822216981
0.6636088216205758,0.6856732705857683,-0.2540587040510267,0.30009450393369275
0.9242621808829002,0.9317067415103312,0.5029148691630997,0.2638047822216981
0.05541765000848408,-0.09460430863213048,-0.8615066331734738,-0.696805498389924
0.547762884170654,0.38340357773559136,-0.5210687827861683,-0.3381776602949184
0.6780895638018152,0.840322880881208,1.4147542880436081,1.6513529653273746
0.8084162434329785,1.0512087131022618,2.015526965197677,1.0109461115862932
-2.5800774269772453,-1.9996063263623174,-1.0550889402564514,-1.089588368684454
-0.7844653965034512,0.27796066162506444,-0.5210687827861683,-0.9102744496369511
1.286280735413907,0.7840866589555938,0.2799614534192565,-0.2698675958958697
-0.0025053187164778188,-1.6059527728830167,-1.5891090977267346,-1.3372123521310055
0.9097814387016607,-0.38281494600090465,-1.7025883811891698,-0.48333654714289687
-0.7555039121409701,-0.6991436943324855,-0.654573822153739,-0.547377232517005
-0.6831002012347688,-0.14381100281704323,-0.7880788615213099,0.15707030659818458
0.5912051107143744,-0.05242714218792011,0.06635339043114322,1.0749867969604012
-0.596215748147328,-0.27737202989037774,-0.7880788615213099,-0.3232348337076265
-0.16179348271011995,0.5802303544752414,-0.654573822153739,-0.696805498389924
-0.6831002012347688,-0.6358779446661689,-0.481017270975897,-0.48333654714289687
-0.6396579746910485,-1.3739783574398574,-1.5891090977267346,-0.9529682398863566
-1.8125980913715114,-0.9732952762198548,-0.8815323890786094,0.797477160339266
-0.03146680307895671,0.3271673558099772,-1.0550889402564514,-0.6434382605781672
-0.7120616855972498,-0.8959704710721355,-1.989624215829447,-0.696805498389924
-0.42244684197244436,0.4536988551426093,-0.1739556804304842,-0.6327648130158159
1.286280735413907,1.283183128545421,-0.7880788615213099,-0.9102744496369511
1.286280735413907,1.283183128545421,-0.654573822153739,-1.2091309813827893
-1.3781758259343033,-1.156062997478102,-0.7880788615213099,0.15707030659818458
-1.2912913728468605,-1.2193287471444176,-0.6879500819956318,0.6032204147044713
-0.596215748147328,-0.79755708270231,-0.7880788615213099,-0.9849885825734107
-0.350043131066243,-0.10163383637283288,-0.654573822153739,-0.05639864464884258
-0.1907549670726009,-0.010249975743709745,-0.2540587040510267,-0.696805498389924
0.22918655618336772,0.26390160614366065,-0.2540587040510267,-1.0170089252604648
0.2147058140021262,-0.017279503484411138,0.5469715321543981,0.15707030659818458
0.9966658917891016,0.7208209092892773,-1.4556040583591638,-1.230477876507492
-0.596215748147328,-0.14381100281704323,-0.2540587040510267,-0.8035399740134376
0.11334061873344597,0.7137913815485759,0.2799614534192565,1.331149538456834
1.286280735413907,0.8262638253998043,-0.18730618436724128,-0.3766020715193833
0.8663392121579383,0.8965591028068222,-1.0550889402564514,-1.3372123521310055
0.8808199543391798,0.8825000473254184,-0.2540587040510267,1.0194848696361742
0.2726287827270881,-0.0664861976693239,-0.654573822153739,-0.05639864464884258
1.286280735413907,0.9317067415103312,1.6150118470949644,1.14329686135945
-1.6098677008341469,-0.4741988066300278,-0.3875637434185975,0.28515167734640084
-1.8560403179152318,-1.1630925252188036,-0.4957028253063298,-0.003031406837085795
-1.276810630665621,-0.4531102234079226,-0.3875637434185975,-0.05639864464884258
1.0690696026953028,1.0652677685836656,-0.5210687827861683,-0.7288258410769781
0.5767243685331329,0.42558074417980174,-0.2540587040510267,-0.7501727362016808
0.18574432963964732,0.3482559390320824,0.07970389436790029,0.37053925784521174
-0.26315867797880227,0.22875396744015167,-0.2540587040510267,-0.05639864464884258
-2.797288559695849,-1.2404173303665238,-0.20733194027237692,-0.16313312027235616
-0.6106964903285674,-0.2141062802240612,-0.1205536646834559,0.050335830974670995
0.15678284527716638,0.7348799647706811,-0.6278728142802249,-0.696805498389924
-0.9003113339533728,-0.4320216401858174,-0.5544450426280609,-0.696805498389924
-1.2188876619406592,-0.4812283343707292,-0.4543162631023829,0.15707030659818458
-0.379004615428724,-1.9503996321774046,-1.322099018991593,-0.2698675958958697
-0.9437535604970952,-0.9873543317012586,-0.654573822153739,-0.16313312027235616
0.2147058140021262,-1.3739783574398574,-1.0550889402564514,-0.21650035808411294
-0.9292728183158537,-0.4390511679265188,-0.7346768457742815,-0.2271738056464643
-1.928444028821433,-2.175344519879862,-1.0550889402564514,-0.696805498389924
-0.7410231699597307,-0.9381476375163459,-0.7880788615213099,-0.48333654714289687
-1.6098677008341469,-1.528627967735297,-0.9215839008888806,0.15707030659818458
-1.769155864827789,-1.5848641896609112,-0.7880788615213099,-0.46198965201819414
-2.4642314895273234,-1.0576496091082765,-0.5277440347545468,-0.5046834422675996
-1.957405513183914,-1.3810078851805592,-0.7506974504983901,-0.6327648130158159
0.12782136091468543,-0.12272241959493806,-1.1218414599402369,-0.6220913654534646
-1.551944732109185,-1.3458602464770502,-0.7880788615213099,-0.696805498389924
-3.043461176776934,-2.1542559366577567,-0.9215839008888806,-0.29548387004551296
-0.20523570925384035,-0.15787005829844702,-0.3875637434185975,-0.2698675958958697
-0.1907549670726009,0.09519294036681718,-0.5210687827861683,-0.1375168461227129
-1.3781758259343033,-1.4020964684026649,-0.654573822153739,-0.015839543911907426
-1.4505795368405048,-2.3299941301753013,-0.4543162631023829,0.797477160339266
1.286280735413907,1.283183128545421,-0.2540587040510267,-1.1237434008839784
1.286280735413907,1.283183128545421,-0.11921861428978019,-0.7864624579136754
-0.7699846543222116,-1.395066940661963,-1.0550889402564514,-0.48333654714289687
-0.42244684197244436,-1.0576496091082765,-0.5744707985331966,-0.48333654714289687
-0.40796609979120496,-0.495287389852133,-0.654573822153739,-0.16313312027235616
1.286280735413907,1.283183128545421,0.34671397310304186,-0.9102744496369511
-0.07490902962267916,-0.03133855896581493,-0.654573822153739,-0.2698675958958697
-0.48036981069740625,-0.03133855896581493,-0.2540587040510267,-0.2698675958958697
0.6346473372580949,0.643496104141558,-0.654573822153739,-0.5580506800793564
-0.24867793579756073,0.3341968835506786,-0.2540587040510267,-0.48333654714289687
-2.1166936771775564,-1.1982401639223124,-0.1539299245253486,-0.14178622514765343
-0.6975809434160103,-0.7413208607766958,-0.5878213024699537,-0.05639864464884258
0.3160710092708085,0.57320082673454,0.11308015420979299,-0.16313312027235616
0.4174362045394908,0.2990492448471696,-0.5370893875102768,-0.16313312027235616
-0.5527735216036076,0.03895671844120302,-0.4543162631023829,0.15707030659818458
0.6780895638018152,0.7419094925113825,1.6150118470949644,0.5840082090922388
-1.305772115028102,-2.2315807418054763,-0.9416096567940163,-0.9102744496369511
-2.0587707084525944,-1.9152519934738956,-0.9456148079750434,-0.48333654714289687
-0.7555039121409701,-0.8748818878500303,-0.654573822153739,-0.2698675958958697
1.1559540557827437,0.8965591028068222,-0.2540587040510267,-1.1237434008839784
0.547762884170654,0.39043310547629273,-0.3875637434185975,1.0813908654978122
1.0256273761515824,0.8332933531405057,0.0129513746841149,1.0792561759853418
0.8808199543391798,0.8895295750661207,-1.0217126804145586,-0.48333654714289687
1.286280735413907,1.283183128545421,-0.888207641046988,0.41963711663202796
0.34503249363328947,0.5380531880310311,0.6604508156168333,1.1048724501349851
0.48983991544569216,0.7067618538078735,0.2799614534192565,0.4601962173689631
0.9387429230641396,1.1144744627685774,0.2799614534192565,0.938366668162304
0.02645616564600313,0.3271673558099772,0.2799614534192565,-0.6541117081405186
0.3160710092708085,-1.528627967735297,-1.161892971750508,-0.48333654714289687
-0.045947545260198216,-0.0032204480030073495,-1.0550889402564514,-0.9102744496369511
0.38847472017700985,0.4888464938461183,-1.0550889402564514,-0.696805498389924
1.286280735413907,1.283183128545421,1.6150118470949644,-0.045725197086491226
0.9097814387016607,1.1004154072871746,-0.5210687827861683,-1.230477876507492
0.09885987655220448,0.5661712989938377,-0.3875637434185975,-1.0170089252604648
-2.5800774269772453,-3.8694607053889944,-2.0897529953551253,0.15707030659818458
0.34503249363328947,-0.3617263627787995,-0.3875637434185975,0.21043754440994136
0.08437913437096503,-0.4741988066300278,0.39077063609434026,0.9575788737745364
-0.24867793579756073,0.2076653842180465,0.1464564140516857,0.18268658074782781
-0.350043131066243,-1.3669488296991559,-0.654573822153739,-0.48333654714289687
0.9966658917891016,1.0441791853615594,-1.0550889402564514,-0.3125613861452752
0.9677044074266206,1.1285335182499812,-0.7880788615213099,1.7474139933885369
0.3160710092708085,0.27796066162506444,-0.3875637434185975,1.0365623857359365
0.6780895638018152,0.7208209092892773,0.2799614534192565,1.8648219165744018
0.02645616564600313,0.0600453016633082,-0.1205536646834559,0.9746563898742986
0.30159026708956904,0.6153779931787504,0.4134664927868273,1.465634977742461
0.5767243685331329,0.6716142151043646,0.2799614534192565,0.2638047822216981
0.7215317903455356,0.8684409918440146,0.725868284906943,-0.16313312027235616
0.02645616564600313,-0.26331297440897394,-0.654573822153739,-0.16313312027235616
-0.4658890685161648,0.0038090797376940455,-0.21400719224075546,-0.2698675958958697
0.9387429230641396,0.8614114641033132,1.6150118470949644,2.1636784483202396
0.9821851496078621,1.1355630459906836,2.4160420833003893,2.078290867821429
0.7360125325267771,0.7419094925113825,-1.0550889402564514,-0.9102744496369511
-0.379004615428724,-0.8819114155907317,-1.2219702394659149,-1.1237434008839784
1.286280735413907,1.283183128545421,-0.7213263418375244,-0.2698675958958697
0.8373777277954594,0.6224075209194517,0.0129513746841149,-0.5217609583673618
-0.06042828744143766,-0.9311181097756445,-1.4556040583591638,-0.2698675958958697
0.1712635874584058,0.38340357773559136,-1.4556040583591638,-0.696805498389924
-2.0008477397276345,-1.3810078851805592,-0.7146510898691459,-0.4299693093311401
0.4753591732644527,0.5029055493275221,-0.7880788615213099,-0.8035399740134376
0.7360125325267771,0.4747874383647145,-0.3875637434185975,0.37053925784521174
-0.0893897718039186,0.27796066162506444,-1.0550889402564514,-0.5900710227664104
0.6346473372580949,0.9668543802138401,-0.654573822153739,-1.1237434008839784
1.286280735413907,0.3482559390320824,-0.654573822153739,-0.3766020715193833
0.9532236652453812,-0.1859881692612546,-1.4556040583591638,-0.21650035808411294
-0.9582343026783348,-0.5374645562963444,-0.7880788615213099,-0.9636416874487079
-1.2044069197594198,0.07410435714471199,-0.5210687827861683,0.37053925784521174
-0.4658890685161648,-1.9152519934738956,-1.989624215829447,0.4964859390809577
1.286280735413907,1.0793268240650684,-0.654573822153739,-0.846233764262843
1.286280735413907,1.0582382408429634,-0.5210687827861683,-1.3372123521310055
-1.4216180524780238,-1.134974414255997,-0.7880788615213099,-0.16313312027235616
-1.6098677008341469,-2.0558425482879317,-0.888207641046988,0.42390649565696853
0.793935501251737,0.4326102719205041,-0.7880788615213099,-0.2698675958958697
0.5043206576269316,0.3341968835506786,-0.5210687827861683,0.37053925784521174
0.6780895638018152,0.29201971710646824,-0.2540587040510267,0.15707030659818458
1.0256273761515824,1.037149657620858,-0.18730618436724128,-1.1237434008839784
-0.6831002012347688,-0.8608228323686266,0.0129513746841149,0.6053551042169416
0.764974016889258,0.7840866589555938,-1.1885939796240224,-1.3372123521310055
0.4319169467207302,0.7278504370299788,-0.9376045056129891,-1.177110638695735
0.5188013998081731,0.17251774551453752,-1.322099018991593,-0.48333654714289687
-0.1762742248913594,0.39043310547629273,-0.2540587040510267,-1.0170089252604648
1.286280735413907,1.283183128545421,0.31066761247379776,1.0109461115862932
0.08437913437096503,0.2568720784029593,0.07970389436790029,-0.46198965201819414
0.5043206576269316,0.7348799647706811,-1.0550889402564514,-1.3372123521310055
1.170434797963985,1.1215039905092798,0.2799614534192565,0.4409840117567307
0.2147058140021262,0.17954727325523892,-0.3875637434185975,-0.05639864464884258
1.286280735413907,1.283183128545421,1.0476154297827887,-0.2698675958958697
0.6056858528956138,0.4677579106240131,0.0129513746841149,0.18909064928523864
-1.9718862553651535,-1.0927972478117856,-0.3875637434185975,-0.05639864464884258
0.06989839218972353,0.2990492448471696,-0.2540587040510267,0.15707030659818458
0.7794547590704975,1.037149657620858,-0.3875637434185975,-0.44918151494337255
0.6780895638018152,0.9879429634359453,-0.020424885157777798,-0.05639864464884258
0.4753591732644527,0.7911161866962952,0.2799614534192565,0.37053925784521174
0.22918655618336772,0.6505256318822593,-0.2540587040510267,-0.318965454682686
0.14230210309592486,-0.010249975743709745,-0.5210687827861683,-0.696805498389924
0.30159026708956904,0.5099350770682235,-0.053801144999670494,-0.397948966644086
0.3160710092708085,0.5802303544752414,-0.5878213024699537,-0.397948966644086
-0.6686194590535294,0.010838607478396439,-0.3875637434185975,-0.05639864464884258
-0.7989461386846926,-0.045397614447218716,-0.3875637434185975,-0.05639864464884258
-0.7844653965034512,-1.9644586876588084,-1.0550889402564514,-0.2698675958958697
-0.6831002012347688,-0.38281494600090465,-0.3875637434185975,-0.6583810871654592
0.5622436263518935,0.17251774551453752,-1.0550889402564514,-0.16313312027235616
-0.14731274052888052,0.15845869003313373,-0.339501929246272,-0.14392091466012372
-1.3781758259343033,-1.5848641896609112,-1.0550889402564514,0.15707030659818458
-2.420789262983601,-1.7816909664005618,-0.3875637434185975,0.13572341147348185
-1.7257136382840685,-2.526820906914952,-0.7880788615213099,-0.48333654714289687
-1.6098677008341469,-0.40390352922300987,-1.0550889402564514,0.2638047822216981
-0.14731274052888052,-0.26331297440897394,-0.5611202945964395,-0.3040226280953941
-1.522983247746706,-0.7553799162580996,-0.5878213024699537,0.302229193446163
-1.5809062164716658,-1.50050985677249,-0.7613778536477958,0.03112362536243855
-1.5953869586529075,-1.0365610258861713,-0.7213263418375244,-0.4513162044558428
-0.03146680307895671,0.0038090797376940455,-1.0550889402564514,-0.9102744496369511
-1.957405513183914,-1.254476385847927,-0.7880788615213099,-0.21650035808411294
-2.160135903721277,-1.732484272215649,-0.46766676703913995,-0.16313312027235616
-0.5817350059660886,-0.41093305696371124,-0.18730618436724128,-0.397948966644086
0.7504932747080165,0.10925199584822097,-0.2540587040510267,-0.05639864464884258
-1.5809062164716658,-0.5374645562963444,-0.5210687827861683,-0.10976588246059937
1.286280735413907,1.2269469066198067,0.0129513746841149,-1.3244042150561839
1.286280735413907,1.283183128545421,0.0129513746841149,-0.9102744496369511
-0.596215748147328,-1.4513031625875772,-0.654573822153739,-0.48333654714289687
-1.0740802401282565,-1.7676319109191578,-0.7880788615213099,-0.05639864464884258
-0.5238120372411267,-1.472391745809683,-0.654573822153739,-0.48333654714289687
1.0980310870577839,1.107444935027876,-1.0550889402564514,-1.1237434008839784
-0.42244684197244436,-0.5093464453335368,-0.5210687827861683,-0.48333654714289687
1.286280735413907,1.283183128545421,0.34671397310304186,-0.8035399740134376
-1.6967521539215875,-0.8397342491465213,-0.535754337116601,-0.9743151350110594
-0.1762742248913594,0.16548821777383513,0.2799614534192565,-0.05639864464884258
0.09885987655220448,0.5661712989938377,-0.3875637434185975,-0.48333654714289687
-0.016986060897717266,0.11628152358892337,-0.1205536646834559,0.6822039266658714
-0.3210816467037621,-0.5023169175928354,-0.5210687827861683,0.08876024219913588
0.05541765000848408,0.42558074417980174,0.13978116208330715,0.15707030659818458
-0.36452387324748453,0.3271673558099772,-0.2540587040510267,-0.045725197086491226
0.24366729836460715,0.3623149945134862,-0.1205536646834559,-0.05639864464884258
0.8953006965204192,0.7629980757334877,2.2825370439328183,1.0963336920851041
-1.3781758259343033,-2.4284075185451264,-0.9215839008888806,0.2638047822216981
-0.5527735216036076,-0.6288484169254674,-0.5210687827861683,-0.21650035808411294
0.793935501251737,0.8051752421776991,-0.18730618436724128,-0.9102744496369511
0.6636088216205758,0.21469491195874787,-0.7547026016794172,-0.16313312027235616
0.793935501251737,0.643496104141558,0.13978116208330715,1.3268801594318933
0.5912051107143744,0.9457657969917349,-1.0283879323829372,-0.05639864464884258
0.9387429230641396,0.9527953247324363,-0.7880788615213099,0.37053925784521174
0.8373777277954594,0.7067618538078735,0.707177579395483,0.5840082090922388
1.0545888605140634,0.9527953247324363,0.8914145337227307,0.37053925784521174
0.34503249363328947,0.8262638253998043,0.9474866502571104,0.37053925784521174
-0.596215748147328,-0.8537933046279251,-0.7213263418375244,-0.05639864464884258
-0.30660090452252264,0.2006358564773441,-0.974985916635909,-1.1237434008839784
0.08437913437096503,0.23578349518085306,-0.654573822153739,-0.48333654714289687
0.5043206576269316,0.9035886305475236,-0.4543162631023829,-1.3372123521310055
0.9966658917891016,1.142592573731385,-0.3208112237348121,-1.0170089252604648
-1.4650602790217442,-4.0733170098693465,-2.657149412667301,0.797477160339266
-0.0893897718039186,-0.045397614447218716,-0.21400719224075546,1.1539703089218014
-0.2341971936163213,-0.2000472247426574,1.3480017683598229,4.28769451322816
-0.36452387324748453,0.17954727325523892,0.2465851935773638,1.2244150628333204
-1.001676529222055,-1.8590157715482816,-0.5023780772747084,-0.48333654714289687
-0.6396579746910485,0.3482559390320824,-0.654573822153739,-1.1152046428340971
0.011975423464763685,-2.0277244373251246,-1.322099018991593,-0.9102744496369511
0.5188013998081731,0.5450827157717324,-0.2540587040510267,-0.2698675958958697
0.8228969856142179,1.0582382408429634,0.3013222597180678,-0.9743151350110594
-0.9437535604970952,-0.3406377795566933,-0.654573822153739,-0.48333654714289687
-0.0893897718039186,-1.1279448865152946,0.13310591011492862,1.4912512518921042
0.48983991544569216,0.0038090797376940455,-0.5971666552256837,-0.8035399740134376
0.8663392121579383,0.8825000473254184,-0.7213263418375244,-0.48333654714289687
0.34503249363328947,0.03895671844120302,-0.7173211906564974,-0.696805498389924
1.286280735413907,1.283183128545421,-0.5210687827861683,-0.696805498389924
0.1712635874584058,0.2006358564773441,-0.3742132394818404,-0.16313312027235616
-0.10387051398515805,-0.8819114155907317,-1.1885939796240224,-0.5367037849546537
0.7504932747080165,0.6856732705857683,-0.9549601607307734,-1.230477876507492
1.286280735413907,1.283183128545421,0.3400387211346633,-0.9102744496369511
0.6636088216205758,0.9809134356952439,0.2799614534192565,-0.2698675958958697
1.040108118332822,1.0441791853615594,-0.3208112237348121,-0.9102744496369511
0.14230210309592486,-0.010249975743709745,-1.2887227591497004,-0.5367037849546537
0.6056858528956138,0.6294370486601542,-0.3875637434185975,-0.8035399740134376
0.6780895638018152,0.4044921609576965,-0.5878213024699537,-0.696805498389924
0.793935501251737,1.0441791853615594,-0.4409657591656258,-1.1023965057592757
1.286280735413907,1.283183128545421,-0.654573822153739,-0.48333654714289687
-1.0740802401282565,-0.4390511679265188,-0.7880788615213099,-0.5900710227664104
-1.1320032088532184,-0.8678523601093279,-0.3875637434185975,-0.2698675958958697
-0.6686194590535294,-1.1841811084409086,-1.505000922925165,0.1250499639111305
-0.9003113339533728,-1.901192937992492,-1.1218414599402369,-0.8035399740134376
0.1712635874584058,-0.3406377795566933,-1.3554752788334858,-0.696805498389924
-1.8994825444589523,-0.7764684994802048,-0.7880788615213099,-0.696805498389924
-1.2623298884843797,-1.4020964684026649,-0.5477697906596825,0.050335830974670995
0.4608784310832112,0.6224075209194517,-0.3875637434185975,0.15707030659818458
0.3739939779957704,0.39043310547629273,-0.2540587040510267,0.41963711663202796
0.5188013998081731,0.5310236602903287,0.2799614534192565,-0.21650035808411294
0.11334061873344597,-0.530435028555642,-0.08183720326686036,0.028988935849968277
1.286280735413907,1.1566516292127889,-1.1552177197821296,-1.1237434008839784
0.764974016889258,0.7419094925113825,-1.0550889402564514,-0.3766020715193833
0.7504932747080165,0.9387362692510326,-0.3208112237348121,1.992903287322618
0.06989839218972353,0.3341968835506786,-0.1205536646834559,0.9042116359627796
0.9097814387016607,0.9738839079545415,0.2799614534192565,1.0109461115862932
-0.0025053187164778188,0.270931133884362,-0.1205536646834559,1.2244150628333204
0.33055175145205,0.5450827157717324,0.2799614534192565,1.8648219165744018
0.3595132358145289,0.5450827157717324,0.2799614534192565,0.37053925784521174
0.5912051107143744,0.27796066162506444,-1.0550889402564514,-0.8675806593875458
1.286280735413907,1.0863563518057708,1.1944709730871164,-0.05639864464884258
-0.7989461386846926,-0.5163759730742382,-0.7747283575845528,-0.24852070077116703
-1.001676529222055,-0.2000472247426574,-0.2540587040510267,0.15707030659818458
0.22918655618336772,0.6364665764008556,0.9474866502571104,1.544618489703861
0.4753591732644527,0.7629980757334877,2.2998926990506026,1.4378840140803475
-0.45140832633492534,0.15845869003313373,-0.5210687827861683,-1.1237434008839784
0.4174362045394908,0.15845869003313373,-1.0550889402564514,-0.49400999470524826
0.5188013998081731,0.3201378280692748,-0.1205536646834559,-0.696805498389924
0.8953006965204192,0.8122047699184004,0.8139816108895397,0.37053925784521174
-0.16179348271011995,0.5802303544752414,0.0129513746841149,-0.9102744496369511
0.5767243685331329,0.4747874383647145,0.2799614534192565,-0.4513162044558428
0.9242621808829002,0.8614114641033132,-1.0550889402564514,-1.3372123521310055
0.9821851496078621,0.9457657969917349,0.2799614534192565,1.2244150628333204
0.38847472017700985,0.09519294036681718,-0.2540587040510267,-0.05639864464884258
0.4753591732644527,0.10925199584822097,1.3920584313511213,1.2244150628333204
-0.5238120372411267,-0.0735157254100253,0.0129513746841149,0.5840082090922388
-1.4216180524780238,-1.2404173303665238,-0.3875637434185975,-0.696805498389924
-0.36452387324748453,-0.2562834466682726,0.0129513746841149,-0.05639864464884258
0.547762884170654,0.6224075209194517,-0.3875637434185975,-0.48333654714289687
0.5043206576269316,0.9035886305475236,0.2799614534192565,0.15707030659818458
0.9097814387016607,0.9949724911766477,0.5469715321543981,0.5840082090922388
0.2147058140021262,0.376374049994889,-0.1205536646834559,-0.696805498389924
-1.0451187557657755,-0.3054901408531843,-0.3742132394818404,-0.9102744496369511
-0.06042828744143766,0.24984255066225686,0.2799614534192565,-0.16313312027235616
1.040108118332822,0.8051752421776991,-0.3875637434185975,-0.9102744496369511
-1.3202528572093415,-0.40390352922300987,-0.2540587040510267,0.10370306878642778
-0.9582343026783348,0.02489766295979923,-0.2540587040510267,-0.4299693093311401
-1.088560982309498,-2.1683149921391602,-1.0550889402564514,-0.2698675958958697
-0.14731274052888052,-0.193017697001956,-0.7747283575845528,-0.6541117081405186
-0.10387051398515805,-0.8678523601093279,-0.7880788615213099,-0.2698675958958697
-0.42244684197244436,-0.13678147507634186,-0.5210687827861683,-0.5900710227664104
-1.0595994979470171,-1.1841811084409086,-1.0550889402564514,0.23178443953464406
-2.6235196535209657,-1.7535728554377545,-0.3875637434185975,-0.48333654714289687
-1.363695083753062,-1.1771515807002073,-0.7880788615213099,-0.18448001539705888
-1.2333684041219006,-0.8537933046279251,-0.3875637434185975,-1.1578984330835027
-0.27763942016004167,-0.6077598337033623,-0.5210687827861683,-0.2698675958958697
-0.132831998347639,0.42558074417980174,0.07970389436790029,0.03966238341231963
-0.6106964903285674,-0.7905275549616085,-0.654573822153739,-0.5687241276417078
-1.3781758259343033,-1.0857677200710842,-0.654573822153739,-0.696805498389924
-1.4795410212029836,-1.0927972478117856,-0.5210687827861683,-0.48333654714289687
-0.5238120372411267,-0.17895864152055221,-0.3875637434185975,-1.1237434008839784
0.011975423464763685,-0.15084053055774563,-0.2553937544447024,0.06100927853702235
0.34503249363328947,0.21469491195874787,-0.1205536646834559,-0.12684339856036153
-0.16179348271011995,-0.2211358079647636,-0.3875637434185975,0.15707030659818458
-0.596215748147328,-1.8379271883261759,-0.5878213024699537,-0.35525517639468057
1.286280735413907,1.283183128545421,0.0129513746841149,-1.3244042150561839
1.286280735413907,1.283183128545421,0.0129513746841149,-1.3799061423804109
1.286280735413907,1.283183128545421,2.54954712266796,0.1399927904984224
-0.9003113339533728,-1.2122992194037163,-0.7880788615213099,0.15707030659818458
0.22918655618336772,-0.9522066929977496,-0.3875637434185975,-0.5900710227664104
-0.45140832633492534,-0.41093305696371124,-0.3875637434185975,-0.4022183456690266
1.286280735413907,1.0933858795464722,0.5469715321543981,-0.696805498389924
-1.551944732109185,-0.924088582034943,-0.3875637434185975,-0.48333654714289687
0.18574432963964732,0.3482559390320824,0.2132089337354711,-0.05639864464884258
0.5622436263518935,0.7911161866962952,-0.2540587040510267,-0.4299693093311401
-0.21971645143508184,0.24281302292155546,0.2799614534192565,0.37053925784521174
-0.9437535604970952,0.2006358564773441,-0.053801144999670494,2.078290867821429
-0.2341971936163213,-0.0735157254100253,-0.5210687827861683,-0.2698675958958697
0.9387429230641396,1.037149657620858,0.2799614534192565,0.5840082090922388
-1.8125980913715114,-0.3898444737416061,0.2799614534192565,0.15707030659818458
-0.36452387324748453,0.3482559390320824,-0.1205536646834559,0.15707030659818458
0.6636088216205758,0.7911161866962952,2.149032004565248,1.0109461115862932
-1.030638013584536,-1.5778346619202097,-0.9215839008888806,-0.2698675958958697
-0.379004615428724,-0.6639960556289765,-0.3875637434185975,-0.2698675958958697
1.286280735413907,0.9668543802138401,-0.053801144999670494,-0.696805498389924
1.286280735413907,0.0600453016633082,0.2799614534192565,2.7186977215625103
0.6346473372580949,0.6505256318822593,0.48021901247061266,1.4378840140803475
0.38847472017700985,0.8473524086219094,-1.0550889402564514,-0.05639864464884258
0.9677044074266206,1.1285335182499812,-0.2540587040510267,1.4378840140803475
0.24366729836460715,0.6224075209194517,1.6150118470949644,1.1817212725839148
0.6925703059830567,0.9949724911766477,0.5843529431773179,-0.3018879385829238
1.286280735413907,1.283183128545421,1.6150118470949644,0.6907426847157524
1.286280735413907,1.002002018917349,0.4134664927868273,-0.2698675958958697
-0.7120616855972498,-2.3510827133974073,-0.654573822153739,-0.696805498389924
-0.40796609979120496,-0.08054525315072769,-0.8481561292367167,-0.7394992886393295
0.6056858528956138,0.5521122435124338,-0.5210687827861683,-0.5900710227664104
1.2138770245077055,1.248035489841912,1.9314187903961073,-0.2549247693085778
0.34503249363328947,0.5169646048089248,-0.577140899320548,-1.230477876507492
1.1125118292390233,1.107444935027876,-0.18730618436724128,-1.262498219194546
-1.2333684041219006,-2.997799265541972,-0.3875637434185975,0.42390649565696853
0.7070510481642962,-0.3336082518159919,-0.14191447098226723,0.727032406427747
0.5188013998081731,0.5450827157717324,1.6150118470949644,10.653338639414509
0.25814804054584867,0.6997323260671722,0.2799614534192565,0.6907426847157524
-0.39348535760996345,-1.0084429149233638,-0.6211975623118464,-0.48333654714289687
-1.1320032088532184,-0.17895864152055221,-0.7613778536477958,-0.696805498389924
-1.4216180524780238,-2.2315807418054763,-0.8548313812050953,-0.6434382605781672
0.02645616564600313,0.36934452225418757,0.0129513746841149,-0.8035399740134376
1.286280735413907,0.9246772137696297,0.8139816108895397,0.797477160339266
0.3739939779957704,0.5239941325496272,-0.9215839008888806,-1.230477876507492
0.9242621808829002,0.9317067415103312,0.4134664927868273,0.5840082090922388
1.286280735413907,1.1004154072871746,0.533621028217641,0.2638047822216981
0.15678284527716638,0.6224075209194517,-0.1739556804304842,-0.6028791598412321
0.20022507182088678,0.7559685479927862,-0.3875637434185975,-0.696805498389924
0.38847472017700985,0.6224075209194517,0.06902349121849463,-0.6754586032652213
1.286280735413907,1.072297296324367,-0.053801144999670494,-0.696805498389924
-0.2921201623412832,-0.5023169175928354,-1.0550889402564514,-0.7608461837640321
0.5912051107143744,0.6153779931787504,0.2465851935773638,0.30649857247110357
0.2726287827270881,0.4677579106240131,-1.0884652000983441,-0.696805498389924
-1.2912913728468605,-0.5937007782219585,-0.3875637434185975,-0.9102744496369511
0.02645616564600313,0.0600453016633082,-0.3875637434185975,-1.0170089252604648
1.286280735413907,1.283183128545421,-0.654573822153739,-1.0789149211221025
-1.6098677008341469,-1.0576496091082765,-0.9215839008888806,-0.8035399740134376
1.286280735413907,1.283183128545421,-0.48769252294427556,-1.0340864413602269
1.040108118332822,1.1636811569534902,-0.5210687827861683,-1.2945185618816
1.286280735413907,0.9879429634359453,0.0129513746841149,-0.40862241420643736
-1.3492143415718225,-0.3125196685938867,-0.654573822153739,-0.7181523935146268
-1.4650602790217442,-1.395066940661963,-1.5557328378848418,0.6907426847157524
-1.79811734919027,-1.8590157715482816,-1.322099018991593,-0.5900710227664104
-0.5817350059660886,-0.08054525315072769,-1.4556040583591638,-0.48333654714289687
-2.0298092240901155,-1.2052696916630148,-0.3875637434185975,-0.05639864464884258
-1.2623298884843797,-0.9943838594419611,-0.1205536646834559,0.797477160339266
0.8518584699766989,0.8543819363626118,-0.3875637434185975,-0.696805498389924
0.30159026708956904,0.09519294036681718,-0.2540587040510267,-0.2698675958958697
0.1712635874584058,0.5239941325496272,0.5469715321543981,1.2244150628333204
-1.5809062164716658,-0.79755708270231,-0.12722891665183444,-0.3766020715193833
0.764974016889258,0.840322880881208,-0.988336420572666,0.37053925784521174
0.9821851496078621,1.1355630459906836,-0.2540587040510267,2.505228770315483
-0.016986060897717266,0.21469491195874787,-0.053801144999670494,1.0109461115862932
0.2726287827270881,0.608348465438049,0.5029148691630997,1.4805778043297528
-0.5817350059660886,-0.03133855896581493,0.1464564140516857,0.37053925784521174
0.44639768890197173,0.57320082673454,0.33069336837893337,0.37053925784521174
0.5767243685331329,0.5942894099566453,0.6804765715219688,0.37053925784521174
0.9966658917891016,1.002002018917349,1.6150118470949644,0.9042116359627796
0.15678284527716638,0.07410435714471199,-0.3875637434185975,0.23178443953464406
0.22918655618336772,0.5942894099566453,-0.3875637434185975,0.30649857247110357
1.1559540557827437,1.1566516292127889,1.4815068077273936,1.6513529653273746
1.0835503448765424,1.0793268240650684,2.349289563616604,1.4378840140803475
-0.5817350059660886,-0.530435028555642,-1.0550889402564514,-0.696805498389924
-0.0025053187164778188,0.10925199584822097,-1.0550889402564514,-1.230477876507492
-0.36452387324748453,0.4818169661054159,-0.4543162631023829,-0.34458172883232924
-0.40796609979120496,-0.8256751936651175,-1.0550889402564514,-0.48333654714289687
-1.001676529222055,-0.10866336411353428,0.2799614534192565,0.028988935849968277
-0.3355623888850036,0.27796066162506444,0.8139816108895397,0.797477160339266
-0.1762742248913594,0.39043310547629273,0.2799614534192565,0.15707030659818458
1.286280735413907,0.7067618538078735,0.1464564140516857,-0.696805498389924
0.7070510481642962,0.4888464938461183,-1.0550889402564514,-1.5506813033780327
0.9387429230641396,0.6716142151043646,0.8206568628579182,1.4378840140803475
0.5912051107143744,-1.0506200813675752,0.0129513746841149,0.6459142049538767
0.9097814387016607,1.1004154072871746,2.149032004565248,-0.16313312027235616
0.011975423464763685,-0.41796258470441366,0.2799614534192565,0.6800692371534011
-0.2921201623412832,-2.6814705172103914,-0.4543162631023829,-0.48333654714289687
0.5622436263518935,0.08816341262611578,0.1464564140516857,-0.05639864464884258
0.6636088216205758,0.36934452225418757,-0.3875637434185975,-0.48333654714289687
0.8808199543391798,0.8895295750661207,0.4134664927868273,0.8359015715637309
0.15678284527716638,0.30607877258787103,0.6804765715219688,0.6267019993416443
1.286280735413907,0.8684409918440146,0.8807341305733251,0.8508443981510228
0.48983991544569216,-0.4671692788893264,0.11975540617817154,0.09302962122407642
-0.132831998347639,-1.634070883845824,-0.4543162631023829,-0.48333654714289687
0.7070510481642962,-0.8256751936651175,0.2799614534192565,0.37053925784521174
-0.045947545260198216,-0.228165335705465,-0.3875637434185975,-0.5367037849546537
0.05541765000848408,-0.8959704710721355,-0.1205536646834559,-0.696805498389924
0.08437913437096503,-1.0014133871826625,0.07970389436790029,0.22538037099723326
-0.10387051398515805,-3.2368032087258327,-1.322099018991593,-0.05639864464884258
-1.0595994979470171,-1.2825944968107341,-0.3875637434185975,-0.696805498389924
0.547762884170654,-1.0576496091082765,-0.6011718064067108,-0.05639864464884258
0.09885987655220448,-1.2825944968107341,0.008946223503087776,-0.3766020715193833
-0.03146680307895671,-2.7095886281731985,-0.4543162631023829,-0.11616995099801018
-0.5672542637848471,-2.6041457120626714,-0.18730618436724128,-0.10976588246059937
0.6780895638018152,-2.2315807418054763,0.08504409594260313,1.0109461115862932
0.793935501251737,-1.261505913588629,-0.5878213024699537,0.15707030659818458
0.7504932747080165,-0.79755708270231,-0.18730618436724128,-0.5900710227664104
-1.0595994979470171,-1.9855472708809137,-0.654573822153739,-0.5900710227664104
0.20022507182088678,-1.0014133871826625,0.0129513746841149,0.5477184873802442
0.6201665950768553,-1.0927972478117856,-0.2540587040510267,-0.696805498389924
-0.3210816467037621,-1.760602383178456,-0.6211975623118464,-0.8035399740134376
0.5188013998081731,0.17251774551453752,-1.0550889402564514,-1.0170089252604648
0.11334061873344597,-2.5408799623963554,-0.728001593805903,-0.40862241420643736
0.6346473372580949,-1.2755649690700324,-0.3208112237348121,-0.9871232720858809
0.18574432963964732,-0.9029999988128369,-0.17929588200518704,0.2638047822216981
-0.5817350059660886,-1.8308976605854739,0.05567298728173756,-0.05639864464884258
0.2147058140021262,-2.3370236579160033,-0.1205536646834559,-1.0170089252604648
0.05541765000848408,-2.0558425482879317,-0.654573822153739,0.797477160339266
1.286280735413907,1.1707106846941926,0.011616324290439193,-1.3244042150561839
1.286280735413907,1.283183128545421,0.0129513746841149,-1.1237434008839784
1.286280735413907,1.283183128545421,1.9487744455138913,0.15707030659818458
-0.10387051398515805,-2.9485925713570595,-0.654573822153739,0.15707030659818458
0.2871095249083276,-1.936340576696001,-0.3875637434185975,-0.5815322647165294
0.34503249363328947,-1.156062997478102,-0.3875637434185975,-0.6327648130158159
1.286280735413907,1.283183128545421,0.5469715321543981,-0.9102744496369511
0.6780895638018152,-2.0136653818437207,-0.3875637434185975,-0.8248868691381404
0.8518584699766989,-0.24925391892757018,0.2799614534192565,-0.05639864464884258
0.6346473372580949,0.3341968835506786,-0.2674092079877838,-0.5900710227664104
-0.016986060897717266,-0.4460806956672202,0.5469715321543981,0.797477160339266
0.02645616564600313,-0.5515236117777471,0.2799614534192565,0.8721912932757255
1.286280735413907,-1.3036830800328394,-0.3875637434185975,-0.4299693093311401
0.8808199543391798,0.7911161866962952,0.7872806030160255,0.5840082090922388
-0.11835125616639956,-1.099826775552488,0.1464564140516857,-0.48333654714289687
0.44639768890197173,-0.8537933046279251,0.0129513746841149,-0.2698675958958697
0.09885987655220448,0.3552854667727838,1.6150118470949644,0.797477160339266
-0.7410231699597307,-2.786913433320918,-0.9215839008888806,-0.3766020715193833
0.2871095249083276,-1.7113956889935438,-0.35018233239567764,-0.2698675958958697
-1.6098677008341469,-2.934533515875656,1.1477442093084667,-0.16313312027235616
1.1849155401452247,0.840322880881208,-0.1205536646834559,-0.8035399740134376
1.286280735413907,-0.24222439118686878,0.44684275262872,0.37053925784521174
0.7504932747080165,-1.0576496091082765,0.48021901247061266,4.2129803802917
0.547762884170654,-0.0735157254100253,0.2799614534192565,1.2244150628333204
-0.03146680307895671,-1.2755649690700324,-0.3875637434185975,3.999511429044673
0.8228969856142179,0.7278504370299788,-0.3875637434185975,1.277782300645077
0.8663392121579383,0.7629980757334877,1.9394290927581614,2.3259148512679806
-0.03146680307895671,0.643496104141558,1.6150118470949644,0.5840082090922388
1.0835503448765424,0.7981457144369967,0.9474866502571104,1.2244150628333204
0.9966658917891016,0.17954727325523892,1.6150118470949644,1.0536399018356986
0.4174362045394908,0.6505256318822593,0.2799614534192565,-0.3766020715193833
-0.11835125616639956,-4.1576713427577685,-0.3875637434185975,-0.696805498389924
0.15678284527716638,-1.0576496091082765,-0.7880788615213099,-0.696805498389924
0.5767243685331329,-0.924088582034943,-0.21400719224075546,-0.05639864464884258
1.286280735413907,1.283183128545421,1.9487744455138913,-0.05639864464884258
0.9097814387016607,0.7348799647706811,-0.3875637434185975,-0.846233764262843
1.0690696026953028,1.072297296324367,-0.2540587040510267,-1.230477876507492
-3.1737878564080955,-4.663797340088297,-0.6879500819956318,-1.2838451143192486
0.2147058140021262,-0.27737202989037774,2.0822794848814623,3.060248043557754
0.3739939779957704,-0.045397614447218716,1.6150118470949644,1.2671088530827257
0.25814804054584867,-2.4002894075823193,-0.7213263418375244,-0.18448001539705888
1.286280735413907,-0.2211358079647636,-0.3875637434185975,-0.696805498389924
0.8663392121579383,-0.7834980272209071,-1.2059496347418064,-1.0703761630722215
0.9532236652453812,0.0038090797376940455,0.2799614534192565,-0.2698675958958697
0.9387429230641396,0.6153779931787504,0.5469715321543981,-0.44064275689349147
0.9097814387016607,-0.8397342491465213,-1.0550889402564514,-1.3372123521310055
1.286280735413907,0.9949724911766477,0.6804765715219688,0.43457994321931986
0.7360125325267771,0.08816341262611578,0.2799614534192565,0.6907426847157524
0.44639768890197173,-0.5515236117777471,-0.06715164893642758,-0.48333654714289687
1.011146633970341,0.2006358564773441,-0.3875637434185975,-0.8569072118251944
0.8663392121579383,-0.3265787240752905,0.4201417447552058,-0.2271738056464643
0.25814804054584867,-1.8519862438075796,0.5469715321543981,1.2671088530827257
-0.1762742248913594,-2.3792008243602143,-1.0550889402564514,-0.48333654714289687
0.6636088216205758,0.0600453016633082,0.5269457762492624,-0.696805498389924
0.5912051107143744,-2.0628720760286336,-1.0550889402564514,-0.41929586176878875
0.6636088216205758,-2.3862303521009163,-0.7880788615213099,-0.696805498389924
0.9821851496078621,-0.9100295265535393,-0.3875637434185975,-0.8035399740134376
1.286280735413907,-0.17895864152055221,-0.053801144999670494,0.5199675237181307
0.5043206576269316,-1.732484272215649,-0.5878213024699537,0.15707030659818458
-1.8125980913715114,-2.730677211395304,-0.7880788615213099,0.08235617366172507
0.1712635874584058,-0.8819114155907317,0.2799614534192565,0.4772737334687253
1.286280735413907,1.283183128545421,-0.18730618436724128,-0.7843277684012052
1.286280735413907,1.283183128545421,-0.5210687827861683,-1.1984575338204377
1.0256273761515824,1.0230906021394544,-0.3875637434185975,-1.1237434008839784
1.286280735413907,0.10925199584822097,-0.3875637434185975,-1.5506813033780327
0.9821851496078621,-0.2141062802240612,-0.3875637434185975,-0.696805498389924
0.7360125325267771,0.875470519584717,-0.18730618436724128,-0.49400999470524826
0.3160710092708085,-2.3089055469531963,-0.8214551213632025,0.01831548828761692
0.5188013998081731,-2.969681154579165,-0.2540587040510267,-0.3766020715193833
-0.7410231699597307,-1.0576496091082765,-1.65586161741052,-0.6541117081405186
-0.7844653965034512,-3.06809454294899,-1.322099018991593,-0.696805498389924
1.0545888605140634,0.9457657969917349,-0.3875637434185975,-0.696805498389924
-1.0451187557657755,-2.5689980733591624,-1.5891090977267346,0.37053925784521174
0.011975423464763685,-3.2649213196886406,0.17449247231887557,1.6726998604520773
1.286280735413907,-3.0821535984303936,-0.053801144999670494,0.797477160339266
0.5622436263518935,-1.9996063263623174,-0.3875637434185975,-0.8035399740134376
-0.26315867797880227,-1.6059527728830167,-0.2540587040510267,-0.05639864464884258
1.0835503448765424,0.57320082673454,1.6150118470949644,0.37053925784521174
0.3739939779957704,-0.9381476375163459,-0.1205536646834559,0.15707030659818458
0.5188013998081731,0.2990492448471696,-0.9215839008888806,0.37053925784521174
0.7504932747080165,0.30607877258787103,-0.061811447361724746,1.61506324361538
0.6780895638018152,-0.9381476375163459,0.07970389436790029,0.7120895798404552
0.9242621808829002,-0.2141062802240612,0.2799614534192565,1.2244150628333204
0.05541765000848408,-0.7905275549616085,0.0129513746841149,0.5840082090922388
0.5188013998081731,0.08113388488541438,0.2799614534192565,1.6833733080144286
0.2871095249083276,0.15142916229243233,1.0035587667914903,1.2244150628333204
0.3160710092708085,0.8122047699184004,1.6150118470949644,0.19122533879770892
-0.1762742248913594,-2.0347539650658266,-0.3875637434185975,-0.05639864464884258
-0.07490902962267916,-1.134974414255997,-0.3742132394818404,0.30649857247110357
0.6346473372580949,0.6575551596229607,1.0649710849005727,1.6513529653273746
0.8518584699766989,0.9668543802138401,1.6150118470949644,0.8721912932757255
1.286280735413907,0.4536988551426093,-1.0550889402564514,-1.089588368684454
-0.07490902962267916,-4.1576713427577685,-1.1218414599402369,-0.3766020715193833
0.8953006965204192,0.5239941325496272,-0.3875637434185975,-1.3265389045686542
0.5043206576269316,-0.0032204480030073495,-1.0550889402564514,-1.7641502546250598
1.286280735413907,-2.2315807418054763,-0.837475726087311,1.685507997526899
0.14230210309592486,-2.140196881176353,-1.1885939796240224,-0.12043933002295072
-0.45140832633492534,-3.2157146255037277,-0.8081046174264455,-0.5900710227664104
0.5043206576269316,0.02489766295979923,0.0129513746841149,-0.3766020715193833
0.5912051107143744,-0.3265787240752905,0.2799614534192565,0.7441099225275092
0.8373777277954594,0.2568720784029593,0.9474866502571104,0.37053925784521174
1.286280735413907,0.9738839079545415,0.0129513746841149,-0.547377232517005
0.9532236652453812,0.7911161866962952,-0.5210687827861683,-0.9102744496369511
1.170434797963985,1.0160610743987528,0.9474866502571104,2.842509713285786
0.7360125325267771,0.24281302292155546,0.2799614534192565,1.0109461115862932
0.38847472017700985,0.4044921609576965,3.3505773588733847,4.586551044973998
0.4753591732644527,0.39043310547629273,0.908770188840515,0.8145546764390282
-0.03146680307895671,-0.41796258470441366,-0.3875637434185975,-0.5900710227664104
-0.0025053187164778188,0.21469491195874787,-0.06715164893642758,-0.2698675958958697
0.9532236652453812,0.7208209092892773,-0.33416172767156915,-0.9102744496369511
0.6780895638018152,0.5521122435124338,0.9474866502571104,0.37053925784521174
0.8518584699766989,0.6505256318822593,1.3480017683598229,0.9042116359627796
-0.03146680307895671,0.643496104141558,1.0582958329321943,-0.9743151350110594
0.40295546235825136,0.4818169661054159,0.2799614534192565,-0.05639864464884258
0.793935501251737,0.3131083003285734,-0.3875637434185975,-0.9102744496369511
0.6636088216205758,0.4818169661054159,0.5469715321543981,0.15707030659818458
0.7504932747080165,0.08816341262611578,-0.18730618436724128,-0.696805498389924
0.4174362045394908,0.30607877258787103,0.0129513746841149,0.007642040725265562
-0.7120616855972498,-2.4705846849893374,-1.0550889402564514,0.42390649565696853
-0.596215748147328,-0.6499370001475727,-0.654573822153739,-0.4897406156803077
0.8373777277954594,-0.0664861976693239,-0.3875637434185975,0.24886195563440625
0.34503249363328947,0.4607283828833107,-0.18730618436724128,-0.2698675958958697
0.6346473372580949,-1.2333878026258214,-0.3875637434185975,-0.48333654714289687
-1.2912913728468605,-1.0576496091082765,-0.1539299245253486,-0.696805498389924
0.25814804054584867,-0.4741988066300278,-0.18730618436724128,-0.20582691052176158
-0.5672542637848471,-0.8116161381837137,-0.654573822153739,0.050335830974670995
-0.379004615428724,-1.690307105771438,-0.5210687827861683,1.576638832390915
0.09885987655220448,-0.6991436943324855,-0.5878213024699537,-0.696805498389924
-1.1320032088532184,-0.3265787240752905,0.01829157625881773,0.4217718061444982
0.02645616564600313,-0.8537933046279251,-0.3875637434185975,-0.18448001539705888
0.8228969856142179,-0.0032204480030073495,-0.3875637434185975,-0.6114179178911132
-0.03146680307895671,-0.3125196685938867,-0.9215839008888806,-0.8889275545122485
-0.132831998347639,-0.5163759730742382,-0.5210687827861683,-0.48333654714289687
1.286280735413907,0.6716142151043646,0.2132089337354711,-0.05639864464884258
-0.016986060897717266,-0.4320216401858174,0.020961677046169146,0.37053925784521174
-0.9582343026783348,-0.8959704710721355,-0.2540587040510267,-0.44918151494337255
-0.7120616855972498,-1.8519862438075796,-0.654573822153739,-0.6541117081405186
1.286280735413907,1.283183128545421,-0.013749633189399259,-1.3372123521310055
1.286280735413907,1.283183128545421,0.15179661562638852,-1.1813800177206757
1.286280735413907,1.283183128545421,2.2825370439328183,-0.48333654714289687
0.040936907827244635,-0.8256751936651175,-0.7880788615213099,0.9042116359627796
-0.3355623888850036,-0.9451771652570482,-0.18730618436724128,-0.5196262688548915
0.20022507182088678,-0.24925391892757018,-0.2540587040510267,-0.2698675958958697
1.286280735413907,1.283183128545421,0.5469715321543981,-0.9102744496369511
0.4753591732644527,0.10925199584822097,-0.2540587040510267,-0.2698675958958697
0.040936907827244635,0.21469491195874787,0.0129513746841149,-0.2698675958958697
0.8953006965204192,1.0933858795464722,-0.1205536646834559,-0.48333654714289687
0.5767243685331329,0.7911161866962952,0.48021901247061266,-0.3766020715193833
-0.2341971936163213,-0.9381476375163459,0.9474866502571104,0.15707030659818458
0.8663392121579383,0.4818169661054159,-0.3875637434185975,-0.48333654714289687
0.8084162434329785,0.7067618538078735,0.9474866502571104,0.15707030659818458
0.08437913437096503,0.4044921609576965,0.14111621247698286,-0.48333654714289687
0.48983991544569216,0.5450827157717324,0.11308015420979299,0.4772737334687253
0.7794547590704975,0.8262638253998043,2.4160420833003893,1.4378840140803475
-1.2623298884843797,-1.7465433276970528,-0.35151738278935335,0.15707030659818458
0.15678284527716638,-0.36875589051950086,-0.2540587040510267,-0.48333654714289687
1.286280735413907,1.283183128545421,0.9474866502571104,0.37053925784521174
0.6925703059830567,0.7137913815485759,0.1664821699568213,-0.5601853695918266
0.9532236652453812,0.9527953247324363,1.3480017683598229,0.797477160339266
0.5188013998081731,-0.010249975743709745,-0.1205536646834559,7.841952551491162
1.011146633970341,0.8262638253998043,0.7432239400247271,1.4378840140803475
1.286280735413907,1.283183128545421,-0.5210687827861683,-0.19088408393446968
0.8518584699766989,1.0230906021394544,-0.3875637434185975,1.2244150628333204
1.1559540557827437,1.0301201298801568,2.9500622407706723,2.291759819068456
1.286280735413907,1.283183128545421,2.149032004565248,0.7868037127769146
0.9242621808829002,1.0160610743987528,1.6150118470949644,0.15707030659818458
1.286280735413907,1.283183128545421,2.149032004565248,1.06431334939805
0.9532236652453812,1.0441791853615594,0.2799614534192565,0.028988935849968277
-0.5238120372411267,-0.4741988066300278,0.0463276345260076,0.4772737334687253
0.2871095249083276,0.7278504370299788,-0.3875637434185975,-0.696805498389924
0.48983991544569216,0.045986246181905416,-0.1205536646834559,-0.48333654714289687
0.7360125325267771,0.8122047699184004,-0.3208112237348121,-0.9102744496369511
0.9821851496078621,1.0582382408429634,-0.053801144999670494,-0.9102744496369511
-1.2623298884843797,-3.2649213196886406,-0.9215839008888806,-0.3018879385829238
-0.40796609979120496,-0.7694389717395034,0.2799614534192565,1.4378840140803475
0.5043206576269316,0.14439963455172994,0.9474866502571104,2.1850253434449427
0.9097814387016607,0.6645846873636632,2.149032004565248,1.8648219165744018
0.9097814387016607,-0.010249975743709745,-0.18730618436724128,0.14853154854830347
1.286280735413907,-0.017279503484411138,-0.654573822153739,-1.1237434008839784
-1.6098677008341469,-1.296653552292138,-0.7880788615213099,-0.34458172883232924
-0.42244684197244436,0.24984255066225686,0.2799614534192565,0.9426360471872445
0.5767243685331329,0.7700276034741901,1.0809916896246812,0.10370306878642778
0.9532236652453812,0.3552854667727838,-0.5210687827861683,-1.2091309813827893
1.286280735413907,1.1566516292127889,1.548259327411179,0.25740071368428735
1.286280735413907,1.142592573731385,1.6150118470949644,0.17841720172288728
1.286280735413907,0.6997323260671722,-0.654573822153739,1.4378840140803475
1.040108118332822,0.4326102719205041,-0.2540587040510267,-0.2698675958958697
0.9966658917891016,1.0090315466580504,-0.14725467255697006,-0.8035399740134376
0.7504932747080165,0.5029055493275221,-0.1205536646834559,-0.1311127775853021
0.9242621808829002,0.22875396744015167,0.2799614534192565,-0.3766020715193833
0.7215317903455356,-0.10163383637283288,-1.0550889402564514,-0.2698675958958697
1.286280735413907,1.283183128545421,-0.1205536646834559,-0.6434382605781672
1.286280735413907,1.1636811569534902,-0.3875637434185975,-1.145090296008681
1.286280735413907,1.283183128545421,-0.3875637434185975,-0.696805498389924
1.286280735413907,0.9387362692510326,0.7739300990792685,0.797477160339266
0.764974016889258,0.5169646048089248,-0.654573822153739,-0.696805498389924
-1.7257136382840685,-1.2333878026258214,-0.1205536646834559,0.050335830974670995
1.040108118332822,0.1936063287366427,-0.2540587040510267,-1.0170089252604648
1.286280735413907,0.6153779931787504,-0.053801144999670494,0.050335830974670995
0.33055175145205,0.5942894099566453,-0.18730618436724128,-0.9102744496369511
1.286280735413907,0.9809134356952439,-0.5210687827861683,-0.48333654714289687
-1.2623298884843797,-0.7834980272209071,-0.3208112237348121,-0.696805498389924
0.9821851496078621,1.0582382408429634,-0.35418748357670476,-0.9102744496369511
0.24366729836460715,0.7770571312148915,-0.1539299245253486,-0.8398296957254322
1.040108118332822,0.3271673558099772,-0.1205536646834559,-0.397948966644086
0.6636088216205758,0.36934452225418757,-0.3114658709790821,-0.7715196313263836
-1.3926565681155427,-0.5374645562963444,-0.1205536646834559,0.4025596005322658
0.11334061873344597,-0.9873543317012586,-1.4556040583591638,-0.48333654714289687
0.4753591732644527,-1.5778346619202097,-1.0550889402564514,-0.696805498389924
0.4608784310832112,-1.1279448865152946,-1.0550889402564514,-0.48333654714289687
0.6346473372580949,0.0038090797376940455,0.07970389436790029,0.5840082090922388
1.0980310870577839,0.7911161866962952,-0.5210687827861683,-0.05639864464884258
0.9821851496078621,0.7629980757334877,0.07970389436790029,1.0109461115862932
0.793935501251737,0.2990492448471696,0.2799614534192565,0.6907426847157524
0.793935501251737,0.6013189376973466,0.9207856423835963,0.8892688093754877
0.09885987655220448,0.12331105132962475,0.8607083746681894,1.331149538456834
0.4319169467207302,0.6645846873636632,1.4815068077273936,1.6919120660643099
1.0256273761515824,0.9035886305475236,1.6150118470949644,0.6907426847157524
0.9097814387016607,0.8332933531405057,2.0822794848814623,0.014046109262676377
0.4319169467207302,-0.3265787240752905,-0.2540587040510267,-0.03505174952413987
0.8373777277954594,0.3131083003285734,-0.03644548988188629,0.6907426847157524
1.286280735413907,1.1636811569534902,2.4160420833003893,1.4378840140803475
1.286280735413907,1.1988287956569992,2.6830521620355308,0.3171720200334549
0.2726287827270881,0.4677579106240131,-1.0550889402564514,-1.1237434008839784
0.6491280794393343,-0.05945666992862151,-0.7880788615213099,-0.696805498389924
0.5188013998081731,0.3552854667727838,-0.3475122316083262,-1.3799061423804109
1.0835503448765424,0.5099350770682235,-0.7880788615213099,-0.9102744496369511
0.34503249363328947,0.15142916229243233,0.0129513746841149,1.544618489703861
-0.9727150448595742,-1.7887204941412636,-0.3875637434185975,0.4772737334687253
0.18574432963964732,-1.2755649690700324,-0.6879500819956318,-0.09909243489824801
0.9097814387016607,-0.15787005829844702,-0.654573822153739,-0.7501727362016808
1.040108118332822,1.0512087131022618,1.3480017683598229,0.4004249110197955
-0.1762742248913594,0.26390160614366065,0.2799614534192565,-0.16313312027235616
0.6346473372580949,0.643496104141558,1.2144967289922521,0.5840082090922388
0.793935501251737,0.5591417712531362,0.11308015420979299,-0.12043933002295072
-0.379004615428724,-0.3406377795566933,-0.1205536646834559,-0.696805498389924
-0.5238120372411267,-0.5163759730742382,0.2799614534192565,0.13572341147348185
0.1712635874584058,-0.045397614447218716,0.00627612271573636,0.050335830974670995
1.286280735413907,1.283183128545421,0.5469715321543981,-0.9102744496369511
0.8953006965204192,0.9035886305475236,3.4840823982409557,1.0109461115862932
-0.8568691074096525,-1.3177421355142431,-0.2540587040510267,-0.696805498389924
-0.07490902962267916,-0.11569289185423666,0.07970389436790029,0.37053925784521174
1.0545888605140634,0.9387362692510326,0.2799614534192565,-0.696805498389924
0.4319169467207302,-0.36875589051950086,-0.1205536646834559,0.2638047822216981
0.8228969856142179,1.0582382408429634,2.2825370439328183,1.3781127077311799
-0.4658890685161648,-0.2070767524833598,1.7485168864625353,4.639918282785755
0.8663392121579383,0.9809134356952439,1.2091565274175493,2.3728780205423265
0.3160710092708085,0.8122047699184004,0.0129513746841149,2.7186977215625103
1.1849155401452247,1.1355630459906836,0.2799614534192565,1.2244150628333204
1.1414733136015043,0.9387362692510326,0.07970389436790029,-0.05639864464884258
0.8228969856142179,1.0090315466580504,3.751092476976097,3.0218236323332888
0.5043206576269316,0.6575551596229607,2.2825370439328183,1.8114546787626449
0.6056858528956138,0.7911161866962952,2.2825370439328183,1.331149538456834
0.7360125325267771,0.9457657969917349,2.2825370439328183,1.6513529653273746
0.8808199543391798,0.6927027983264697,0.2799614534192565,1.4378840140803475
0.793935501251737,0.9668543802138401,1.1811204691503594,0.545583797867774
0.38847472017700985,0.5029055493275221,0.2799614534192565,-0.2698675958958697
0.15678284527716638,0.6294370486601542,1.3480017683598229,0.6267019993416443
1.286280735413907,1.283183128545421,0.8807341305733251,0.19976409684759
-0.5817350059660886,0.15142916229243233,0.5469715321543981,0.6907426847157524
0.25814804054584867,0.7840866589555938,1.6150118470949644,1.1390274823345095
0.25814804054584867,0.376374049994889,0.9474866502571104,0.6907426847157524
0.7360125325267771,0.7137913815485759,0.9808629100990032,0.797477160339266
0.7070510481642962,0.7208209092892773,0.8139816108895397,-0.05639864464884258
-3.5358064109391023,-2.702559100432497,0.9474866502571104,0.37053925784521174
1.0545888605140634,0.7208209092892773,-0.31413597176643354,-0.7394992886393295
0.5332821419894125,0.6716142151043646,-0.2540587040510267,-1.0703761630722215
1.286280735413907,1.212887851138403,0.07970389436790029,-1.0170089252604648
-0.7844653965034512,-3.7358996783156604,-0.2674092079877838,-0.43423868835608065
-0.5527735216036076,-0.08757478089142909,1.0809916896246812,2.9321666728095375
0.7504932747080165,0.5029055493275221,3.0007941557303495,7.841952551491162
0.48983991544569216,0.7700276034741901,2.9500622407706723,1.4378840140803475
0.11334061873344597,-0.23519486344616639,0.0129513746841149,-0.696805498389924
1.040108118332822,1.1144744627685774,-0.2540587040510267,-0.2698675958958697
0.9966658917891016,1.0652677685836656,1.5375789242617734,2.6397142096011104
0.48983991544569216,0.3341968835506786,0.2999872093243921,0.797477160339266
1.286280735413907,1.283183128545421,3.617587437608526,1.4378840140803475
0.4174362045394908,0.7911161866962952,1.6150118470949644,1.0963336920851041
0.40295546235825136,0.643496104141558,0.5469715321543981,1.7580874409508882
0.793935501251737,0.8122047699184004,1.3480017683598229,0.5242369027430712
0.06989839218972353,0.4677579106240131,-0.18730618436724128,-0.7501727362016808
-0.596215748147328,0.24281302292155546,2.0088517132292982,1.8968422592614558
0.4174362045394908,0.6997323260671722,2.2825370439328183,1.4805778043297528
-0.42244684197244436,0.045986246181905416,2.449418343142282,3.572573526550619
1.286280735413907,1.283183128545421,1.6150118470949644,0.6160285517792929
0.18574432963964732,0.5942894099566453,1.0249195730903016,0.15707030659818458
0.34503249363328947,0.6013189376973466,0.1464564140516857,-0.05639864464884258
0.6056858528956138,0.8473524086219094,1.548259327411179,0.37053925784521174
0.8084162434329785,0.9387362692510326,-0.06715164893642758,-0.5687241276417078
0.547762884170654,0.7629980757334877,0.9474866502571104,0.797477160339266
0.5622436263518935,0.6716142151043646,0.9474866502571104,0.4900818705435469
-0.2341971936163213,-1.3036830800328394,-0.7880788615213099,-0.48333654714289687
0.09885987655220448,-0.7905275549616085,-0.2540587040510267,0.2744782297840495
0.44639768890197173,-0.14381100281704323,-0.3875637434185975,0.37053925784521174
-0.350043131066243,-0.0032204480030073495,0.2799614534192565,0.2638047822216981
0.547762884170654,-0.3195491963345881,-0.056471245787021916,0.37053925784521174
-0.6686194590535294,-0.0664861976693239,0.2799614534192565,-0.16313312027235616
-0.4658890685161648,-1.0576496091082765,0.6417601101053734,0.5840082090922388
0.4319169467207302,-0.6499370001475727,-0.3875637434185975,-0.35525517639468057
-1.8560403179152318,-0.8537933046279251,-0.4543162631023829,-0.2698675958958697
-1.6388291851966277,-0.8467637768872227,-0.16327527728107855,-0.23784725320881567
0.9821851496078621,0.9809134356952439,0.44417265184136856,0.050335830974670995
0.25814804054584867,0.376374049994889,0.0129513746841149,-0.16313312027235616
0.40295546235825136,0.10222246810751957,-0.2540587040510267,-0.2698675958958697
-2.855211528420809,-2.2315807418054763,0.34671397310304186,-0.48333654714289687
1.286280735413907,0.5802303544752414,-0.8214551213632025,-1.2945185618816
-0.045947545260198216,0.15845869003313373,-0.1205536646834559,-0.05639864464884258
1.286280735413907,0.43963979966120553,0.31066761247379776,1.1368927928220391
-0.6686194590535294,-0.16489958603914842,0.6804765715219688,0.372673947357682
0.05541765000848408,0.2076653842180465,0.2799614534192565,0.1399927904984224
1.286280735413907,1.283183128545421,0.4521829542034228,-0.5900710227664104
1.286280735413907,1.283183128545421,0.6804765715219688,-0.7608461837640321
1.286280735413907,-0.5163759730742382,-0.5878213024699537,0.5114287656682497
1.286280735413907,1.283183128545421,2.4160420833003893,-0.05426395513637231
1.011146633970341,1.0090315466580504,0.0463276345260076,0.37053925784521174
1.286280735413907,1.142592573731385,0.3133377132611492,2.291759819068456
0.4608784310832112,0.3341968835506786,0.8139816108895397,1.4378840140803475
0.9097814387016607,0.7981457144369967,1.3480017683598229,2.5778082137394724
0.8808199543391798,0.57320082673454,0.9474866502571104,0.797477160339266
1.286280735413907,1.1847697401755954,0.9474866502571104,1.670565170939607
0.5767243685331329,0.8192342976591028,2.149032004565248,1.3653045706563582
0.7070510481642962,0.8895295750661207,2.466773998260066,1.6513529653273746
0.040936907827244635,0.10925199584822097,0.2799614534192565,0.5840082090922388
0.4608784310832112,0.4818169661054159,0.7018373778207802,0.5946816566545903
0.4319169467207302,0.6575551596229607,3.4507061383990627,1.0109461115862932
0.18574432963964732,0.7489390202520849,3.4840823982409557,0.37053925784521174
0.011975423464763685,0.3552854667727838,1.868671421893349,2.505228770315483
0.547762884170654,0.7419094925113825,0.5469715321543981,0.5840082090922388
-0.2341971936163213,0.2990492448471696,0.9474866502571104,1.0109461115862932
-0.07490902962267916,0.22172443969945027,0.4134664927868273,-0.48333654714289687
-0.4369275841536859,-0.14381100281704323,-0.7880788615213099,-1.0426251994101081
0.38847472017700985,-0.4741988066300278,-0.2700793087751352,-0.16313312027235616
0.11334061873344597,-0.08054525315072769,-0.20065668830399838,-1.4652937228792218
0.764974016889258,0.9035886305475236,-0.2540587040510267,-1.4161958640924055
0.2726287827270881,0.2990492448471696,1.1610947132452238,0.37053925784521174
0.8808199543391798,0.30607877258787103,0.2799614534192565,1.331149538456834
-0.5672542637848471,-0.4320216401858174,-0.2540587040510267,0.11437651634877914
1.0545888605140634,0.6224075209194517,-0.3875637434185975,-0.48333654714289687
-3.3620375047642184,-1.4794212735503842,-0.2540587040510267,0.050335830974670995
-2.0298092240901155,-1.9293110489552996,-0.3875637434185975,-0.003031406837085795
-0.07490902962267916,0.18657680099594132,0.9341361463203534,0.2638047822216981
1.286280735413907,0.9738839079545415,2.2825370439328183,2.4113024317667913
0.09885987655220448,0.7067618538078735,-0.2540587040510267,-0.9102744496369511
0.9966658917891016,1.002002018917349,1.3480017683598229,1.1112765186723959
1.011146633970341,1.1496221014720864,1.882021925830106,0.5882775881171795
0.011975423464763685,0.24984255066225686,0.8139816108895397,2.291759819068456
0.793935501251737,0.6856732705857683,0.21988418570384963,-0.0628027131862534
1.286280735413907,1.1144744627685774,-0.020424885157777798,-0.7715196313263836
0.3160710092708085,0.8122047699184004,0.2799614534192565,0.5840082090922388
-1.4071373102967824,-1.1701220529595058,1.1984761242681436,-0.12684339856036153
0.6346473372580949,0.5802303544752414,-0.654573822153739,-0.18448001539705888
-0.16179348271011995,-0.12272241959493806,0.25326044554574234,0.0802214841492548
1.286280735413907,1.283183128545421,0.0129513746841149,-1.0383558203851675
0.8663392121579383,0.9809134356952439,-0.16194022688740284,-1.1237434008839784
-0.03146680307895671,0.643496104141558,-0.020424885157777798,-0.5687241276417078
0.22918655618336772,0.7700276034741901,1.3480017683598229,0.21257223392241162
0.30159026708956904,0.0038090797376940455,-0.654573822153739,-0.5900710227664104
-1.6533099273778673,-0.8045866104430124,0.4134664927868273,0.08235617366172507
-0.6831002012347688,0.2076653842180465,0.4134664927868273,-0.03505174952413987
0.34503249363328947,0.8262638253998043,0.1464564140516857,-0.3766020715193833
-0.379004615428724,-0.10163383637283288,0.4134664927868273,-0.0777455397735453
1.286280735413907,1.283183128545421,0.2799614534192565,2.1850253434449427
-0.0893897718039186,0.27796066162506444,-0.1539299245253486,-0.9102744496369511
1.011146633970341,1.1496221014720864,-0.1552649749190243,-1.0170089252604648
-2.4352700051648424,-1.324771663254945,0.5469715321543981,0.15707030659818458
-0.14731274052888052,0.39043310547629273,0.0129513746841149,-0.48333654714289687
-1.1899261775781782,-0.29143108537178153,0.2799614534192565,-0.2698675958958697
0.011975423464763685,0.3552854667727838,1.6150118470949644,-0.2698675958958697
1.0835503448765424,0.4677579106240131,0.0129513746841149,-0.48333654714289687
0.4319169467207302,0.24984255066225686,0.2132089337354711,-0.2698675958958697
0.5622436263518935,0.22875396744015167,0.6537755636484547,-0.05639864464884258
-0.2341971936163213,-0.2000472247426574,-0.988336420572666,0.797477160339266
-0.0893897718039186,0.27796066162506444,1.0289247242713286,0.9960032849990013
-1.6098677008341469,-1.1068563032931893,-0.06047639696804904,1.6513529653273746
-0.596215748147328,-0.5444940840370457,0.29064185656866215,0.37053925784521174
-0.30660090452252264,-0.05242714218792011,0.2999872093243921,-0.09909243489824801
1.286280735413907,1.283183128545421,1.014239169940896,-0.8035399740134376
0.8518584699766989,1.072297296324367,4.285112634446381,0.5840082090922388
-0.45140832633492534,-0.7553799162580996,0.6137240518381835,0.6907426847157524
-0.16179348271011995,0.017868135219097834,0.2799614534192565,0.15707030659818458
0.8518584699766989,0.7911161866962952,0.1464564140516857,-0.5367037849546537
-1.1754454353969388,-0.12272241959493806,1.6150118470949644,0.37053925784521174
-0.45140832633492534,-0.26331297440897394,1.8379652628388077,5.54289194656068
0.5622436263518935,0.6505256318822593,1.3480017683598229,2.078290867821429
0.12782136091468543,-0.3336082518159919,-0.2540587040510267,-1.1237434008839784
0.8518584699766989,0.8614114641033132,0.5469715321543981,2.1850253434449427
0.12782136091468543,0.36934452225418757,0.2799614534192565,-0.2698675958958697
0.12782136091468543,0.7208209092892773,3.3946340218646833,2.9321666728095375
-0.16179348271011995,0.5802303544752414,2.2825370439328183,0.8188240554639687
-0.016986060897717266,0.6505256318822593,2.2825370439328183,0.37053925784521174
0.4174362045394908,0.7911161866962952,2.2825370439328183,1.6513529653273746
-0.45140832633492534,-0.05242714218792011,0.4134664927868273,0.0716827260993737
-0.7410231699597307,-0.05242714218792011,0.8206568628579182,-0.14178622514765343
0.4174362045394908,0.43963979966120553,0.2799614534192565,-0.2698675958958697
0.12782136091468543,0.5802303544752414,1.3480017683598229,0.3918861529699144
-1.8994825444589523,-0.26331297440897394,0.9474866502571104,0.797477160339266
-2.044289966271355,-0.5444940840370457,0.6043786990824536,-0.29548387004551296
0.5622436263518935,0.9317067415103312,1.0809916896246812,-0.24852070077116703
-1.1754454353969388,-0.40390352922300987,0.7418888896310515,-0.2698675958958697
-0.30660090452252264,0.43963979966120553,0.9341361463203534,0.40469429004473606
0.4174362045394908,0.8614114641033132,-0.4543162631023829,-1.443946827754519
-0.7410231699597307,-0.7553799162580996,0.2799614534192565,0.15707030659818458
-0.596215748147328,0.15845869003313373,0.08637914633627884,-0.37873676103185355
0.9966658917891016,0.9317067415103312,0.07970389436790029,-0.2698675958958697
0.9966658917891016,1.072297296324367,0.2799614534192565,-0.5900710227664104
-2.913134497145771,-2.2315807418054763,0.2799614534192565,0.5840082090922388
-0.016986060897717266,0.22875396744015167,0.6137240518381835,1.7580874409508882
-1.1754454353969388,0.08816341262611578,1.0809916896246812,3.085864317707397
-0.16179348271011995,0.2990492448471696,2.4093668313320107,1.3418229860191853
0.8518584699766989,0.8614114641033132,0.2799614534192565,-0.05639864464884258
0.793935501251737,0.9668543802138401,-0.2540587040510267,-0.9102744496369511
0.8808199543391798,0.9598248524731388,1.1477442093084667,1.1048724501349851
0.09885987655220448,0.24281302292155546,0.620399303806562,0.797477160339266
0.5188013998081731,0.5450827157717324,3.230422823442571,1.4378840140803475
-0.5238120372411267,0.14439963455172994,1.2986049037938217,1.544618489703861
-0.6396579746910485,-0.12272241959493806,0.3373686203473119,-0.3232348337076265
0.12782136091468543,0.36934452225418757,0.5469715321543981,-0.48333654714289687
0.9242621808829002,0.9317067415103312,0.2799614534192565,-0.4150264827438482
-0.26315867797880227,0.4044921609576965,2.149032004565248,1.4378840140803475
-0.40796609979120496,0.3341968835506786,1.882021925830106,0.797477160339266
-1.1320032088532184,0.10925199584822097,1.9487744455138913,1.7580874409508882
1.286280735413907,1.283183128545421,2.155707256533626,1.6513529653273746
-0.5817350059660886,0.270931133884362,1.3480017683598229,0.15707030659818458
-4.419131683994759,-1.9152519934738956,0.4334922486919629,-0.617821986428524
-2.3339048098961603,-0.8889409433314341,1.3480017683598229,-0.2698675958958697
0.38847472017700985,0.7419094925113825,0.5469715321543981,-0.696805498389924
-1.1609646932156994,-0.27034250214967537,0.5469715321543981,-0.17380656783470752
-0.8858305917721334,0.053015773922606806,0.8139816108895397,0.0802214841492548
-1.522983247746706,-2.0628720760286336,-0.3902338442059489,-0.1524596727100048
-1.088560982309498,-0.762409443998801,0.4001159888500702,0.5413144188428335
-0.350043131066243,-0.3054901408531843,-0.1539299245253486,-0.3766020715193833
-1.522983247746706,-0.762409443998801,0.6991672770334287,0.3171720200334549
-1.1320032088532184,-1.3177421355142431,-0.020424885157777798,0.11437651634877914
-0.379004615428724,-0.6077598337033623,0.5469715321543981,-0.2698675958958697
-0.3210816467037621,0.24281302292155546,0.2799614534192565,-0.05639864464884258
-1.551944732109185,-1.7465433276970528,0.2132089337354711,-0.18874939442199942
-0.4658890685161648,-0.2070767524833598,0.2799614534192565,0.4772737334687253
-1.1464839510344578,-0.9381476375163459,0.2799614534192565,-0.23144318467140484
-0.8713498495908939,0.08816341262611578,0.5496416329417495,1.0621786598855796
-0.6831002012347688,-0.5374645562963444,0.29064185656866215,0.0716827260993737
-0.4369275841536859,0.15142916229243233,0.25326044554574234,-0.21650035808411294
0.7504932747080165,0.24281302292155546,-0.5878213024699537,-0.9102744496369511
-1.551944732109185,-1.0787381923303818,0.0129513746841149,-0.2698675958958697
0.7504932747080165,1.0230906021394544,0.46419840774650417,0.15707030659818458
-1.5809062164716658,-0.5937007782219585,0.6137240518381835,0.37053925784521174
-1.4795410212029836,-0.6639960556289765,0.2799614534192565,-0.7074789459522753
1.286280735413907,1.283183128545421,0.5469715321543981,-0.3723326924944428
1.286280735413907,1.283183128545421,0.6804765715219688,-0.37446738200691304
0.20022507182088678,-0.7061732220731868,0.07970389436790029,0.5178328342056604
0.6346473372580949,0.910618158288226,0.1464564140516857,0.5840082090922388
0.7070510481642962,0.9246772137696297,0.9474866502571104,1.544618489703861
0.18574432963964732,0.3552854667727838,0.8620434250618652,1.2244150628333204
0.6346473372580949,0.7208209092892773,1.4481305478855009,1.4378840140803475
0.33055175145205,0.6716142151043646,0.9474866502571104,0.9127503940126607
0.6636088216205758,0.9809134356952439,1.3920584313511213,1.8648219165744018
0.1712635874584058,0.4677579106240131,2.149032004565248,1.331149538456834
0.5622436263518935,0.8262638253998043,2.449418343142282,1.7922424731504125
0.22918655618336772,0.7700276034741901,2.6830521620355308,1.2244150628333204
0.4319169467207302,0.8684409918440146,3.283824839189599,3.0431705274579914
-0.596215748147328,-0.017279503484411138,0.2799614534192565,0.7547833700898606
-0.6251772325098089,-0.03133855896581493,0.6964971762460773,1.0109461115862932
1.170434797963985,1.2269469066198067,4.285112634446381,0.797477160339266
1.1269925714202649,1.2058583233977016,4.285112634446381,-0.05639864464884258
-1.0451187557657755,-0.6007303059626599,-0.5210687827861683,-0.8505031432877835
-0.36452387324748453,-0.41093305696371124,-0.3875637434185975,-0.4961446842177185
0.4319169467207302,0.8684409918440146,-0.2540587040510267,-1.5506813033780327
-1.1320032088532184,0.10925199584822097,1.3480017683598229,0.15707030659818458
-0.7410231699597307,-0.024309031225112535,0.9474866502571104,0.797477160339266
-0.8279076230471715,-1.0014133871826625,-0.2540587040510267,-0.397948966644086
0.44639768890197173,0.6716142151043646,0.2799614534192565,-0.13538215661024264
1.286280735413907,1.283183128545421,1.2024812754491707,1.277782300645077
-0.0893897718039186,-1.0576496091082765,-0.9215839008888806,0.797477160339266
-0.6831002012347688,0.0038090797376940455,-0.2540587040510267,-0.2698675958958697
-1.030638013584536,-2.653352406247584,-0.7880788615213099,-1.1237434008839784
-0.42244684197244436,0.3201378280692748,1.4815068077273936,0.5840082090922388
-1.682271411740348,-0.15787005829844702,1.6150118470949644,0.37053925784521174
0.22918655618336772,0.42558074417980174,-0.22735769617751253,-0.9102744496369511
-0.8568691074096525,-1.0576496091082765,0.8139816108895397,0.6907426847157524
0.4753591732644527,0.7911161866962952,1.882021925830106,1.0109461115862932
-0.350043131066243,0.03895671844120302,1.6150118470949644,-0.2698675958958697
0.011975423464763685,0.4185512164391003,0.48021901247061266,0.498620628593428
0.20022507182088678,0.5802303544752414,0.0129513746841149,-0.48333654714289687
-0.379004615428724,-0.0664861976693239,0.5469715321543981,-0.8035399740134376
-0.7844653965034512,-0.05242714218792011,1.2478729888341447,-0.2698675958958697
0.34503249363328947,-0.27737202989037774,-0.3875637434185975,-0.032917060011669594
-0.7844653965034512,0.13737010681102854,-0.09385265680994173,-0.42356524079372926
1.286280735413907,1.283183128545421,0.34671397310304186,-0.9102744496369511
1.286280735413907,1.283183128545421,-0.2874349638929194,-1.0170089252604648
0.30159026708956904,-1.430214579365472,-0.013749633189399259,-0.4278346198186698
1.286280735413907,1.1847697401755954,0.0129513746841149,-1.3372123521310055
-0.03146680307895671,0.643496104141558,0.07970389436790029,-0.9422947923240053
-0.27763942016004167,-0.045397614447218716,1.2211719809606305,-0.48333654714289687
-0.5238120372411267,-0.6218188891847651,-0.3875637434185975,-0.05639864464884258
-2.203578130264997,-0.5374645562963444,0.2799614534192565,-0.5900710227664104
-1.4360987946592632,-0.3476673072973957,0.2799614534192565,-0.10976588246059937
-0.07490902962267916,0.6224075209194517,0.8139816108895397,0.37053925784521174
-1.7257136382840685,-0.8678523601093279,0.5469715321543981,-0.48333654714289687
0.4753591732644527,-0.27737202989037774,0.8807341305733251,0.37053925784521174
-0.6831002012347688,0.0038090797376940455,0.5469715321543981,0.5840082090922388
1.0690696026953028,0.9598248524731388,0.07970389436790029,-0.9316213447616539
-1.9718862553651535,-1.0014133871826625,0.4134664927868273,-0.2698675958958697
-0.24867793579756073,0.2076653842180465,0.34671397310304186,-0.2698675958958697
-2.638000395702205,-0.9100295265535393,0.8139816108895397,-0.05639864464884258
-2.420789262983601,-1.02953149814547,1.3480017683598229,-0.696805498389924
0.8663392121579383,0.4818169661054159,0.2132089337354711,-0.48333654714289687
0.34503249363328947,-0.530435028555642,0.6804765715219688,3.89277695342116
-1.1754454353969388,-1.0084429149233638,0.8393475683693781,0.007642040725265562
-0.7265424277784912,-0.5515236117777471,0.5603220360911552,0.3278454675958063
1.286280735413907,1.283183128545421,1.014239169940896,-0.9102744496369511
0.38847472017700985,0.608348465438049,4.285112634446381,-0.05639864464884258
0.1712635874584058,-1.4231850516247702,0.6938270754587259,1.1817212725839148
-0.842388365228413,-0.4460806956672202,0.48021901247061266,0.15707030659818458
-1.1320032088532184,-0.4741988066300278,1.9354239415771344,1.1347581033095688
-0.7555039121409701,-0.3336082518159919,2.149032004565248,2.078290867821429
-0.8134268808659321,0.0038090797376940455,1.7485168864625353,7.415014648997108
-0.0025053187164778188,0.22172443969945027,1.4815068077273936,1.6513529653273746
1.286280735413907,0.643496104141558,0.6804765715219688,-0.9102744496369511
0.8373777277954594,0.8965591028068222,0.7979610061654312,0.35346174174544953
0.20022507182088678,-0.0032204480030073495,0.4134664927868273,-0.05639864464884258
-0.2921201623412832,0.42558074417980174,3.617587437608526,2.291759819068456
0.011975423464763685,0.4536988551426093,3.0969177840750004,1.5424838001913908
-0.11835125616639956,0.4044921609576965,2.9500622407706723,1.9822298397602667
0.20022507182088678,0.42558074417980174,2.149032004565248,1.331149538456834
-3.0289804345956926,-1.261505913588629,0.7138528313638616,0.14212748001089268
-0.14731274052888052,0.39746263321699515,1.2945997526127946,-0.2698675958958697
0.44639768890197173,0.4677579106240131,0.5469715321543981,0.23178443953464406
-0.39348535760996345,0.2990492448471696,1.6150118470949644,0.15707030659818458
-0.7844653965034512,-0.05242714218792011,2.2825370439328183,2.2383925812566994
-0.5238120372411267,-0.4741988066300278,1.2158317793859277,0.1698784436730062
-0.7844653965034512,0.02489766295979923,1.4815068077273936,0.797477160339266
0.6636088216205758,0.36934452225418757,1.6150118470949644,-0.1311127775853021
-0.842388365228413,0.045986246181905416,1.6150118470949644,0.6267019993416443
0.7794547590704975,0.8684409918440146,1.608336595126586,0.08235617366172507
-2.9710574658707327,-2.0277244373251246,0.0129513746841149,0.007642040725265562
-2.0877321928150754,-1.528627967735297,0.3133377132611492,0.37053925784521174
-0.6831002012347688,-0.0735157254100253,0.2799614534192565,-0.7181523935146268
-0.40796609979120496,0.11628152358892337,0.2132089337354711,-0.7821930788887349
0.547762884170654,0.8825000473254184,0.34671397310304186,-0.9743151350110594
-0.3210816467037621,-3.792135900241275,-0.1205536646834559,-0.696805498389924
-0.9727150448595742,-0.5937007782219585,1.0235845226966258,1.9715563921979153
-0.27763942016004167,-0.045397614447218716,1.67241901402302,2.291759819068456
-0.10387051398515805,0.17251774551453752,2.6830521620355308,1.7922424731504125
-0.16179348271011995,-1.3528897742177521,0.6804765715219688,-0.696805498389924
0.7070510481642962,0.8051752421776991,0.7472290912057543,-0.9102744496369511
0.7504932747080165,0.6856732705857683,1.3480017683598229,0.17414782269794674
-0.5238120372411267,-0.2070767524833598,0.725868284906943,0.37053925784521174
0.4608784310832112,0.8825000473254184,3.283824839189599,1.4378840140803475
0.02645616564600313,0.57320082673454,2.2825370439328183,1.6321407597151423
-1.3202528572093415,-0.15084053055774563,2.2825370439328183,1.6513529653273746
-1.030638013584536,-0.40390352922300987,2.215784524249033,1.4378840140803475
-1.7401943804653102,-0.26331297440897394,0.8807341305733251,0.6843386161783416
-2.638000395702205,-1.430214579365472,0.5469715321543981,0.30649857247110357
-0.6251772325098089,-0.3195491963345881,0.9474866502571104,0.37053925784521174
-1.1464839510344578,-0.41796258470441366,0.2799614534192565,-0.7074789459522753
0.25814804054584867,0.7840866589555938,1.882021925830106,-0.02437830196178851
-1.7112328961028291,-0.39687400148230845,1.3480017683598229,0.2744782297840495
-1.1899261775781782,-0.12272241959493806,0.6804765715219688,-0.2784063539457508
-1.494021763384225,-0.5444940840370457,1.4815068077273936,-0.48333654714289687
0.4608784310832112,0.4888464938461183,0.4134664927868273,-0.16313312027235616
-2.203578130264997,-0.79755708270231,0.7191930329385644,0.15707030659818458
-0.48036981069740625,0.15142916229243233,0.940811398288732,0.15707030659818458
-1.8705210600964712,-2.4354370462858284,-0.3875637434185975,0.21043754440994136
-2.203578130264997,-1.507539384513192,0.30666246129277064,0.15707030659818458
-0.07490902962267916,-0.8045866104430124,0.11975540617817154,0.15707030659818458
-0.42244684197244436,-0.16489958603914842,0.7138528313638616,0.37053925784521174
-0.6975809434160103,-1.8941634102517906,-0.020424885157777798,-0.05639864464884258
-2.3339048098961603,-1.591893717401613,0.8807341305733251,0.4772737334687253
0.3595132358145289,0.38340357773559136,0.3039923605054192,0.530640971280482
-0.8568691074096525,-1.3669488296991559,0.07970389436790029,-0.8035399740134376
-2.3339048098961603,-2.4846437404707413,0.7672548471108899,-0.17380656783470752
-0.6396579746910485,-0.9029999988128369,0.5122602219188297,0.13572341147348185
-0.27763942016004167,-0.045397614447218716,0.9474866502571104,-0.05639864464884258
-0.42244684197244436,-0.8889409433314341,0.2799614534192565,0.15707030659818458
-1.928444028821433,-0.9943838594419611,0.2799614534192565,-0.696805498389924
-0.8858305917721334,-0.8256751936651175,0.1464564140516857,-0.8996010020745998
1.286280735413907,0.27796066162506444,-0.4075894993237331,-1.1237434008839784
-1.6098677008341469,-0.7694389717395034,0.25326044554574234,0.11437651634877914
-0.3210816467037621,-0.017279503484411138,0.9474866502571104,-0.05639864464884258
-2.102212934996317,-0.8116161381837137,0.7859455526223498,0.37053925784521174
-0.06042828744143766,-0.35469683503809707,0.6137240518381835,-0.421430551281259
1.286280735413907,1.283183128545421,1.6150118470949644,-0.6797279822901618
1.286280735413907,1.283183128545421,1.6150118470949644,-0.6861320508275727
-0.1907549670726009,-1.8730748270296849,0.2799614534192565,-0.05639864464884258
0.6780895638018152,0.875470519584717,0.7472290912057543,0.15707030659818458
0.6780895638018152,0.9317067415103312,0.9474866502571104,0.5904122776296497
-0.2341971936163213,0.10222246810751957,0.9474866502571104,1.0109461115862932
0.14230210309592486,0.4466693274019069,1.3813780282017156,1.0109461115862932
-0.6686194590535294,-0.23519486344616639,1.2852543998570645,0.37053925784521174
-0.27763942016004167,0.23578349518085306,1.6150118470949644,1.3375536069942446
1.286280735413907,1.283183128545421,0.9474866502571104,0.2638047822216981
1.286280735413907,1.283183128545421,1.6150118470949644,2.4838818751907805
-0.7410231699597307,-0.17895864152055221,1.6150118470949644,1.0451011437858175
0.40295546235825136,0.4818169661054159,2.3479545132229283,1.6513529653273746
0.8663392121579383,0.8825000473254184,2.9500622407706723,2.825432197186024
0.8953006965204192,1.0933858795464722,3.4840823982409557,2.0035767348849696
-0.6686194590535294,-0.6639960556289765,0.725868284906943,1.190260030633796
-0.26315867797880227,-0.12272241959493806,0.9474866502571104,1.8007812312002935
0.9387429230641396,0.9949724911766477,4.285112634446381,0.37053925784521174
0.9966658917891016,0.9949724911766477,4.285112634446381,-0.696805498389924
-0.8279076230471715,-0.017279503484411138,1.6150118470949644,1.0109461115862932
-0.2921201623412832,0.07410435714471199,1.014239169940896,0.15707030659818458
0.34503249363328947,0.6716142151043646,1.2545482408025233,-0.21650035808411294
-1.2333684041219006,-0.09460430863213048,-0.2540587040510267,-1.1237434008839784
-0.6396579746910485,-0.9381476375163459,0.0129513746841149,-0.3125613861452752
-0.9292728183158537,-0.5023169175928354,0.07970389436790029,-1.3799061423804109
-0.132831998347639,0.5942894099566453,0.7312084864816458,-1.113069953321627
-2.753846333152129,-0.8889409433314341,0.8914145337227307,0.797477160339266
-0.596215748147328,0.10925199584822097,0.9474866502571104,0.372673947357682
-0.9292728183158537,-0.7413208607766958,-0.1205536646834559,-0.4299693093311401
-0.5238120372411267,-0.17895864152055221,0.2799614534192565,0.050335830974670995
-0.9147920761346143,-0.7061732220731868,1.502867614026205,0.9490401157246553
0.764974016889258,-0.3476673072973957,-0.1205536646834559,1.6513529653273746
-1.6098677008341469,-1.296653552292138,0.1464564140516857,-0.05639864464884258
-1.8125980913715114,-2.2315807418054763,-0.5878213024699537,-0.05639864464884258
0.14230210309592486,0.3552854667727838,0.6804765715219688,-0.696805498389924
-5.201091761781733,-3.0821535984303936,2.015526965197677,2.078290867821429
-1.2333684041219006,-0.09460430863213048,1.4815068077273936,0.2638047822216981
0.15678284527716638,0.6716142151043646,1.7485168864625353,0.6907426847157524
-0.27763942016004167,0.5239941325496272,1.4815068077273936,-0.2698675958958697
0.11334061873344597,-0.10866336411353428,0.5469715321543981,-0.18448001539705888
0.15678284527716638,0.5942894099566453,0.25326044554574234,-0.696805498389924
0.011975423464763685,0.045986246181905416,0.2799614534192565,-0.14178622514765343
0.08437913437096503,-0.2141062802240612,-0.3875637434185975,-0.6220913654534646
-2.695923364427167,-1.7465433276970528,0.12242550696552296,-0.5900710227664104
1.286280735413907,1.1847697401755954,0.34671397310304186,-0.9273519657367133
1.286280735413907,0.8684409918440146,0.11308015420979299,-1.0170089252604648
-0.7844653965034512,-0.2211358079647636,-0.220682444209134,-0.5367037849546537
1.0690696026953028,1.072297296324367,0.07970389436790029,-1.230477876507492
1.286280735413907,1.283183128545421,0.34671397310304186,-0.9422947923240053
1.286280735413907,1.283183128545421,0.07970389436790029,-1.5720281985027353
-0.03146680307895671,0.16548821777383513,1.3480017683598229,0.5840082090922388
-3.1158648876831356,-1.7746614386598598,1.4815068077273936,1.9715563921979153
-1.0161572714032967,0.0038090797376940455,1.8152694061463206,0.4068289795572063
-0.48036981069740625,-0.5796417227405547,-0.3875637434185975,-0.5623200591042969
-2.261501098989959,-1.634070883845824,0.8139816108895397,-0.06493740269872367
-0.06042828744143766,0.10925199584822097,0.8139816108895397,0.15707030659818458
-0.3210816467037621,0.24281302292155546,1.187795721118738,-0.48333654714289687
-3.2896337938580174,-1.556746078698104,0.8139816108895397,-0.2698675958958697
-0.16179348271011995,-0.4741988066300278,0.4134664927868273,-0.7416339781517998
-1.4216180524780238,-0.4741988066300278,0.8139816108895397,-1.5506813033780327
0.8228969856142179,1.002002018917349,0.2132089337354711,-0.9913926511108215
-4.086074613826233,-2.5338504346556534,0.48021901247061266,0.6907426847157524
-0.5238120372411267,0.07410435714471199,0.5135952723125053,-0.7501727362016808
-2.493192973889802,-1.3880374129212611,0.7472290912057543,-0.05639864464884258
-3.2317108251330575,-1.3599193019584541,1.3480017683598229,-0.05639864464884258
0.44639768890197173,0.38340357773559136,0.48021901247061266,-0.7394992886393295
0.34503249363328947,0.376374049994889,0.6804765715219688,-0.2698675958958697
-0.6251772325098089,-0.565582667259151,1.0809916896246812,-0.05639864464884258
