year,university,school,degree,employment_rate_overall,employment_rate_ft_perm,basic_monthly_mean,basic_monthly_median,gross_monthly_mean,gross_monthly_median,gross_mthly_25_percentile,gross_mthly_75_percentile,all_key_outcomes_missing,any_key_outcome_missing,salary_iqr,salary_premium,employment_premium,salary_iqr_norm,stability_score,overall_employment_score,ft_perm_employment_score,median_salary_score,stability_score_norm,career_value_index,analysis_complete_case
2013,Nanyang Technological University,College of Business (Nanyang Business School),Accountancy and Business,97.4,96.1,3701.0,3200.0,3727.0,3350.0,2900.0,4000.0,False,False,1100.0,377.0,1.3000000000000114,0.18910091112257177,0.8108990888774282,0.9419642857142858,0.954492415402567,0.2980769230769231,0.8108990888774282,0.7650911044359007,True
2013,Nanyang Technological University,College of Business (Nanyang Business School),Accountancy (3-yr direct Honours Programme),97.1,95.7,2850.0,2700.0,2938.0,2700.0,2700.0,2900.0,False,False,200.0,238.0,1.3999999999999915,0.034381983840467596,0.9656180161595324,0.935267857142857,0.9498249708284714,0.17307692307692307,0.9656180161595324,0.753639781584559,True
2013,Nanyang Technological University,College of Business (Nanyang Business School),Business (3-yr direct Honours Programme),90.9,85.7,3053.0,3000.0,3214.0,3000.0,2700.0,3500.0,False,False,800.0,214.0,5.200000000000003,0.13752793536187038,0.8624720646381296,0.7968750000000001,0.8331388564760794,0.23076923076923078,0.8624720646381296,0.676067274330851,True
2013,Nanyang Technological University,College of Business (Nanyang Business School),Business and Computing,87.5,87.5,3557.0,3400.0,3615.0,3400.0,3000.0,4100.0,False,False,1100.0,215.0,0.0,0.18910091112257177,0.8108990888774282,0.7209821428571428,0.8541423570595099,0.3076923076923077,0.8108990888774282,0.671095290229687,True
2013,Nanyang Technological University,College of Engineering,Aerospace Engineering,95.3,95.3,3494.0,3500.0,3536.0,3500.0,3100.0,3816.0,False,False,716.0,36.0,0.0,0.12308750214887398,0.876912497851126,0.8950892857142857,0.9451575262543757,0.3269230769230769,0.876912497851126,0.7653416874990366,True
2013,Nanyang Technological University,College of Engineering,Bioengineering,81.3,68.8,2952.0,2900.0,3166.0,3125.0,2893.0,3365.0,False,False,472.0,41.0,12.5,0.08114148186350352,0.9188585181364964,0.5825892857142856,0.6359393232205367,0.2548076923076923,0.9188585181364964,0.5670892834778443,True
2013,Nanyang Technological University,College of Engineering,Chemical and Biomolecular Engineering,87.3,85.1,3235.0,3000.0,3377.0,3200.0,3000.0,3800.0,False,False,800.0,177.0,2.200000000000003,0.13752793536187038,0.8624720646381296,0.7165178571428571,0.8261376896149357,0.2692307692307692,0.8624720646381296,0.6594751660307496,True
2013,Nanyang Technological University,College of Engineering,Computer Engineering,90.3,88.2,3326.0,3100.0,3374.0,3175.0,3000.0,3600.0,False,False,600.0,199.0,2.0999999999999943,0.10314595152140278,0.8968540484785972,0.7834821428571428,0.8623103850641775,0.2644230769230769,0.8968540484785972,0.6943716348789548,True
2013,Nanyang Technological University,College of Engineering,Civil Engineering,94.8,93.8,3091.0,3000.0,3182.0,3100.0,3000.0,3380.0,False,False,380.0,82.0,1.0,0.06532576929688844,0.9346742307031115,0.8839285714285714,0.9276546091015169,0.25,0.9346742307031115,0.7461760887644932,True
2013,Nanyang Technological University,College of Engineering,Computer Science,92.1,88.5,3249.0,3000.0,3306.0,3125.0,3000.0,3600.0,False,False,600.0,181.0,3.5999999999999943,0.10314595152140278,0.8968540484785972,0.8236607142857142,0.8658109684947491,0.2548076923076923,0.8968540484785972,0.7050715351828515,True
2013,Nanyang Technological University,College of Engineering,Electrical and Electronic Engineering,91.0,88.7,3133.0,3000.0,3187.0,3100.0,3000.0,3440.0,False,False,440.0,87.0,2.299999999999997,0.0756403644490287,0.9243596355509713,0.7991071428571428,0.868144690781797,0.25,0.9243596355509713,0.7013294954243277,True
2013,Nanyang Technological University,College of Engineering,Environmental Engineering,84.0,81.5,3091.0,3000.0,3140.0,3000.0,3000.0,3300.0,False,False,300.0,140.0,2.5,0.05157297576070139,0.9484270242392986,0.6428571428571428,0.7841306884480747,0.23076923076923078,0.9484270242392986,0.6280527107197678,True
2013,Nanyang Technological University,College of Engineering,Information Engineering and Media,85.7,79.6,3160.0,3150.0,3203.0,3200.0,2950.0,3400.0,False,False,450.0,3.0,6.1000000000000085,0.07735946364105209,0.9226405363589479,0.6808035714285715,0.7619603267211201,0.2692307692307692,0.9226405363589479,0.638532942206442,True
2013,Nanyang Technological University,College of Engineering,Materials Engineering,82.5,78.9,2989.0,3000.0,3096.0,3000.0,2800.0,3300.0,False,False,500.0,96.0,3.5999999999999943,0.08595495960116899,0.914045040398831,0.609375,0.7537922987164528,0.23076923076923078,0.914045040398831,0.6037492533670681,True
2013,Nanyang Technological University,College of Engineering,Mechanical Engineering,91.6,89.5,3125.0,3000.0,3226.0,3100.0,3000.0,3500.0,False,False,500.0,126.0,2.0999999999999943,0.08595495960116899,0.914045040398831,0.8124999999999999,0.8774795799299884,0.25,0.914045040398831,0.7066006300388212,True
2013,Nanyang Technological University,College of Engineering,Maritime Studies,95.6,93.3,3050.0,3000.0,3111.0,3000.0,2850.0,3200.0,False,False,350.0,111.0,2.299999999999997,0.06016847172081829,0.9398315282791817,0.9017857142857142,0.9218203033838973,0.23076923076923078,0.9398315282791817,0.7457488422350684,True
2013,Nanyang Technological University,"College of Humanities, Arts & Social Sciences","Art, Design & Media",81.6,61.4,2639.0,2500.0,2638.0,2500.0,2300.0,2900.0,False,False,600.0,138.0,20.199999999999996,0.10314595152140278,0.8968540484785972,0.5892857142857141,0.5495915985997666,0.1346153846153846,0.8968540484785972,0.5098451472912798,True
2013,Nanyang Technological University,"College of Humanities, Arts & Social Sciences",Chinese,85.1,80.5,2818.0,2800.0,2924.0,3000.0,2600.0,3300.0,False,False,700.0,-76.0,4.599999999999994,0.12033694344163658,0.8796630565583634,0.6674107142857142,0.7724620770128355,0.23076923076923078,0.8796630565583634,0.6216036035656272,True
2013,Nanyang Technological University,"College of Humanities, Arts & Social Sciences",Communication Studies,89.4,79.6,2893.0,2930.0,2956.0,3000.0,2700.0,3250.0,False,False,550.0,-44.0,9.800000000000011,0.09455045556128588,0.9054495444387141,0.7633928571428572,0.7619603267211201,0.23076923076923078,0.9054495444387141,0.651115694517308,True
2013,Nanyang Technological University,"College of Humanities, Arts & Social Sciences",Economics,89.9,83.5,3085.0,3000.0,3148.0,3000.0,2800.0,3545.0,False,False,745.0,148.0,6.400000000000006,0.1280728898057418,0.8719271101942582,0.7745535714285715,0.8074679113185531,0.23076923076923078,0.8719271101942582,0.6630878190455838,True
2013,Nanyang Technological University,"College of Humanities, Arts & Social Sciences",English,82.7,67.3,3087.0,3000.0,3179.0,3100.0,2800.0,3400.0,False,False,600.0,79.0,15.400000000000006,0.10314595152140278,0.8968540484785972,0.6138392857142857,0.6184364060676779,0.25,0.8968540484785972,0.5667108148063786,True
2013,Nanyang Technological University,"College of Humanities, Arts & Social Sciences",Linguistics and Multilingual Studies,90.6,81.3,2691.0,2600.0,2725.0,2625.0,2475.0,3018.0,False,False,543.0,100.0,9.299999999999997,0.09334708612686952,0.9066529138731305,0.7901785714285713,0.7817969661610268,0.15865384615384615,0.9066529138731305,0.6472540598963106,True
2013,Nanyang Technological University,"College of Humanities, Arts & Social Sciences",Psychology,82.4,71.8,3007.0,3000.0,3061.0,3000.0,2750.0,3255.0,False,False,505.0,61.0,10.600000000000009,0.08681450919718067,0.9131854908028193,0.6071428571428572,0.6709451575262544,0.23076923076923078,0.9131854908028193,0.5780965357134641,True
2013,Nanyang Technological University,"College of Humanities, Arts & Social Sciences",Sociology,74.4,55.8,2980.0,3000.0,3082.0,3100.0,2800.0,3310.0,False,False,510.0,-18.0,18.60000000000001,0.08767405879319237,0.9123259412068077,0.42857142857142866,0.48424737456242706,0.25,0.9123259412068077,0.4731945321211779,True
2013,Nanyang Technological University,College of Sciences,Biomedical Sciences **,,,,,,,,,True,True,,,,,,,,,,,False
2013,Nanyang Technological University,College of Sciences,Biomedical Sciences (Traditional Chinese Medicine) #,90.7,88.4,2840.0,2800.0,2883.0,2807.0,2700.0,3000.0,False,False,300.0,76.0,2.299999999999997,0.05157297576070139,0.9484270242392986,0.7924107142857143,0.8646441073512253,0.19365384615384615,0.9484270242392986,0.6877939616654382,True
2013,Nanyang Technological University,College of Sciences,Biological Sciences,78.6,68.1,2881.0,2900.0,3002.0,3000.0,2700.0,3250.0,False,False,550.0,2.0,10.5,0.09455045556128588,0.9054495444387141,0.5223214285714284,0.6277712952158693,0.23076923076923078,0.9054495444387141,0.5385375564943041,True
2013,Nanyang Technological University,College of Sciences,Chemistry & Biological Chemistry,79.8,68.9,2993.0,3000.0,3083.0,3100.0,2800.0,3400.0,False,False,600.0,-17.0,10.899999999999991,0.10314595152140278,0.8968540484785972,0.5491071428571428,0.6371061843640607,0.25,0.8968540484785972,0.5528921054381506,True
2013,Nanyang Technological University,College of Sciences,Mathematics & Economics **,,,,,,,,,True,True,,,,,,,,,,,False
2013,Nanyang Technological University,College of Sciences,Mathematical Science,86.0,83.7,3169.0,3000.0,3262.0,3000.0,2750.0,3500.0,False,False,750.0,262.0,2.299999999999997,0.12893243940175347,0.8710675605982465,0.6875,0.809801633605601,0.23076923076923078,0.8710675605982465,0.6375429318637249,True
2013,Nanyang Technological University,College of Sciences,Physics / Applied Physics,80.8,69.2,3164.0,3000.0,3208.0,3300.0,2900.0,3400.0,False,False,500.0,-92.0,11.599999999999994,0.08595495960116899,0.914045040398831,0.5714285714285713,0.6406067677946324,0.28846153846153844,0.914045040398831,0.5728327424421704,True
2013,Nanyang Technological University,College of Sciences,Sports Science and Management,68.2,59.1,2968.0,3000.0,2985.0,3000.0,2700.0,3400.0,False,False,700.0,-15.0,9.100000000000001,0.12033694344163658,0.8796630565583634,0.29017857142857145,0.5227537922987164,0.23076923076923078,0.8796630565583634,0.43352147529424856,True
2013,Nanyang Technological University,National Institute of Education (NIE),Science (with Education),100.0,100.0,3377.0,3400.0,3478.0,3498.0,3300.0,3800.0,False,False,500.0,-20.0,0.0,0.08595495960116899,0.914045040398831,1.0,1.0,0.32653846153846156,0.914045040398831,0.81874137144444,True
2013,Nanyang Technological University,National Institute of Education (NIE),Arts (with Education),100.0,100.0,3413.0,3426.0,3506.0,3498.0,3400.0,3575.0,False,False,175.0,8.0,0.0,0.030084235860409144,0.9699157641395909,1.0,1.0,0.32653846153846156,0.9699157641395909,0.827121980005554,True
2013,National University of Singapore,Faculty of Arts & Social Sciences,Bachelor of Arts,84.8,70.1,2741.0,2730.0,2888.0,2800.0,2500.0,3080.0,False,False,580.0,88.0,14.700000000000003,0.09970775313735603,0.900292246862644,0.6607142857142856,0.6511085180863476,0.19230769230769232,0.900292246862644,0.5766676012465096,True
2013,National University of Singapore,Faculty of Arts & Social Sciences,Bachelor of Arts (Hons),86.6,74.6,3057.0,3200.0,3154.0,3200.0,2800.0,3500.0,False,False,700.0,-46.0,12.0,0.12033694344163658,0.8796630565583634,0.700892857142857,0.7036172695449241,0.2692307692307692,0.8796630565583634,0.6206101887977811,True
2013,National University of Singapore,Faculty of Arts & Social Sciences,Bachelor of Social Sciences,88.1,76.8,3098.0,3100.0,3210.0,3200.0,2800.0,3500.0,False,False,700.0,10.0,11.299999999999997,0.12033694344163658,0.8796630565583634,0.7343749999999999,0.7292882147024504,0.2692307692307692,0.8796630565583634,0.6383561152021819,True
2013,National University of Singapore,NUS Business School,Bachelor of Business Administration,88.7,81.7,2960.0,2868.0,3062.0,3000.0,2700.0,3370.0,False,False,670.0,62.0,7.0,0.11517964586556645,0.8848203541344335,0.7477678571428572,0.7864644107351225,0.23076923076923078,0.8848203541344335,0.6506850411758667,True
2013,National University of Singapore,NUS Business School,Bachelor of Business Administration (Hons),94.6,90.3,3404.0,3050.0,3512.0,3200.0,2800.0,3800.0,False,False,1000.0,312.0,4.299999999999997,0.17190991920233797,0.828090080797662,0.8794642857142856,0.8868144690781796,0.2692307692307692,0.828090080797662,0.7214048308650811,True
2013,National University of Singapore,NUS Business School,Bachelor of Business Administration (Accountancy),93.3,88.9,2740.0,2700.0,2922.0,2700.0,2700.0,3018.0,False,False,318.0,222.0,4.3999999999999915,0.05466735430634347,0.9453326456936565,0.8504464285714285,0.8704784130688449,0.17307692307692307,0.9453326456936565,0.7013465801153611,True
2013,National University of Singapore,NUS Business School,Bachelor of Business Administration (Accountancy) (Hons),97.2,94.4,3065.0,2800.0,3143.0,2800.0,2700.0,3200.0,False,False,500.0,343.0,2.799999999999997,0.08595495960116899,0.914045040398831,0.9375000000000001,0.9346557759626605,0.19230769230769232,0.914045040398831,0.746830411925546,True
2013,National University of Singapore,School of Computing,Bachelor of Computing (Communications and Media),88.9,77.8,3350.0,3000.0,3377.0,3050.0,2825.0,3425.0,False,False,600.0,327.0,11.100000000000009,0.10314595152140278,0.8968540484785972,0.752232142857143,0.7409568261376895,0.2403846153846154,0.8968540484785972,0.6425809518163931,True
2013,National University of Singapore,School of Computing,Bachelor of Computing (Computational Biology) **,,,,,,,,,True,True,,,,,,,,,,,False
2013,National University of Singapore,School of Computing,Bachelor of Computing (Computer Engineering) **,,,,,,,,,True,True,,,,,,,,,,,False
2013,National University of Singapore,School of Computing,Bachelor of Computing (Computer Science),92.4,83.3,3933.0,3400.0,3953.0,3425.0,3000.0,4000.0,False,False,1000.0,528.0,9.100000000000009,0.17190991920233797,0.828090080797662,0.830357142857143,0.8051341890315052,0.3125,0.828090080797662,0.6929859116862437,True
2013,National University of Singapore,School of Computing,Bachelor of Computing (Electronic Commerce),88.9,83.3,3277.0,3050.0,3320.0,3080.0,2800.0,3553.0,False,False,753.0,240.0,5.6000000000000085,0.1294481691593605,0.8705518308406395,0.752232142857143,0.8051341890315052,0.24615384615384617,0.8705518308406395,0.6593311357311519,True
2014,Nanyang Technological University,College of Engineering,Aerospace Engineering,84.6,82.7,3715.0,3700.0,3911.0,3770.0,3300.0,4070.0,False,False,770.0,141.0,1.8999999999999915,0.13237063778580024,0.8676293622141997,0.6562499999999999,0.7981330221703618,0.37884615384615383,0.8676293622141997,0.6611708494447769,True
2013,National University of Singapore,School of Computing,Bachelor of Computing (Information Systems),89.2,83.9,3266.0,3000.0,3322.0,3005.0,3000.0,3800.0,False,False,800.0,317.0,5.299999999999997,0.13752793536187038,0.8624720646381296,0.7589285714285715,0.8121353558926488,0.23173076923076924,0.8624720646381296,0.6586226801997779,True
2013,National University of Singapore,Faculty of Dentistry,Bachelor of Dental Surgery,100.0,100.0,4106.0,4000.0,4106.0,4000.0,4000.0,4400.0,False,False,400.0,106.0,0.0,0.06876396768093519,0.9312360323190648,1.0,1.0,0.4230769230769231,0.9312360323190648,0.8454546356170904,True
2013,National University of Singapore,School of Design & Environment,Bachelor of Arts (Architecture) ** #,,,,,,,,,True,True,,,,,,,,,,,False
2013,National University of Singapore,School of Design & Environment,Bachelor of Arts (Industrial Design),82.1,53.6,3007.0,2650.0,3023.0,2650.0,2400.0,3000.0,False,False,600.0,373.0,28.499999999999993,0.10314595152140278,0.8968540484785972,0.6004464285714284,0.4585764294049008,0.16346153846153846,0.8968540484785972,0.49310034928007296,True
2013,National University of Singapore,School of Design & Environment,Bachelor of Science (Project and Facilities Management),96.8,96.8,2961.0,2980.0,3025.0,3000.0,2800.0,3200.0,False,False,400.0,25.0,0.0,0.06876396768093519,0.9312360323190648,0.9285714285714285,0.9626604434072346,0.23076923076923078,0.9312360323190648,0.7647472741337663,True
2013,National University of Singapore,School of Design & Environment,Bachelor of Science (Real Estate),89.2,89.2,2839.0,2800.0,2988.0,2900.0,2600.0,3179.0,False,False,579.0,88.0,0.0,0.09953584321815369,0.9004641567818463,0.7589285714285715,0.8739789964994166,0.21153846153846154,0.9004641567818463,0.6778265092802888,True
2013,National University of Singapore,Faculty of Engineering,Bachelor of Engineering (Bioengineering),74.0,60.0,2823.0,3000.0,3068.0,3000.0,2720.0,3250.0,False,False,530.0,68.0,14.0,0.09111225717723913,0.9088877428227609,0.4196428571428571,0.5332555425904317,0.23076923076923078,0.9088877428227609,0.4798949890357085,True
2013,National University of Singapore,Faculty of Engineering,Bachelor of Engineering (Chemical Engineering),93.2,90.0,3245.0,3000.0,3359.0,3175.0,3000.0,3644.0,False,False,644.0,184.0,3.200000000000003,0.11070998796630566,0.8892900120336944,0.8482142857142858,0.8833138856476079,0.2644230769230769,0.8892900120336944,0.7189577224443915,True
2013,National University of Singapore,Faculty of Engineering,Bachelor of Engineering (Civil Engineering),96.1,94.1,3140.0,3000.0,3154.0,3050.0,3000.0,3300.0,False,False,300.0,104.0,2.0,0.05157297576070139,0.9484270242392986,0.9129464285714285,0.9311551925320887,0.2403846153846154,0.9484270242392986,0.7555906938131037,True
2013,National University of Singapore,Faculty of Engineering,Bachelor of Engineering (Computer Engineering),88.9,85.6,3592.0,3200.0,3653.0,3200.0,3000.0,3970.0,False,False,970.0,453.0,3.3000000000000114,0.16675262162626783,0.8332473783737322,0.752232142857143,0.8319719953325554,0.2692307692307692,0.8332473783737322,0.6675560405206616,True
2013,National University of Singapore,Faculty of Engineering,Bachelor of Engineering (Electrical Engineering),88.5,88.0,3286.0,3100.0,3334.0,3200.0,3000.0,3600.0,False,False,600.0,134.0,0.5,0.10314595152140278,0.8968540484785972,0.7433035714285714,0.8599766627771295,0.2692307692307692,0.8968540484785972,0.682819869841192,True
2013,National University of Singapore,Faculty of Engineering,Bachelor of Engineering (Engineering Science),86.2,75.9,2940.0,3000.0,2960.0,3000.0,2800.0,3150.0,False,False,350.0,-40.0,10.299999999999997,0.06016847172081829,0.9398315282791817,0.6919642857142858,0.7187864644107352,0.23076923076923078,0.9398315282791817,0.6218922619716912,True
2013,National University of Singapore,Faculty of Engineering,Bachelor of Engineering (Environmental Engineering),93.8,87.5,3153.0,3100.0,3208.0,3110.0,3000.0,3500.0,False,False,500.0,98.0,6.299999999999997,0.08595495960116899,0.914045040398831,0.8616071428571428,0.8541423570595099,0.2519230769230769,0.914045040398831,0.7148123752655897,True
2013,National University of Singapore,Faculty of Engineering,Bachelor of Engineering (Industrial and Systems Engineering),93.9,92.4,3330.0,3200.0,3397.0,3200.0,3000.0,3800.0,False,False,800.0,197.0,1.5,0.13752793536187038,0.8624720646381296,0.8638392857142858,0.9113185530921821,0.2692307692307692,0.8624720646381296,0.7292258536453521,True
2013,National University of Singapore,Faculty of Engineering,Bachelor of Engineering (Materials Science and Engineering),90.9,87.9,3036.0,3000.0,3169.0,3000.0,3000.0,3260.0,False,False,260.0,169.0,3.0,0.04469657899260787,0.9553034210073921,0.7968750000000001,0.8588098016336057,0.23076923076923078,0.9553034210073921,0.6976932613334982,True
2013,National University of Singapore,Faculty of Engineering,Bachelor of Engineering (Mechanical Engineering),89.1,87.2,3155.0,3000.0,3319.0,3225.0,3000.0,3500.0,False,False,500.0,94.0,1.8999999999999915,0.08595495960116899,0.914045040398831,0.7566964285714284,0.8506417736289382,0.27403846153846156,0.914045040398831,0.68781783210455,True
2013,National University of Singapore,Faculty of Law,Bachelor of Laws (LLB) (Hons) #,98.8,98.2,4922.0,4800.0,5099.0,5000.0,4500.0,5800.0,False,False,1300.0,99.0,0.5999999999999943,0.22348289496303936,0.7765171050369606,0.9732142857142857,0.9789964994165694,0.6153846153846154,0.7765171050369606,0.8559869551409545,True
2013,National University of Singapore,YLL School of Medicine,Bachelor of Medicine and Bachelor of Surgery (MBBS) #,100.0,100.0,4406.0,4500.0,4741.0,4500.0,4500.0,5200.0,False,False,700.0,241.0,0.0,0.12033694344163658,0.8796630565583634,1.0,1.0,0.5192307692307693,0.8796630565583634,0.8617571507914468,True
2013,National University of Singapore,YLL School of Medicine,Bachelor of Science (Nursing),97.5,97.5,2687.0,2750.0,2886.0,2950.0,2700.0,3050.0,False,False,350.0,-64.0,0.0,0.06016847172081829,0.9398315282791817,0.9441964285714286,0.970828471411902,0.22115384615384615,0.9398315282791817,0.7707706607753381,True
2013,National University of Singapore,YLL School of Medicine,Bachelor of Science (Nursing) (Hons),100.0,100.0,2896.0,3000.0,3042.0,3025.0,3000.0,3200.0,False,False,200.0,17.0,0.0,0.034381983840467596,0.9656180161595324,1.0,1.0,0.23557692307692307,0.9656180161595324,0.8037369331931605,True
2013,National University of Singapore,Yong Siew Toh Conservatory of Music,Bachelor of Music **,,,,,,,,,True,True,,,,,,,,,,,False
2013,National University of Singapore,Faculty of Science,Bachelor of Applied Science **,,,,,,,,,True,True,,,,,,,,,,,False
2013,National University of Singapore,Faculty of Science,Bachelor of Applied Science (Hons),97.3,97.3,2850.0,2750.0,2925.0,2900.0,2600.0,3255.0,False,False,655.0,25.0,0.0,0.11260099707753138,0.8873990029224686,0.9397321428571428,0.9684947491248541,0.21153846153846154,0.8873990029224686,0.7584625334175847,True
2013,National University of Singapore,Faculty of Science,Bachelor of Science,80.9,65.1,2726.0,2700.0,2804.0,2800.0,2600.0,3000.0,False,False,400.0,4.0,15.800000000000011,0.06876396768093519,0.9312360323190648,0.5736607142857144,0.5927654609101516,0.19230769230769232,0.9312360323190648,0.5376901804835426,True
2013,National University of Singapore,Faculty of Science,Bachelor of Science (Hons),83.6,74.0,3101.0,3000.0,3217.0,3100.0,2868.0,3500.0,False,False,632.0,117.0,9.599999999999994,0.1086470689358776,0.8913529310641224,0.6339285714285713,0.6966161026837806,0.25,0.8913529310641224,0.5953663418933239,True
2013,National University of Singapore,Faculty of Science,Bachelor of Science (Computational Biology) **,,,,,,,,,True,True,,,,,,,,,,,False
2013,National University of Singapore,Faculty of Science,Bachelor of Science (Pharmacy) (Hons) #,96.4,96.4,3473.0,3500.0,3540.0,3500.0,3350.0,3750.0,False,False,400.0,40.0,0.0,0.06876396768093519,0.9312360323190648,0.9196428571428573,0.9579929988331389,0.3269230769230769,0.9312360323190648,0.7847069308714278,True
2013,Singapore Management University,School of Accountancy (4-year programme) *,Accountancy (4-years programme),94.2,93.2,3231.0,2800.0,3342.0,2825.0,2700.0,3430.0,False,False,730.0,517.0,1.0,0.12549424101770673,0.8745057589822933,0.8705357142857143,0.9206534422403734,0.1971153846153846,0.8745057589822933,0.7178114569590165,True
2013,Singapore Management University,School of Accountancy (4-year programme) *,Accountancy (4-years programme) Cum Laude and above,95.2,95.2,3580.0,2900.0,3634.0,3000.0,2700.0,3750.0,False,False,1050.0,634.0,0.0,0.18050541516245489,0.8194945848375451,0.8928571428571429,0.9439906651108518,0.23076923076923078,0.8194945848375451,0.7316708378083379,True
2013,Singapore Management University,School of Business (4-year programme) *,Business Management (4-years programme),93.2,87.3,3344.0,3000.0,3520.0,3200.0,2800.0,3750.0,False,False,950.0,320.0,5.900000000000006,0.16331442324222106,0.836685576757779,0.8482142857142858,0.851808634772462,0.2692307692307692,0.836685576757779,0.7028174049673834,True
2013,Singapore Management University,School of Business (4-year programme) *,Business Management (4-years programme) Cum Laude and above,95.9,93.8,3825.0,3500.0,3975.0,3580.0,3000.0,4100.0,False,False,1100.0,395.0,2.1000000000000085,0.18910091112257177,0.8108990888774282,0.908482142857143,0.9276546091015169,0.3423076923076923,0.8108990888774282,0.7580528119961353,True
2013,Singapore Management University,School of Economics (4-year programme) *,Economics (4-years programme),90.6,88.6,3389.0,3200.0,3513.0,3339.0,3000.0,3800.0,False,False,800.0,174.0,2.0,0.13752793536187038,0.8624720646381296,0.7901785714285713,0.866977829638273,0.29596153846153844,0.8624720646381296,0.7005081146311574,True
2013,Singapore Management University,School of Economics (4-year programme) *,Economics (4-years programme) Cum Laude and above,94.0,94.0,3731.0,3500.0,3820.0,3600.0,3250.0,4000.0,False,False,750.0,220.0,0.0,0.12893243940175347,0.8710675605982465,0.8660714285714286,0.9299883313885647,0.34615384615384615,0.8710675605982465,0.7560165236161965,True
2013,Singapore Management University,School of Information Systems (4-year programme) *,Information Systems Management (4-years programme),93.6,89.5,3389.0,3300.0,3468.0,3300.0,3000.0,3800.0,False,False,800.0,168.0,4.099999999999994,0.13752793536187038,0.8624720646381296,0.857142857142857,0.8774795799299884,0.28846153846153844,0.8624720646381296,0.7218729254329576,True
2013,Singapore Management University,School of Information Systems (4-year programme) *,Information Systems Management (4-years programme) Cum Laude and above,100.0,90.9,3786.0,3725.0,3862.0,3800.0,3500.0,4000.0,False,False,500.0,62.0,9.099999999999994,0.08595495960116899,0.914045040398831,1.0,0.8938156359393233,0.38461538461538464,0.914045040398831,0.8014052929954678,True
2013,Singapore Management University,School of Social Sciences (4-year programme) *,Social Sciences (4-years programme),86.5,79.8,3122.0,3000.0,3150.0,3000.0,2600.0,3320.0,False,False,720.0,150.0,6.700000000000003,0.12377514182568335,0.8762248581743166,0.6986607142857143,0.764294049008168,0.23076923076923078,0.8762248581743166,0.6280124654066198,True
2013,Singapore Management University,School of Social Sciences (4-year programme) *,Social Sciences (4-years programme) Cum Laude and above,87.5,83.3,3251.0,3200.0,3267.0,3200.0,2800.0,3781.0,False,False,981.0,67.0,4.200000000000003,0.16864363073749356,0.8313563692625064,0.7209821428571428,0.8051341890315052,0.2692307692307692,0.8313563692625064,0.6498460472636627,True
2013,Singapore Management University,School of Law (4-year programme) *,Law (4-years programme) #,100.0,100.0,5023.0,4800.0,5246.0,5000.0,4500.0,6000.0,False,False,1500.0,246.0,0.0,0.25786487880350695,0.742135121196493,1.0,1.0,0.6153846153846154,0.742135121196493,0.8651664220256278,True
2013,Singapore Management University,School of Law (4-year programme) *,Law (4-years programme) Cum Laude and above #,100.0,100.0,5329.0,5000.0,5617.0,5547.0,4750.0,6400.0,False,False,1650.0,70.0,0.0,0.28365136668385765,0.7163486333161424,1.0,1.0,0.7205769230769231,0.7163486333161424,0.8875965257666522,True
2014,Nanyang Technological University,College of Business (Nanyang Business School),Accountancy and Business,98.2,95.6,3539.0,3300.0,3597.0,3300.0,2900.0,4000.0,False,False,1100.0,297.0,2.6000000000000085,0.18910091112257177,0.8108990888774282,0.9598214285714286,0.9486581096849475,0.28846153846153844,0.8108990888774282,0.7662941094239115,True
2014,Nanyang Technological University,College of Business (Nanyang Business School),Accountancy (3-yr direct Honours Programme),96.6,96.1,2981.0,2800.0,3003.0,2840.0,2700.0,3000.0,False,False,300.0,163.0,0.5,0.05157297576070139,0.9484270242392986,0.9241071428571427,0.954492415402567,0.2,0.9484270242392986,0.7558439211138077,True
2014,Nanyang Technological University,College of Business (Nanyang Business School),Business (3-yr direct Honours Programme),89.6,80.2,3231.0,3000.0,3318.0,3100.0,2800.0,3600.0,False,False,800.0,218.0,9.399999999999991,0.13752793536187038,0.8624720646381296,0.7678571428571427,0.7689614935822637,0.25,0.8624720646381296,0.6529164006275413,True
2014,Nanyang Technological University,College of Business (Nanyang Business School),Business and Computing,92.9,89.3,3398.0,3400.0,3431.0,3450.0,3232.0,4000.0,False,False,768.0,-19.0,3.6000000000000085,0.13202681794739557,0.8679731820526044,0.8415178571428572,0.8751458576429405,0.3173076923076923,0.8679731820526044,0.7245220148205531,True
2014,Nanyang Technological University,College of Engineering,Bioengineering,79.8,69.7,2998.0,3000.0,3188.0,3000.0,2825.0,3400.0,False,False,575.0,188.0,10.099999999999994,0.09884820354134434,0.9011517964586556,0.5491071428571428,0.6464410735122521,0.23076923076923078,0.9011517964586556,0.5515295420719245,True
2014,Nanyang Technological University,College of Engineering,Chemical and Biomolecular Engineering,83.8,76.1,3296.0,3250.0,3415.0,3400.0,3200.0,3575.0,False,False,375.0,15.0,7.700000000000003,0.06446621970087674,0.9355337802991233,0.6383928571428571,0.7211201866977829,0.3076923076923077,0.9355337802991233,0.6251070571201374,True
2014,Nanyang Technological University,College of Engineering,Computer Engineering,91.4,88.8,3423.0,3300.0,3512.0,3400.0,3200.0,3800.0,False,False,600.0,112.0,2.6000000000000085,0.10314595152140278,0.8968540484785972,0.8080357142857144,0.8693115519253208,0.3076923076923077,0.8968540484785972,0.7146553640581771,True
2014,Nanyang Technological University,College of Engineering,Civil Engineering,93.8,92.9,3122.0,3000.0,3152.0,3100.0,3000.0,3300.0,False,False,300.0,52.0,0.8999999999999915,0.05157297576070139,0.9484270242392986,0.8616071428571428,0.9171528588098017,0.25,0.9484270242392986,0.7383920541359781,True
2014,Nanyang Technological University,College of Engineering,Computer Science,94.5,93.7,3269.0,3200.0,3304.0,3200.0,3000.0,3700.0,False,False,700.0,104.0,0.7999999999999972,0.12033694344163658,0.8796630565583634,0.8772321428571429,0.926487747957993,0.2692307692307692,0.8796630565583634,0.7403731180359875,True
2014,Nanyang Technological University,College of Engineering,Electrical and Electronic Engineering,90.7,88.4,3241.0,3175.0,3336.0,3200.0,3000.0,3500.0,False,False,500.0,136.0,2.299999999999997,0.08595495960116899,0.914045040398831,0.7924107142857143,0.8646441073512253,0.2692307692307692,0.914045040398831,0.7015308948585988,True
2014,Nanyang Technological University,College of Engineering,Environmental Engineering,88.9,82.2,3121.0,3000.0,3111.0,3000.0,3000.0,3500.0,False,False,500.0,111.0,6.700000000000003,0.08595495960116899,0.914045040398831,0.752232142857143,0.7922987164527422,0.23076923076923078,0.914045040398831,0.6581583215450979,True
2014,Nanyang Technological University,College of Engineering,Information Engineering and Media,85.7,73.2,3185.0,3000.0,3318.0,3200.0,3000.0,3600.0,False,False,600.0,118.0,12.5,0.10314595152140278,0.8968540484785972,0.6808035714285715,0.6872812135355894,0.2692307692307692,0.8968540484785972,0.6122612350687301,True
2014,Nanyang Technological University,College of Engineering,Materials Engineering,82.5,77.7,3145.0,3000.0,3261.0,3150.0,3000.0,3410.0,False,False,410.0,111.0,4.799999999999997,0.07048306687295856,0.9295169331270414,0.609375,0.7397899649941657,0.25961538461538464,0.9295169331270414,0.6090808756211521,True
2014,Nanyang Technological University,College of Engineering,Mechanical Engineering,90.2,87.8,3161.0,3000.0,3289.0,3100.0,3000.0,3500.0,False,False,500.0,189.0,2.4000000000000057,0.08595495960116899,0.914045040398831,0.78125,0.8576429404900816,0.25,0.914045040398831,0.6912746382068491,True
2014,Nanyang Technological University,College of Engineering,Maritime Studies,92.5,92.5,3163.0,3050.0,3206.0,3050.0,3000.0,3500.0,False,False,500.0,156.0,0.0,0.08595495960116899,0.914045040398831,0.8325892857142857,0.912485414235706,0.2403846153846154,0.914045040398831,0.720725319890976,True
2014,Nanyang Technological University,"College of Humanities, Arts & Social Sciences","Art, Design & Media",80.0,68.0,2761.0,2600.0,2791.0,2700.0,2300.0,3000.0,False,False,700.0,91.0,12.0,0.12033694344163658,0.8796630565583634,0.5535714285714285,0.6266044340723455,0.17307692307692307,0.8796630565583634,0.5292714480461174,True
2014,Nanyang Technological University,"College of Humanities, Arts & Social Sciences",Chinese,86.8,75.8,2927.0,3000.0,3006.0,3000.0,2700.0,3300.0,False,False,600.0,6.0,11.0,0.10314595152140278,0.8968540484785972,0.7053571428571428,0.7176196032672112,0.23076923076923078,0.8968540484785972,0.6191134388014035,True
2014,Nanyang Technological University,"College of Humanities, Arts & Social Sciences",Communication Studies,86.7,77.9,2891.0,2800.0,2976.0,3000.0,2600.0,3294.0,False,False,694.0,-24.0,8.799999999999997,0.11930548392642255,0.8806945160735774,0.703125,0.7421236872812136,0.23076923076923078,0.8806945160735774,0.6233710912877084,True
2014,Nanyang Technological University,"College of Humanities, Arts & Social Sciences",Economics,88.7,78.4,3183.0,3075.0,3222.0,3200.0,3000.0,3500.0,False,False,500.0,22.0,10.299999999999997,0.08595495960116899,0.914045040398831,0.7477678571428572,0.7479579929988333,0.2692307692307692,0.914045040398831,0.653132203410024,True
2014,Nanyang Technological University,"College of Humanities, Arts & Social Sciences",English,87.0,63.0,3137.0,3000.0,3432.0,3100.0,2800.0,3990.0,False,False,1190.0,332.0,24.0,0.2045728038507822,0.7954271961492179,0.7098214285714286,0.5682613768961494,0.25,0.7954271961492179,0.565238921062656,True
2014,Nanyang Technological University,"College of Humanities, Arts & Social Sciences",Linguistics and Multilingual Studies,85.7,66.7,3066.0,3000.0,3148.0,3230.0,2800.0,3500.0,False,False,700.0,-82.0,19.0,0.12033694344163658,0.8796630565583634,0.6808035714285715,0.6114352392065344,0.275,0.8796630565583634,0.5883711016742863,True
2014,Nanyang Technological University,"College of Humanities, Arts & Social Sciences",Psychology,66.7,54.9,3197.0,3100.0,3228.0,3100.0,2800.0,3500.0,False,False,700.0,128.0,11.800000000000004,0.12033694344163658,0.8796630565583634,0.2566964285714286,0.4737456242707117,0.25,0.8796630565583634,0.4135820743363966,True
2014,Nanyang Technological University,"College of Humanities, Arts & Social Sciences",Sociology,73.2,67.9,3002.0,3000.0,3143.0,3100.0,2800.0,3260.0,False,False,460.0,43.0,5.299999999999997,0.07907856283307547,0.9209214371669245,0.4017857142857143,0.6254375729288215,0.25,0.9209214371669245,0.5088052017393994,True
2014,Nanyang Technological University,College of Sciences,Biomedical Science **,,,,,,,,,True,True,,,,,,,,,,,False
2014,Nanyang Technological University,College of Sciences,Biomedical Science (Traditional Chinese Medicine) #,100.0,100.0,2974.0,2900.0,3018.0,2900.0,2786.0,3400.0,False,False,614.0,118.0,0.0,0.10555269039023552,0.8944473096097645,1.0,1.0,0.21153846153846154,0.8944473096097645,0.78705171182608,True
2014,Nanyang Technological University,College of Sciences,Biological Sciences,75.1,60.8,3083.0,3000.0,3174.0,3000.0,2800.0,3400.0,False,False,600.0,174.0,14.299999999999997,0.10314595152140278,0.8968540484785972,0.44419642857142844,0.5425904317386231,0.23076923076923078,0.8968540484785972,0.4882564730571127,True
2014,Nanyang Technological University,College of Sciences,Chemistry & Biological Chemistry,80.5,68.3,3006.0,3000.0,3321.0,3100.0,2800.0,3400.0,False,False,600.0,221.0,12.200000000000003,0.10314595152140278,0.8968540484785972,0.5647321428571428,0.6301050175029171,0.25,0.8968540484785972,0.5554792553798076,True
2014,Nanyang Technological University,College of Sciences,Mathematics & Economics,88.4,87.0,3155.0,3200.0,3142.0,3200.0,2800.0,3500.0,False,False,700.0,-58.0,1.4000000000000057,0.12033694344163658,0.8796630565583634,0.7410714285714287,0.8483080513418904,0.2692307692307692,0.8796630565583634,0.6760709947654425,True
2014,Nanyang Technological University,College of Sciences,Mathematical Science,91.3,79.7,3022.0,3000.0,3078.0,3200.0,2800.0,3300.0,False,False,500.0,-122.0,11.599999999999994,0.08595495960116899,0.914045040398831,0.8058035714285714,0.7631271878646442,0.2692307692307692,0.914045040398831,0.6750936761554815,True
2014,Nanyang Technological University,College of Sciences,Physics / Applied Physics,73.7,63.2,3034.0,3000.0,3241.0,3100.0,2800.0,3560.0,False,False,760.0,141.0,10.5,0.13065153859377687,0.8693484614062231,0.4129464285714286,0.5705950991831973,0.25,0.8693484614062231,0.48796472753732123,True
2014,Nanyang Technological University,College of Sciences,Sports Science and Management,87.9,69.7,3076.0,2800.0,3229.0,3000.0,2700.0,3590.0,False,False,890.0,229.0,18.200000000000003,0.1529998280900808,0.8470001719099192,0.7299107142857144,0.6464410735122521,0.23076923076923078,0.8470001719099192,0.5976478698181855,True
2014,Nanyang Technological University,National Institute of Education (NIE),Science (with Education),100.0,100.0,3358.0,3400.0,3475.0,3475.0,3400.0,3750.0,False,False,350.0,0.0,0.0,0.06016847172081829,0.9398315282791817,1.0,1.0,0.32211538461538464,0.9398315282791817,0.8215035753957234,True
2014,Nanyang Technological University,National Institute of Education (NIE),Arts (with Education),100.0,100.0,3388.0,3400.0,3536.0,3475.0,3400.0,3700.0,False,False,300.0,61.0,0.0,0.05157297576070139,0.9484270242392986,1.0,1.0,0.32211538461538464,0.9484270242392986,0.8227928997897409,True
2014,National University of Singapore,Faculty of Arts & Social Sciences,Bachelor of Arts,81.9,65.3,2719.0,2750.0,2883.0,2800.0,2500.0,3010.0,False,False,510.0,83.0,16.60000000000001,0.08767405879319237,0.9123259412068077,0.5959821428571429,0.5950991831971996,0.19230769230769232,0.9123259412068077,0.542250212074247,True
2014,National University of Singapore,Faculty of Arts & Social Sciences,Bachelor of Arts (Hons),83.1,76.6,3141.0,3210.0,3277.0,3300.0,3000.0,3600.0,False,False,600.0,-23.0,6.5,0.10314595152140278,0.8968540484785972,0.622767857142857,0.7269544924154026,0.28846153846153844,0.8968540484785972,0.611560196754652,True
2014,National University of Singapore,Faculty of Arts & Social Sciences,Bachelor of Social Sciences,88.7,80.1,3192.0,3200.0,3304.0,3250.0,3000.0,3600.0,False,False,600.0,54.0,8.600000000000009,0.10314595152140278,0.8968540484785972,0.7477678571428572,0.7677946324387397,0.27884615384615385,0.8968540484785972,0.6589083926078071,True
2014,National University of Singapore,NUS Business School,Bachelor of Business Administration,87.9,83.6,3234.0,3000.0,3367.0,3000.0,2800.0,3300.0,False,False,500.0,367.0,4.300000000000011,0.08595495960116899,0.914045040398831,0.7299107142857144,0.8086347724620769,0.23076923076923078,0.914045040398831,0.6563627097764697,True
2014,National University of Singapore,NUS Business School,Bachelor of Business Administration (Hons),94.4,90.6,3979.0,3500.0,4090.0,3520.0,3200.0,4300.0,False,False,1100.0,570.0,3.8000000000000114,0.18910091112257177,0.8108990888774282,0.8750000000000001,0.8903150525087514,0.33076923076923076,0.8108990888774282,0.7339216867765473,True
2014,National University of Singapore,NUS Business School,Bachelor of Business Administration (Accountancy),93.9,89.8,2836.0,2800.0,2989.0,2838.0,2700.0,3000.0,False,False,300.0,151.0,4.1000000000000085,0.05157297576070139,0.9484270242392986,0.8638392857142858,0.8809801633605601,0.1996153846153846,0.9484270242392986,0.7156137345121947,True
2014,National University of Singapore,NUS Business School,Bachelor of Business Administration (Accountancy) (Hons),100.0,96.3,3350.0,2850.0,3407.0,2912.0,2800.0,3614.0,False,False,814.0,495.0,3.700000000000003,0.1399346742307031,0.860065325769297,1.0,0.9568261376896149,0.21384615384615385,0.860065325769297,0.7695191786338175,True
2014,National University of Singapore,School of Computing,Bachelor of Computing (Communications and Media),82.1,82.1,3107.0,3000.0,3129.0,3088.0,2900.0,3300.0,False,False,400.0,41.0,0.0,0.06876396768093519,0.9312360323190648,0.6004464285714284,0.7911318553092181,0.24769230769230768,0.9312360323190648,0.6190819669351305,True
2014,National University of Singapore,School of Computing,Bachelor of Computing (Computational Biology) **,,,,,,,,,True,True,,,,,,,,,,,False
2014,National University of Singapore,School of Computing,Bachelor of Computing (Computer Engineering) **,,,,,,,,,True,True,,,,,,,,,,,False
2014,National University of Singapore,School of Computing,Bachelor of Computing (Computer Science),90.6,85.9,3729.0,3500.0,3712.0,3500.0,3300.0,4000.0,False,False,700.0,212.0,4.699999999999989,0.12033694344163658,0.8796630565583634,0.7901785714285713,0.8354725787631273,0.3269230769230769,0.8796630565583634,0.7013755727720333,True
2014,National University of Singapore,School of Computing,Bachelor of Computing (Electronic Commerce),85.7,85.7,3183.0,3000.0,3386.0,3200.0,3000.0,3500.0,False,False,500.0,186.0,0.0,0.08595495960116899,0.914045040398831,0.6808035714285715,0.8331388564760794,0.2692307692307692,0.914045040398831,0.6585971767389123,True
2014,National University of Singapore,School of Computing,Bachelor of Computing (Information Systems),95.5,92.0,3684.0,3352.0,3789.0,3500.0,3100.0,4039.0,False,False,939.0,289.0,3.5,0.16142341413099537,0.8385765858690046,0.8995535714285714,0.9066511085180864,0.3269230769230769,0.8385765858690046,0.7493786610951172,True
2014,National University of Singapore,Faculty of Dentistry,Bachelor of Dental Surgery,100.0,100.0,4054.0,4000.0,4054.0,4000.0,4000.0,4020.0,False,False,20.0,54.0,0.0,0.0034381983840467596,0.9965618016159532,1.0,1.0,0.4230769230769231,0.9965618016159532,0.8552535010116237,True
2014,National University of Singapore,School of Design & Environment,Bachelor of Arts (Architecture) #,98.4,95.2,4290.0,4200.0,4400.0,4275.0,4000.0,4750.0,False,False,750.0,125.0,3.200000000000003,0.12893243940175347,0.8710675605982465,0.9642857142857144,0.9439906651108518,0.47596153846153844,0.8710675605982465,0.8221334325240914,True
2014,National University of Singapore,School of Design & Environment,Bachelor of Arts (Industrial Design),77.3,59.1,2600.0,2550.0,2603.0,2565.0,2200.0,3000.0,False,False,800.0,38.0,18.199999999999996,0.13752793536187038,0.8624720646381296,0.49330357142857134,0.5227537922987164,0.14711538461538462,0.8624720646381296,0.47096686496775186,True
2014,National University of Singapore,School of Design & Environment,Bachelor of Science (Project and Facilities Management),95.3,94.1,3089.0,3000.0,3181.0,3000.0,2900.0,3360.0,False,False,460.0,181.0,1.2000000000000028,0.07907856283307547,0.9209214371669245,0.8950892857142857,0.9311551925320887,0.23076923076923078,0.9209214371669245,0.7437038667412587,True
2014,National University of Singapore,School of Design & Environment,Bachelor of Science (Real Estate),93.1,89.2,2931.0,2950.0,3108.0,3000.0,2750.0,3300.0,False,False,550.0,108.0,3.8999999999999915,0.09455045556128588,0.9054495444387141,0.8459821428571427,0.8739789964994166,0.23076923076923078,0.9054495444387141,0.7094980811650825,True
2014,National University of Singapore,Faculty of Engineering,Bachelor of Engineering (Biomedical Engineering) ^^,87.5,77.1,2966.0,3000.0,3058.0,3000.0,2700.0,3300.0,False,False,600.0,58.0,10.400000000000006,0.10314595152140278,0.8968540484785972,0.7209821428571428,0.7327887981330221,0.23076923076923078,0.8968540484785972,0.6283516972611467,True
2014,National University of Singapore,Faculty of Engineering,Bachelor of Engineering (Chemical Engineering),83.9,76.4,3277.0,3200.0,3434.0,3300.0,3000.0,3650.0,False,False,650.0,134.0,7.5,0.11174144748151968,0.8882585525184803,0.6406250000000001,0.7246207701283548,0.28846153846153844,0.8882585525184803,0.6149278985316631,True
2014,National University of Singapore,Faculty of Engineering,Bachelor of Engineering (Civil Engineering),97.1,97.1,3212.0,3200.0,3281.0,3208.0,3000.0,3500.0,False,False,500.0,73.0,0.0,0.08595495960116899,0.914045040398831,0.935267857142857,0.9661610268378062,0.27076923076923076,0.914045040398831,0.7752277289463314,True
2014,National University of Singapore,Faculty of Engineering,Bachelor of Engineering (Computer Engineering),95.2,92.4,3674.0,3500.0,3762.0,3500.0,3200.0,4080.0,False,False,880.0,262.0,2.799999999999997,0.1512807288980574,0.8487192711019426,0.8928571428571429,0.9113185530921821,0.3269230769230769,0.8487192711019426,0.7502913686808581,True
2014,National University of Singapore,Faculty of Engineering,Bachelor of Engineering (Electrical Engineering),90.6,88.1,3306.0,3200.0,3571.0,3300.0,3000.0,3800.0,False,False,800.0,271.0,2.5,0.13752793536187038,0.8624720646381296,0.7901785714285713,0.8611435239206534,0.28846153846153844,0.8624720646381296,0.6968828229158714,True
2014,National University of Singapore,Faculty of Engineering,Bachelor of Engineering (Engineering Science),81.3,62.5,3375.0,3300.0,3465.0,3400.0,3275.0,3790.0,False,False,515.0,65.0,18.799999999999997,0.08853360838920406,0.9114663916107959,0.5825892857142856,0.5624270711785297,0.3076923076923077,0.9114663916107959,0.5571479427325409,True
2014,National University of Singapore,Faculty of Engineering,Bachelor of Engineering (Environmental Engineering),95.2,92.9,3250.0,3200.0,3215.0,3230.0,3000.0,3422.0,False,False,422.0,-15.0,2.299999999999997,0.07254598590338662,0.9274540140966134,0.8928571428571429,0.9171528588098017,0.275,0.9274540140966134,0.7508711026145753,True
2014,National University of Singapore,Faculty of Engineering,Bachelor of Engineering (Industrial and Systems Engineering),96.5,96.5,3591.0,3350.0,3719.0,3600.0,3200.0,4000.0,False,False,800.0,119.0,0.0,0.13752793536187038,0.8624720646381296,0.921875,0.9591598599766628,0.34615384615384615,0.8624720646381296,0.7802197292271797,True
2014,National University of Singapore,Faculty of Engineering,Bachelor of Engineering (Materials Science and Engineering),78.6,73.8,3054.0,3100.0,3350.0,3300.0,3000.0,3600.0,False,False,600.0,50.0,4.799999999999997,0.10314595152140278,0.8968540484785972,0.5223214285714284,0.6942823803967327,0.28846153846153844,0.8968540484785972,0.5716246345776225,True
2014,National University of Singapore,Faculty of Engineering,Bachelor of Engineering (Mechanical Engineering),90.0,88.5,3160.0,3100.0,3323.0,3200.0,3000.0,3500.0,False,False,500.0,123.0,1.5,0.08595495960116899,0.914045040398831,0.7767857142857143,0.8658109684947491,0.2692307692307692,0.914045040398831,0.6971934532016559,True
2014,National University of Singapore,Faculty of Law,Bachelor of Laws (LLB) (Hons) #,98.2,97.6,5027.0,5000.0,5247.0,5150.0,4800.0,5800.0,False,False,1000.0,97.0,0.6000000000000085,0.17190991920233797,0.828090080797662,0.9598214285714286,0.9719953325554258,0.6442307692307693,0.828090080797662,0.8648162327653979,True
2014,National University of Singapore,YLL School of Medicine,Bachelor of Medicine and Bachelor of Surgery #,100.0,100.0,4404.0,4500.0,4886.0,5000.0,4500.0,5200.0,False,False,700.0,-114.0,0.0,0.12033694344163658,0.8796630565583634,1.0,1.0,0.6153846153846154,0.8796630565583634,0.8857956123299083,True
2014,National University of Singapore,YLL School of Medicine,Bachelor of Science (Nursing),100.0,95.6,2976.0,3000.0,3188.0,3200.0,3050.0,3386.0,False,False,336.0,-12.0,4.400000000000006,0.05776173285198556,0.9422382671480144,1.0,0.9486581096849475,0.2692307692307692,0.9422382671480144,0.7932408652853786,True
2014,National University of Singapore,YLL School of Medicine,Bachelor of Science (Nursing) (Hons),100.0,100.0,3123.0,3270.0,3353.0,3500.0,3270.0,3600.0,False,False,330.0,-147.0,0.0,0.05673027333677153,0.9432697266632285,1.0,1.0,0.3269230769230769,0.9432697266632285,0.8232212282302536,True
2014,National University of Singapore,Yong Siew Toh Conservatory of Music,Bachelor of Music **,,,,,,,,,True,True,,,,,,,,,,,False
2014,National University of Singapore,Faculty of Science,Bachelor of Applied Science **,,,,,,,,,True,True,,,,,,,,,,,False
2014,National University of Singapore,Faculty of Science,Bachelor of Applied Science (Hons),95.5,81.8,2760.0,2750.0,2831.0,2800.0,2600.0,3000.0,False,False,400.0,31.0,13.700000000000003,0.06876396768093519,0.9312360323190648,0.8995535714285714,0.7876312718786465,0.19230769230769232,0.9312360323190648,0.6939177809169481,True
2014,National University of Singapore,Faculty of Science,Bachelor of Science,76.8,61.4,2804.0,2800.0,2973.0,3000.0,2700.0,3200.0,False,False,500.0,-27.0,15.399999999999999,0.08595495960116899,0.914045040398831,0.48214285714285704,0.5495915985997666,0.23076923076923078,0.914045040398831,0.5043194004749194,True
2014,National University of Singapore,Faculty of Science,Bachelor of Science (Hons),86.6,75.8,3224.0,3200.0,3328.0,3210.0,2950.0,3600.0,False,False,650.0,118.0,10.799999999999997,0.11174144748151968,0.8882585525184803,0.700892857142857,0.7176196032672112,0.27115384615384613,0.8882585525184803,0.626580982539254,True
2014,National University of Singapore,Faculty of Science,Bachelor of Science (Computational Biology) **,,,,,,,,,True,True,,,,,,,,,,,False
2014,National University of Singapore,Faculty of Science,Bachelor of Science (Pharmacy) (Hons) #,98.9,96.7,3467.0,3500.0,3670.0,3630.0,3470.0,4000.0,False,False,530.0,40.0,2.200000000000003,0.09111225717723913,0.9088877428227609,0.9754464285714287,0.9614935822637106,0.35192307692307695,0.9088877428227609,0.8053959339047251,True
2014,Singapore Management University,School of Accountancy (4-year programme) *,Accountancy (4-year programme),93.6,91.4,3375.0,2850.0,3420.0,2875.0,2722.0,3614.0,False,False,892.0,545.0,2.1999999999999886,0.15334364792848548,0.8466563520715145,0.857142857142857,0.8996499416569429,0.20673076923076922,0.8466563520715145,0.7057189847583595,True
2014,Singapore Management University,School of Accountancy (4-year programme) *,Accountancy (4-year programme) Cum Laude and above,97.4,96.1,3871.0,3450.0,3903.0,3500.0,2875.0,4300.0,False,False,1425.0,403.0,1.3000000000000114,0.24497163486333162,0.7550283651366684,0.9419642857142858,0.954492415402567,0.3269230769230769,0.7550283651366684,0.7639220343363252,True
2014,Singapore Management University,School of Business (4-year programme) *,Business Management (4-year programme),90.9,86.4,3630.0,3250.0,3752.0,3333.0,3000.0,4000.0,False,False,1000.0,419.0,4.5,0.17190991920233797,0.828090080797662,0.7968750000000001,0.8413068844807469,0.2948076923076923,0.828090080797662,0.6893700005407963,True
2014,Singapore Management University,School of Business (4-year programme) *,Business Management (4-year programme) Cum Laude and above,94.5,94.0,4019.0,3500.0,4116.0,3600.0,3200.0,4500.0,False,False,1300.0,516.0,0.5,0.22348289496303936,0.7765171050369606,0.8772321428571429,0.9299883313885647,0.34615384615384615,0.7765171050369606,0.7451821695677179,True
2014,Singapore Management University,School of Economics (4-year programme) *,Economics (4-year programme),90.2,83.9,3525.0,3500.0,3645.0,3500.0,3175.0,4000.0,False,False,825.0,145.0,6.299999999999997,0.14182568334192883,0.8581743166580712,0.78125,0.8121353558926488,0.3269230769230769,0.8581743166580712,0.6884725234972746,True
2014,Singapore Management University,School of Economics (4-year programme) *,Economics (4-year programme) Cum Laude and above,90.6,89.1,3815.0,3800.0,3824.0,3800.0,3300.0,4350.0,False,False,1050.0,24.0,1.5,0.18050541516245489,0.8194945848375451,0.7901785714285713,0.8728121353558926,0.38461538461538464,0.8194945848375451,0.7179752459148171,True
2014,Singapore Management University,School of Information Systems (4-year programme) *,Information Systems Management (4-year programme),92.9,80.6,3431.0,3225.0,3530.0,3350.0,3000.0,4000.0,False,False,1000.0,180.0,12.300000000000011,0.17190991920233797,0.828090080797662,0.8415178571428572,0.7736289381563594,0.2980769230769231,0.828090080797662,0.683276781478645,True
2014,Singapore Management University,School of Information Systems (4-year programme) *,Information Systems Management (4-year programme) Cum Laude and above,97.4,84.2,4057.0,4000.0,4151.0,4050.0,3500.0,4540.0,False,False,1040.0,101.0,13.200000000000003,0.1787863159704315,0.8212136840295685,0.9419642857142858,0.8156359393232205,0.4326923076923077,0.8212136840295685,0.758635197038764,True
2014,Singapore Management University,School of Social Sciences (4-year programme) *,Social Sciences (4-year programme),90.9,84.1,2981.0,3000.0,3166.0,3000.0,2800.0,3580.0,False,False,780.0,166.0,6.800000000000011,0.13408973697782361,0.8659102630221764,0.7968750000000001,0.8144690781796966,0.23076923076923078,0.8659102630221764,0.6709820705995431,True
2014,Singapore Management University,School of Social Sciences (4-year programme) *,Social Sciences (4-year programme) Cum Laude and above,87.5,81.3,3331.0,3215.0,3545.0,3590.0,3000.0,3955.0,False,False,955.0,-45.0,6.200000000000003,0.16417397283823276,0.8358260271617672,0.7209821428571428,0.7817969661610268,0.34423076923076923,0.8358260271617672,0.6622653290874082,True
2014,Singapore Management University,School of Law (4-year programme) *,Law (4-year programme) #,97.8,95.6,4932.0,4800.0,5332.0,5025.0,4600.0,5950.0,False,False,1350.0,307.0,2.200000000000003,0.23207839092315627,0.7679216090768437,0.9508928571428571,0.9486581096849475,0.6201923076923077,0.7679216090768437,0.8401016083329449,True
2014,Singapore Management University,School of Law (4-year programme) *,Law (4-year programme) Cum Laude and above #,97.7,97.7,5089.0,4900.0,5571.0,5800.0,4800.0,6000.0,False,False,1200.0,-229.0,0.0,0.20629190304280556,0.7937080969571945,0.9486607142857143,0.9731621936989499,0.7692307692307693,0.7937080969571945,0.8879107792466707,True
2014,Singapore Institute of Technology,DigiPen Institute of Technology,Bachelor of Arts in Game Design,100.0,86.7,2490.0,2700.0,2490.0,2700.0,2575.0,2800.0,False,False,225.0,-210.0,13.299999999999997,0.038679731820526045,0.9613202681794739,1.0,0.8448074679113186,0.17307692307692307,0.9613202681794739,0.7409095113695474,True
2014,Singapore Institute of Technology,DigiPen Institute of Technology,Bachelor of Fine Arts in Digital Arts & Animation,90.6,84.4,2586.0,2600.0,2603.0,2600.0,2300.0,2885.0,False,False,585.0,3.0,6.199999999999989,0.10056730273336771,0.8994326972666323,0.7901785714285713,0.8179696616102684,0.15384615384615385,0.8994326972666323,0.6558209129631851,True
2014,Singapore Institute of Technology,DigiPen Institute of Technology,Bachelor of Science in Computer Science & Game Design,100.0,100.0,2932.0,2875.0,2955.0,2975.0,2800.0,3075.0,False,False,275.0,-20.0,0.0,0.04727522778064294,0.952724772219357,1.0,1.0,0.22596153846153846,0.952724772219357,0.7993991004482881,True
2014,Singapore Institute of Technology,DigiPen Institute of Technology,Bachelor of Science in Computer Science in Real-Time Interactive Simulation,100.0,100.0,2859.0,3000.0,2910.0,3000.0,2700.0,3300.0,False,False,600.0,-90.0,0.0,0.10314595152140278,0.8968540484785972,1.0,1.0,0.23076923076923078,0.8968540484785972,0.7922204149640972,True
2014,Singapore Institute of Technology,The Glasgow School of Art,Bachelor of Arts with Honours in Communication Design,89.1,78.3,2547.0,2500.0,2595.0,2500.0,2400.0,2800.0,False,False,400.0,95.0,10.799999999999997,0.06876396768093519,0.9312360323190648,0.7566964285714284,0.7467911318553092,0.1346153846153846,0.9312360323190648,0.6243855191297272,True
2014,Singapore Institute of Technology,The Glasgow School of Art,Bachelor of Arts with Honours in Interior Design,93.9,90.9,2553.0,2500.0,2583.0,2500.0,2373.0,2800.0,False,False,427.0,83.0,3.0,0.07340553549939831,0.9265944645006017,0.8638392857142858,0.8938156359393233,0.1346153846153846,0.9265944645006017,0.6999394923250191,True
2014,Singapore Institute of Technology,Newcastle University,Bachelor of Engineering with Honours in Chemical Engineering,90.1,84.5,3041.0,3000.0,3325.0,3300.0,3000.0,3650.0,False,False,650.0,25.0,5.599999999999994,0.11174144748151968,0.8882585525184803,0.779017857142857,0.8191365227537923,0.28846153846153844,0.8882585525184803,0.6848004814621514,True
2014,Singapore Institute of Technology,Newcastle University,Bachelor of Engineering with Honours in Marine Engineering,92.6,88.9,3208.0,3100.0,3334.0,3260.0,3003.0,3594.0,False,False,591.0,74.0,3.6999999999999886,0.10159876224858175,0.8984012377514182,0.8348214285714284,0.8704784130688449,0.28076923076923077,0.8984012377514182,0.7165424458471024,True
2014,Singapore Institute of Technology,Newcastle University,Bachelor of Engineering with Honours in Mechanical Design & Manufacturing Engineering,97.1,85.7,3196.0,3000.0,3273.0,3100.0,3000.0,3338.0,False,False,338.0,173.0,11.399999999999991,0.058105552690390236,0.9418944473096098,0.935267857142857,0.8331388564760794,0.25,0.9418944473096098,0.7343061811821223,True
2014,Singapore Institute of Technology,Newcastle University,Bachelor of Engineering with Honours in Naval Architecture,100.0,94.1,3293.0,3355.0,3467.0,3500.0,3233.0,3675.0,False,False,442.0,-33.0,5.900000000000006,0.07598418428743338,0.9240158157125666,1.0,0.9311551925320887,0.3269230769230769,0.9240158157125666,0.7996796993472809,True
2014,Singapore Institute of Technology,Newcastle University,Bachelor of Engineering with Honours in Offshore Engineering,91.3,91.3,3311.0,3200.0,3467.0,3300.0,3075.0,3625.0,False,False,550.0,167.0,0.0,0.09455045556128588,0.9054495444387141,0.8058035714285714,0.8984830805134189,0.28846153846153844,0.9054495444387141,0.7192188118637887,True
2014,Singapore Institute of Technology,Newcastle University,Bachelor of Science with Honours in Food & Human Nutrition,75.0,61.4,2806.0,2750.0,2854.0,2800.0,2500.0,3170.0,False,False,670.0,54.0,13.600000000000001,0.11517964586556645,0.8848203541344335,0.4419642857142857,0.5495915985997666,0.19230769230769232,0.8848203541344335,0.47826674149130377,True
2014,Singapore Institute of Technology,Technische UniversitÃ¤t MÃ¼nchen,Bachelor of Science in Chemical Engineering,86.7,86.7,2954.0,2900.0,3285.0,3200.0,2950.0,3755.0,False,False,805.0,85.0,0.0,0.13838748495788206,0.8616125150421179,0.703125,0.8448074679113186,0.2692307692307692,0.8616125150421179,0.6609293099374055,True
2014,Singapore Institute of Technology,Technische UniversitÃ¤t MÃ¼nchen,Bachelor of Science in Electrical Engineering & Information Technology,85.7,82.1,3072.0,2900.0,3141.0,3000.0,2800.0,3480.0,False,False,680.0,141.0,3.6000000000000085,0.11689874505758982,0.8831012549424102,0.6808035714285715,0.7911318553092181,0.23076923076923078,0.8831012549424102,0.6317381239550062,True
2014,Singapore Institute of Technology,The Culinary Institute of America,Bachelor of Professional Studies in Culinary Arts Management,89.3,89.3,2430.0,2400.0,2503.0,2500.0,2200.0,2600.0,False,False,400.0,3.0,0.0,0.06876396768093519,0.9312360323190648,0.7611607142857142,0.8751458576429405,0.1346153846153846,0.9312360323190648,0.6642312225803023,True
2014,Singapore Institute of Technology,Trinity College Dublin,Bachelor in Science (Occupational Therapy),100.0,100.0,3127.0,3100.0,3151.0,3100.0,3000.0,3338.0,False,False,338.0,51.0,0.0,0.058105552690390236,0.9418944473096098,1.0,1.0,0.25,0.9418944473096098,0.8037841670964414,True
2014,Singapore Institute of Technology,Trinity College Dublin,Bachelor in Science (Physiotherapy),100.0,100.0,3204.0,3200.0,3229.0,3200.0,3000.0,3500.0,False,False,500.0,29.0,0.0,0.08595495960116899,0.914045040398831,1.0,1.0,0.2692307692307692,0.914045040398831,0.8044144483675169,True
2014,Singapore Institute of Technology,University of Glasgow,Bachelor of Engineering with Honours in Aeronautical Engineering,88.0,88.0,3396.0,3000.0,3415.0,3000.0,2849.0,4194.0,False,False,1345.0,415.0,0.0,0.23121884132714457,0.7687811586728555,0.7321428571428571,0.8599766627771295,0.23076923076923078,0.7687811586728555,0.6506453374692319,True
2014,Singapore Institute of Technology,University of Glasgow,Bachelor of Engineering with Honours in Aerospace Systems,85.7,75.0,3217.0,3100.0,3333.0,3150.0,2900.0,3500.0,False,False,600.0,183.0,10.700000000000003,0.10314595152140278,0.8968540484785972,0.6808035714285715,0.7082847141190198,0.25961538461538464,0.8968540484785972,0.6161584390899131,True
2014,Singapore Institute of Technology,University of Glasgow,Bachelor of Engineering with Honours in Mechanical Design Engineering,92.3,92.3,3229.0,3000.0,3424.0,3250.0,2950.0,3556.0,False,False,606.0,174.0,0.0,0.10417741103661682,0.8958225889633832,0.8281249999999999,0.9101516919486581,0.27884615384615385,0.8958225889633832,0.7255679343906432,True
2014,Singapore Institute of Technology,University of Glasgow,Bachelor of Engineering with Honours in Mechatronics,93.0,87.3,3067.0,3050.0,3209.0,3100.0,2964.0,3443.0,False,False,479.0,109.0,5.700000000000003,0.0823448512979199,0.9176551487020801,0.84375,0.851808634772462,0.25,0.9176551487020801,0.7088158627370507,True
2014,Singapore Institute of Technology,University of Manchester,Bachelor of Science with Honours in Nursing Practice,97.2,94.4,3230.0,3260.0,3464.0,3511.0,3115.0,3860.0,False,False,745.0,-47.0,2.799999999999997,0.1280728898057418,0.8719271101942582,0.9375000000000001,0.9346557759626605,0.32903846153846156,0.8719271101942582,0.7746954147025522,True
2014,Singapore Institute of Technology,"University of Nevada, Las Vegas",Bachelor of Science (Major in Hospitality Management),88.8,78.0,2445.0,2500.0,2634.0,2500.0,2300.0,2900.0,False,False,600.0,134.0,10.799999999999997,0.10314595152140278,0.8968540484785972,0.7499999999999999,0.7432905484247375,0.1346153846153846,0.8968540484785972,0.616169117953057,True
2014,Singapore Institute of Technology,Wheelock College,Bachelor of Science in Early Childhood Education,97.1,97.1,2509.0,2600.0,2553.0,2600.0,2475.0,2613.0,False,False,138.0,-47.0,0.0,0.02372356884992264,0.9762764311500773,0.935267857142857,0.9661610268378062,0.15384615384615385,0.9762764311500773,0.755331668328249,True
2015,Nanyang Technological University,College of Business (Nanyang Business School),Accountancy and Business,98.6,97.3,4225.0,3500.0,4438.0,3770.0,3000.0,4850.0,False,False,1850.0,668.0,1.2999999999999972,0.31803335052432524,0.6819666494756748,0.9687499999999999,0.9684947491248541,0.37884615384615383,0.6819666494756748,0.7781799606203459,True
2015,Nanyang Technological University,College of Business (Nanyang Business School),Accountancy (3-yr direct Honours Programme),97.3,96.5,3182.0,2850.0,3240.0,2875.0,2850.0,3125.0,False,False,275.0,365.0,0.7999999999999972,0.04727522778064294,0.952724772219357,0.9397321428571428,0.9591598599766628,0.20673076923076922,0.952724772219357,0.7642590089907374,True
2015,Nanyang Technological University,College of Business (Nanyang Business School),Business (3-yr direct Honours Programme),92.2,87.6,3343.0,3100.0,3502.0,3200.0,2900.0,3700.0,False,False,800.0,302.0,4.6000000000000085,0.13752793536187038,0.8624720646381296,0.8258928571428572,0.8553092182030337,0.2692307692307692,0.8624720646381296,0.701039124607179,True
2015,Nanyang Technological University,College of Business (Nanyang Business School),Business and Computing,100.0,100.0,4036.0,4184.0,4395.0,4583.0,3800.0,4876.0,False,False,1076.0,-188.0,0.0,0.18497507306171565,0.8150249269382843,1.0,1.0,0.5351923076923077,0.8150249269382843,0.8560518159638196,True
2015,Nanyang Technological University,College of Engineering,Aerospace Engineering,86.0,86.0,3699.0,3650.0,3724.0,3700.0,3450.0,4000.0,False,False,550.0,24.0,0.0,0.09455045556128588,0.9054495444387141,0.6875,0.8366394399066511,0.36538461538461536,0.9054495444387141,0.6844054174839562,True
2015,Nanyang Technological University,College of Engineering,Aerospace Engineering and Economics **,,,,,,,,,True,True,,,,,,,,,,,False
2015,Nanyang Technological University,College of Engineering,Bioengineering,92.6,76.5,3079.0,3000.0,3197.0,3113.0,2900.0,3450.0,False,False,550.0,84.0,16.099999999999994,0.09455045556128588,0.9054495444387141,0.8348214285714284,0.7257876312718786,0.2525,0.9054495444387141,0.6671251496187992,True
2015,Nanyang Technological University,College of Engineering,Business and Computer Engineering **,,,,,,,,,True,True,,,,,,,,,,,False
2015,Nanyang Technological University,College of Engineering,Chemical And Biomolecular Engineering,86.8,80.9,3156.0,3100.0,3373.0,3300.0,3000.0,3600.0,False,False,600.0,73.0,5.8999999999999915,0.10314595152140278,0.8968540484785972,0.7053571428571428,0.7771295215869313,0.28846153846153844,0.8968540484785972,0.6513894912203964,True
2015,Nanyang Technological University,College of Engineering,Chemical And Biomolecular Engineering and Economics **,,,,,,,,,True,True,,,,,,,,,,,False
2015,Nanyang Technological University,College of Engineering,Computer Engineering,85.1,83.0,3489.0,3350.0,3577.0,3500.0,3200.0,4000.0,False,False,800.0,77.0,2.0999999999999943,0.13752793536187038,0.8624720646381296,0.6674107142857142,0.8016336056009334,0.3269230769230769,0.8624720646381296,0.651814874892483,True
2015,Nanyang Technological University,College of Engineering,Civil Engineering,95.3,93.0,3125.0,3100.0,3206.0,3200.0,3000.0,3300.0,False,False,300.0,6.0,2.299999999999997,0.05157297576070139,0.9484270242392986,0.8950892857142857,0.9183197199533255,0.2692307692307692,0.9484270242392986,0.7535944476438704,True
2015,Nanyang Technological University,College of Engineering,Computer Science,92.4,91.4,3489.0,3300.0,3535.0,3300.0,3150.0,3800.0,False,False,650.0,235.0,1.0,0.11174144748151968,0.8882585525184803,0.830357142857143,0.8996499416569429,0.28846153846153844,0.8882585525184803,0.7243562928473823,True
2015,Nanyang Technological University,College of Engineering,Electrical And Electronic Engineering,88.6,86.2,3345.0,3200.0,3446.0,3300.0,3000.0,3690.0,False,False,690.0,146.0,2.3999999999999915,0.1186178442496132,0.8813821557503868,0.7455357142857142,0.838973162193699,0.28846153846153844,0.8813821557503868,0.6796753709217666,True
2015,Nanyang Technological University,College of Engineering,Environmental Engineering,89.7,82.1,3472.0,3200.0,3673.0,3300.0,3000.0,3835.0,False,False,835.0,373.0,7.6000000000000085,0.1435447825339522,0.8564552174660478,0.7700892857142858,0.7911318553092181,0.28846153846153844,0.8564552174660478,0.668950009542343,True
2015,Nanyang Technological University,College of Engineering,Environmental Engineering and Economics **,,,,,,,,,True,True,,,,,,,,,,,False
2015,Nanyang Technological University,College of Engineering,Information Engineering And Media,87.3,80.0,3271.0,3200.0,3375.0,3275.0,3000.0,3500.0,False,False,500.0,100.0,7.299999999999997,0.08595495960116899,0.914045040398831,0.7165178571428571,0.7666277712952159,0.28365384615384615,0.914045040398831,0.6529639061297081,True
2015,Nanyang Technological University,College of Engineering,Information Engineering And Media and Economics **,,,,,,,,,True,True,,,,,,,,,,,False
2015,Nanyang Technological University,College of Engineering,Materials Engineering,82.9,76.8,3213.0,3100.0,3397.0,3200.0,3000.0,3600.0,False,False,600.0,197.0,6.1000000000000085,0.10314595152140278,0.8968540484785972,0.6183035714285715,0.7292882147024504,0.2692307692307692,0.8968540484785972,0.6061133354187884,True
2015,Nanyang Technological University,College of Engineering,Mechanical Engineering,88.0,80.7,3248.0,3200.0,3388.0,3250.0,3000.0,3600.0,False,False,600.0,138.0,7.299999999999997,0.10314595152140278,0.8968540484785972,0.7321428571428571,0.7747957992998834,0.27884615384615385,0.8968540484785972,0.6563212426661501,True
2015,Nanyang Technological University,College of Engineering,Mechanical Engineering and Economics **,,,,,,,,,True,True,,,,,,,,,,,False
2015,Nanyang Technological University,College of Engineering,Maritime Studies,95.0,95.0,3249.0,3200.0,3271.0,3200.0,3000.0,3300.0,False,False,300.0,71.0,0.0,0.05157297576070139,0.9484270242392986,0.8883928571428571,0.941656942823804,0.2692307692307692,0.9484270242392986,0.7585866859335855,True
2015,Nanyang Technological University,"College of Humanities, Arts & Social Sciences","Art, Design & Media",79.3,56.9,3284.0,2800.0,3457.0,2800.0,2200.0,3000.0,False,False,800.0,657.0,22.4,0.13752793536187038,0.8624720646381296,0.5379464285714285,0.4970828471411901,0.19230769230769232,0.8624720646381296,0.48795651548642804,True
2015,Nanyang Technological University,"College of Humanities, Arts & Social Sciences",Chinese,81.8,76.6,2978.0,3000.0,3045.0,3200.0,2800.0,3500.0,False,False,700.0,-155.0,5.200000000000003,0.12033694344163658,0.8796630565583634,0.5937499999999999,0.7269544924154026,0.2692307692307692,0.8796630565583634,0.5954684985160675,True
2015,Nanyang Technological University,"College of Humanities, Arts & Social Sciences",Communication Studies,85.1,74.4,2921.0,2900.0,3008.0,3000.0,2600.0,3330.0,False,False,730.0,8.0,10.699999999999989,0.12549424101770673,0.8745057589822933,0.6674107142857142,0.7012835472578763,0.23076923076923078,0.8745057589822933,0.5994764500027289,True
2015,Nanyang Technological University,"College of Humanities, Arts & Social Sciences",Economics,87.4,75.9,3322.0,3200.0,3496.0,3300.0,3000.0,3800.0,False,False,800.0,196.0,11.5,0.13752793536187038,0.8624720646381296,0.7187500000000001,0.7187864644107352,0.28846153846153844,0.8624720646381296,0.6327471336343247,True
2015,Nanyang Technological University,"College of Humanities, Arts & Social Sciences",English,88.0,74.0,3238.0,3000.0,3322.0,3314.0,2604.0,3743.0,False,False,1139.0,8.0,14.0,0.19580539797146296,0.8041946020285371,0.7321428571428571,0.6966161026837806,0.29115384615384615,0.8041946020285371,0.6220453397907334,True
2015,Nanyang Technological University,"College of Humanities, Arts & Social Sciences",Linguistics And Multilingual Studies,88.4,55.8,3475.0,3000.0,3753.0,3000.0,2800.0,3600.0,False,False,800.0,753.0,32.60000000000001,0.13752793536187038,0.8624720646381296,0.7410714285714287,0.48424737456242706,0.23076923076923078,0.8624720646381296,0.5546587583281839,True
2015,Nanyang Technological University,"College of Humanities, Arts & Social Sciences",Psychology,73.3,52.0,3099.0,3121.0,3264.0,3200.0,2800.0,3562.0,False,False,762.0,64.0,21.299999999999997,0.13099535843218155,0.8690046415678184,0.40401785714285704,0.4399066511085181,0.2692307692307692,0.8690046415678184,0.45083574101827756,True
2015,Nanyang Technological University,"College of Humanities, Arts & Social Sciences",Sociology,85.7,79.4,3260.0,3000.0,3402.0,3125.0,2700.0,3600.0,False,False,900.0,277.0,6.299999999999997,0.15471892728210418,0.8452810727178959,0.6808035714285715,0.7596266044340724,0.2548076923076923,0.8452810727178959,0.6226231367434006,True
2015,Nanyang Technological University,College of Sciences,Biomedical Science (Traditional Chinese Medicine) #,100.0,100.0,2832.0,2800.0,2882.0,2800.0,2500.0,3105.0,False,False,605.0,82.0,0.0,0.10400550111741448,0.8959944988825855,1.0,1.0,0.19230769230769232,0.8959944988825855,0.7824760979093109,True
2015,Nanyang Technological University,College of Sciences,Biological Sciences,74.6,65.3,3117.0,3000.0,3229.0,3190.0,2875.0,3600.0,False,False,725.0,39.0,9.299999999999997,0.12463469142169503,0.875365308578305,0.43303571428571414,0.5950991831971996,0.2673076923076923,0.875365308578305,0.5065721886085429,True
2015,Nanyang Technological University,College of Sciences,Chemistry & Biological Chemistry,83.9,72.3,2960.0,2900.0,3139.0,3000.0,2800.0,3500.0,False,False,700.0,139.0,11.600000000000009,0.12033694344163658,0.8796630565583634,0.6406250000000001,0.676779463243874,0.23076923076923078,0.8796630565583634,0.5848631051492245,True
2015,Nanyang Technological University,College of Sciences,Mathematics & Economics,95.3,84.4,3291.0,3000.0,3440.0,3205.0,2925.0,3500.0,False,False,575.0,235.0,10.899999999999991,0.09884820354134434,0.9011517964586556,0.8950892857142857,0.8179696616102684,0.2701923076923077,0.9011517964586556,0.7166385305892414,True
2015,Nanyang Technological University,College of Sciences,Mathematical Science,81.8,72.7,3254.0,3125.0,3402.0,3240.0,2950.0,3500.0,False,False,550.0,162.0,9.099999999999994,0.09455045556128588,0.9054495444387141,0.5937499999999999,0.6814469078179697,0.27692307692307694,0.9054495444387141,0.5876072732419672,True
2015,Nanyang Technological University,College of Sciences,Physics / Applied Physics,82.1,69.6,3098.0,3000.0,3186.0,3200.0,2900.0,3400.0,False,False,500.0,-14.0,12.5,0.08595495960116899,0.914045040398831,0.6004464285714284,0.6452742123687281,0.2692307692307692,0.914045040398831,0.5781306406495639,True
2015,Nanyang Technological University,College of Sciences,Sports Science and Management,90.7,72.1,3232.0,3000.0,3307.0,3295.0,2900.0,3600.0,False,False,700.0,12.0,18.60000000000001,0.12033694344163658,0.8796630565583634,0.7924107142857143,0.6744457409568261,0.2875,0.8796630565583634,0.6438813950565166,True
2015,Nanyang Technological University,National Institute of Education (NIE),Science (with Education),100.0,100.0,3496.0,3500.0,3604.0,3504.0,3500.0,3855.0,False,False,355.0,100.0,0.0,0.06102802131682998,0.9389719786831701,1.0,1.0,0.32769230769230767,0.9389719786831701,0.8227688737255523,True
2015,Nanyang Technological University,National Institute of Education (NIE),Arts (with Education),100.0,100.0,3551.0,3500.0,3622.0,3500.0,3500.0,3605.0,False,False,105.0,122.0,0.0,0.018050541516245487,0.9819494584837545,1.0,1.0,0.3269230769230769,0.9819494584837545,0.8290231880033324,True
2015,National University of Singapore,Faculty of Arts & Social Sciences,Bachelor of Arts,88.4,74.6,2839.0,2880.0,2999.0,3000.0,2700.0,3215.0,False,False,515.0,-1.0,13.800000000000011,0.08853360838920406,0.9114663916107959,0.7410714285714287,0.7036172695449241,0.23076923076923078,0.9114663916107959,0.6278188758688329,True
2015,National University of Singapore,Faculty of Arts & Social Sciences,Bachelor of Arts (Hons),83.0,70.5,3266.0,3310.0,3310.0,3310.0,3000.0,3625.0,False,False,625.0,0.0,12.5,0.10744369950146124,0.8925563004985387,0.6205357142857143,0.6557759626604435,0.2903846153846154,0.8925563004985387,0.589373102004782,True
2015,National University of Singapore,Faculty of Arts & Social Sciences,Bachelor of Social Sciences,88.6,79.8,3317.0,3300.0,3442.0,3310.0,3000.0,3686.0,False,False,686.0,132.0,8.799999999999997,0.11793020457280386,0.8820697954271961,0.7455357142857142,0.764294049008168,0.2903846153846154,0.8820697954271961,0.6578555521483979,True
2015,National University of Singapore,NUS Business School,Bachelor of Business Administration,88.2,80.3,3164.0,3000.0,3341.0,3000.0,2800.0,3700.0,False,False,900.0,341.0,7.900000000000006,0.15471892728210418,0.8452810727178959,0.7366071428571429,0.7701283547257876,0.23076923076923078,0.8452810727178959,0.6365051178748713,True
2015,National University of Singapore,NUS Business School,Bachelor of Business Administration (Hons),96.0,93.1,4173.0,3750.0,4326.0,3800.0,3300.0,4600.0,False,False,1300.0,526.0,2.9000000000000057,0.22348289496303936,0.7765171050369606,0.9107142857142857,0.9194865810968494,0.38461538461538464,0.7765171050369606,0.7616916719527307,True
2015,National University of Singapore,NUS Business School,Bachelor of Business Administration (Accountancy),97.6,97.6,2817.0,2850.0,2983.0,2850.0,2700.0,2960.0,False,False,260.0,133.0,0.0,0.04469657899260787,0.9553034210073921,0.9464285714285713,0.9719953325554258,0.20192307692307693,0.9553034210073921,0.7693034535770771,True
2015,National University of Singapore,NUS Business School,Bachelor of Business Administration (Accountancy) (Hons),98.6,98.6,3547.0,3000.0,3587.0,3000.0,2850.0,3634.0,False,False,784.0,587.0,0.0,0.13477737665463296,0.865222623345367,0.9687499999999999,0.983663943990665,0.23076923076923078,0.865222623345367,0.7731998843913123,True
2015,National University of Singapore,School of Computing,Bachelor of Computing (Communications and Media),92.6,85.2,3230.0,3500.0,3291.0,3500.0,2800.0,3800.0,False,False,1000.0,-209.0,7.3999999999999915,0.17190991920233797,0.828090080797662,0.8348214285714284,0.8273045507584598,0.3269230769230769,0.828090080797662,0.704582075149385,True
2015,National University of Singapore,School of Computing,Bachelor of Computing (Computational Biology) **,,,,,,,,,True,True,,,,,,,,,,,False
2015,National University of Singapore,School of Computing,Bachelor of Computing (Computer Engineering) **,,,,,,,,,True,True,,,,,,,,,,,False
2015,National University of Singapore,School of Computing,Bachelor of Computing (Computer Science),97.0,95.0,3847.0,3700.0,3890.0,3700.0,3300.0,4400.0,False,False,1100.0,190.0,2.0,0.18910091112257177,0.8108990888774282,0.9330357142857143,0.941656942823804,0.36538461538461536,0.8108990888774282,0.7753888143106236,True
2015,National University of Singapore,School of Computing,Bachelor of Computing (Electronic Commerce),90.3,87.1,3255.0,3300.0,3301.0,3300.0,3000.0,3500.0,False,False,500.0,1.0,3.200000000000003,0.08595495960116899,0.914045040398831,0.7834821428571428,0.8494749124854142,0.28846153846153844,0.914045040398831,0.6991092572779762,True
2015,National University of Singapore,School of Computing,Bachelor of Computing (Information Systems),97.2,97.2,3597.0,3500.0,3699.0,3550.0,3200.0,4100.0,False,False,900.0,149.0,0.0,0.15471892728210418,0.8452810727178959,0.9375000000000001,0.9673278879813303,0.33653846153846156,0.8452810727178959,0.7823751426866988,True
2015,National University of Singapore,Faculty of Dentistry,Bachelor of Dental Surgery,100.0,100.0,4053.0,4000.0,4083.0,4000.0,4000.0,4400.0,False,False,400.0,83.0,0.0,0.06876396768093519,0.9312360323190648,1.0,1.0,0.4230769230769231,0.9312360323190648,0.8454546356170904,True
2015,National University of Singapore,School of Design & Environment,Bachelor of Arts (Architecture) #,97.6,96.4,4054.0,4114.0,4099.0,4127.0,3700.0,4500.0,False,False,800.0,-28.0,1.1999999999999886,0.13752793536187038,0.8624720646381296,0.9464285714285713,0.9579929988331389,0.4475,0.8624720646381296,0.8125722807742325,True
2015,National University of Singapore,School of Design & Environment,Bachelor of Arts (Industrial Design),72.0,60.0,2907.0,3000.0,2908.0,3000.0,2700.0,3200.0,False,False,500.0,-92.0,12.0,0.08595495960116899,0.914045040398831,0.37499999999999994,0.5332555425904317,0.23076923076923078,0.914045040398831,0.46727572652926186,True
2015,National University of Singapore,School of Design & Environment,Bachelor of Science (Project and Facilities Management),94.3,90.8,2989.0,3000.0,3067.0,3000.0,2800.0,3215.0,False,False,415.0,67.0,3.5,0.07134261646897026,0.9286573835310298,0.8727678571428571,0.8926487747957993,0.23076923076923078,0.9286573835310298,0.7266159048035592,True
2015,National University of Singapore,School of Design & Environment,Bachelor of Science (Real Estate),93.9,89.6,3146.0,3000.0,3325.0,3100.0,2810.0,3500.0,False,False,690.0,225.0,4.300000000000011,0.1186178442496132,0.8813821557503868,0.8638392857142858,0.8786464410735122,0.25,0.8813821557503868,0.7174530413988973,True
2015,National University of Singapore,Faculty of Engineering,Bachelor of Engineering (Biomedical Engineering),86.2,75.9,3256.0,3200.0,3357.0,3300.0,3000.0,3500.0,False,False,500.0,57.0,10.299999999999997,0.08595495960116899,0.914045040398831,0.6919642857142858,0.7187864644107352,0.28846153846153844,0.914045040398831,0.6324473657127154,True
2015,National University of Singapore,Faculty of Engineering,Bachelor of Engineering (Chemical Engineering),86.0,82.9,3400.0,3300.0,3529.0,3500.0,3000.0,4000.0,False,False,1000.0,29.0,3.0999999999999943,0.17190991920233797,0.828090080797662,0.6875,0.8004667444574096,0.3269230769230769,0.828090080797662,0.6523343046876414,True
2015,National University of Singapore,Faculty of Engineering,Bachelor of Engineering (Civil Engineering),96.5,95.3,3300.0,3300.0,3366.0,3350.0,3200.0,3500.0,False,False,300.0,16.0,1.2000000000000028,0.05157297576070139,0.9484270242392986,0.921875,0.9451575262543757,0.2980769230769231,0.9484270242392986,0.7768930422814382,True
2015,National University of Singapore,Faculty of Engineering,Bachelor of Engineering (Computer Engineering),91.8,90.6,4119.0,4000.0,4252.0,4000.0,3325.0,4583.0,False,False,1258.0,252.0,1.2000000000000028,0.21626267835654117,0.7837373216434589,0.8169642857142856,0.8903150525087514,0.4230769230769231,0.7837373216434589,0.7355136304826606,True
2015,National University of Singapore,Faculty of Engineering,Bachelor of Engineering (Electrical Engineering),92.1,90.4,3452.0,3200.0,3589.0,3300.0,3000.0,3700.0,False,False,700.0,289.0,1.6999999999999886,0.12033694344163658,0.8796630565583634,0.8236607142857142,0.8879813302217037,0.28846153846153844,0.8796630565583634,0.7175574564513644,True
2015,National University of Singapore,Faculty of Engineering,Bachelor of Engineering (Engineering Science),82.6,73.9,3768.0,3735.0,3812.0,3800.0,3500.0,4420.0,False,False,920.0,12.0,8.699999999999989,0.15815712566615095,0.8418428743338491,0.6116071428571427,0.6954492415402568,0.38461538461538464,0.8418428743338491,0.6145471926231434,True
2015,National University of Singapore,Faculty of Engineering,Bachelor of Engineering (Environmental Engineering),88.1,85.7,3318.0,3430.0,3337.0,3450.0,3000.0,3670.0,False,False,670.0,-113.0,2.3999999999999915,0.11517964586556645,0.8848203541344335,0.7343749999999999,0.8331388564760794,0.3173076923076923,0.8848203541344335,0.682304133139912,True
2015,National University of Singapore,Faculty of Engineering,Bachelor of Engineering (Industrial and Systems Engineering),96.1,94.7,3624.0,3475.0,3724.0,3500.0,3300.0,4030.0,False,False,730.0,224.0,1.3999999999999915,0.12549424101770673,0.8745057589822933,0.9129464285714285,0.9381563593932323,0.3269230769230769,0.8745057589822933,0.7682374694675115,True
2015,National University of Singapore,Faculty of Engineering,Bachelor of Engineering (Materials Science and Engineering),100.0,95.0,3121.0,3200.0,3391.0,3350.0,3050.0,3790.0,False,False,740.0,41.0,5.0,0.1272133402097301,0.8727866597902699,1.0,0.941656942823804,0.2980769230769231,0.8727866597902699,0.7879343125849124,True
2015,National University of Singapore,Faculty of Engineering,Bachelor of Engineering (Mechanical Engineering),83.3,80.0,3279.0,3200.0,3422.0,3300.0,3000.0,3600.0,False,False,600.0,122.0,3.299999999999997,0.10314595152140278,0.8968540484785972,0.6272321428571428,0.7666277712952159,0.28846153846153844,0.8968540484785972,0.6248014661328817,True
2015,National University of Singapore,Faculty of Law,Bachelor of Laws (L.L.B) (Hons) #,96.9,96.9,4866.0,4600.0,4910.0,4700.0,4200.0,5800.0,False,False,1600.0,210.0,0.0,0.27505587072374077,0.7249441292762593,0.9308035714285715,0.9638273045507585,0.5576923076923077,0.7249441292762593,0.8165539591083147,True
2015,National University of Singapore,YLL School of Medicine,Bachelor of Medicine and Bachelor of Surgery #,100.0,100.0,4352.0,4500.0,4729.0,4900.0,4500.0,5000.0,False,False,500.0,-171.0,0.0,0.08595495960116899,0.914045040398831,1.0,1.0,0.5961538461538461,0.914045040398831,0.8861452175982862,True
2015,National University of Singapore,YLL School of Medicine,Bachelor of Science (Nursing),97.3,97.3,3175.0,3200.0,3356.0,3400.0,3200.0,3445.0,False,False,245.0,-44.0,0.0,0.0421179302045728,0.9578820697954272,0.9397321428571428,0.9684947491248541,0.3076923076923077,0.9578820697954272,0.79307345498699,True
2015,National University of Singapore,YLL School of Medicine,Bachelor of Science (Nursing) (Hons),100.0,100.0,3219.0,3200.0,3466.0,3435.0,3300.0,3700.0,False,False,400.0,31.0,0.0,0.06876396768093519,0.9312360323190648,1.0,1.0,0.3144230769230769,0.9312360323190648,0.818291174078629,True
2015,National University of Singapore,Yong Siew Toh Conservatory of Music,Bachelor of Music,82.4,41.2,3244.0,3200.0,3344.0,3300.0,3000.0,3600.0,False,False,600.0,44.0,41.2,0.10314595152140278,0.8968540484785972,0.6071428571428572,0.3138856476079347,0.28846153846153844,0.8968540484785972,0.4829520433124117,True
2015,National University of Singapore,Faculty of Science,Bachelor of Applied Science **,,,,,,,,,True,True,,,,,,,,,,,False
2015,National University of Singapore,Faculty of Science,Bachelor of Applied Science (Hons),85.2,77.8,3203.0,3000.0,3355.0,3100.0,3000.0,4000.0,False,False,1000.0,255.0,7.400000000000006,0.17190991920233797,0.828090080797662,0.6696428571428572,0.7409568261376895,0.25,0.828090080797662,0.6098934171038133,True
2015,National University of Singapore,Faculty of Science,Bachelor of Science,84.3,64.2,2859.0,2900.0,3052.0,3000.0,2620.0,3200.0,False,False,580.0,52.0,20.099999999999994,0.09970775313735603,0.900292246862644,0.6495535714285714,0.5822637106184364,0.23076923076923078,0.900292246862644,0.5622813293358067,True
2015,National University of Singapore,Faculty of Science,Bachelor of Science (Hons),83.9,76.2,3245.0,3200.0,3321.0,3300.0,3000.0,3600.0,False,False,600.0,21.0,7.700000000000003,0.10314595152140278,0.8968540484785972,0.6406250000000001,0.7222870478413069,0.28846153846153844,0.8968540484785972,0.6155171062395662,True
2015,National University of Singapore,Faculty of Science,Bachelor of Science (Computational Biology) **,,,,,,,,,True,True,,,,,,,,,,,False
2015,National University of Singapore,Faculty of Science,Bachelor of Science (Pharmacy) (Hons) #,99.0,97.9,3431.0,3500.0,3717.0,3500.0,3400.0,3929.0,False,False,529.0,217.0,1.0999999999999943,0.09094034725803679,0.9090596527419632,0.9776785714285714,0.9754959159859977,0.3269230769230769,0.9090596527419632,0.8040420633664345,True
2015,National University of Singapore,Multi-Disciplinary Programme,Bachelor of Environmental Studies,71.9,59.4,3400.0,3462.0,3433.0,3500.0,3238.0,3550.0,False,False,312.0,-67.0,12.500000000000007,0.05363589479112945,0.9463641052088706,0.3727678571428572,0.5262543757292881,0.3269230769230769,0.9463641052088706,0.4933920548737434,True
2015,Singapore Management University,School of Accountancy (4-year programme) *,Accountancy,97.3,93.0,3287.0,2900.0,3427.0,3000.0,2850.0,3500.0,False,False,650.0,427.0,4.299999999999997,0.11174144748151968,0.8882585525184803,0.9397321428571428,0.9183197199533255,0.23076923076923078,0.8882585525184803,0.7483466494132202,True
2015,Singapore Management University,School of Accountancy (4-year programme) *,Accountancy Cum Laude and above,97.7,97.7,3597.0,3100.0,3701.0,3200.0,2850.0,4110.0,False,False,1260.0,501.0,0.0,0.21660649819494585,0.7833935018050542,0.9486607142857143,0.9731621936989499,0.2692307692307692,0.7833935018050542,0.7613635899738497,True
2015,Singapore Management University,School of Business (4-year programme) *,Business Management,93.9,88.2,3513.0,3200.0,3611.0,3300.0,3000.0,4000.0,False,False,1000.0,311.0,5.700000000000003,0.17190991920233797,0.828090080797662,0.8638392857142858,0.8623103850641775,0.28846153846153844,0.828090080797662,0.7141737979685727,True
2015,Singapore Management University,School of Business (4-year programme) *,Business Management Cum Laude and above,98.3,93.3,4050.0,3800.0,4130.0,3868.0,3200.0,4600.0,False,False,1400.0,262.0,5.0,0.24067388688327315,0.7593261131167268,0.9620535714285714,0.9218203033838973,0.3976923076923077,0.7593261131167268,0.7784841563343265,True
2015,Singapore Management University,School of Economics (4-year programme) *,Economics,90.3,85.8,3798.0,3500.0,3946.0,3500.0,3200.0,4100.0,False,False,900.0,446.0,4.5,0.15471892728210418,0.8452810727178959,0.7834821428571428,0.8343057176196033,0.3269230769230769,0.8452810727178959,0.6938592882814775,True
2015,Singapore Management University,School of Economics (4-year programme) *,Economics Cum Laude and above,98.2,92.7,4249.0,3800.0,4380.0,3850.0,3500.0,4700.0,False,False,1200.0,530.0,5.5,0.20629190304280556,0.7937080969571945,0.9598214285714286,0.9148191365227538,0.3942307692307692,0.7937080969571945,0.7800060763795261,True
2015,Singapore Management University,School of Information Systems (4-year programme) *,Information Systems Management,94.8,85.9,3491.0,3500.0,3660.0,3500.0,3200.0,4110.0,False,False,910.0,160.0,8.899999999999991,0.15643802647412755,0.8435619735258725,0.8839285714285714,0.8354725787631273,0.3269230769230769,0.8435619735258725,0.7240854103171598,True
2015,Singapore Management University,School of Information Systems (4-year programme) *,Information Systems Management Cum Laude and above,97.4,92.1,3577.0,3800.0,3834.0,3800.0,3500.0,4166.0,False,False,666.0,34.0,5.300000000000011,0.11449200618875709,0.8855079938112429,0.9419642857142858,0.9078179696616102,0.38461538461538464,0.8855079938112429,0.7839147218383014,True
2015,Singapore Management University,School of Social Sciences (4-year programme) *,Social Sciences,89.0,83.0,3306.0,3100.0,3550.0,3200.0,2980.0,3600.0,False,False,620.0,350.0,6.0,0.10658414990544954,0.8934158500945505,0.7544642857142857,0.8016336056009334,0.2692307692307692,0.8934158500945505,0.6681494372164406,True
2015,Singapore Management University,School of Social Sciences (4-year programme) *,Social Sciences Cum Laude and above,93.1,89.7,3887.0,3500.0,4012.0,3560.0,3300.0,4583.0,False,False,1283.0,452.0,3.3999999999999915,0.2205604263365996,0.7794395736634003,0.8459821428571427,0.8798133022170362,0.3384615384615385,0.7794395736634003,0.7192699541871483,True
2015,Singapore Management University,School of Law (4-year programme) *,Law #,99.0,99.0,4889.0,4600.0,4997.0,4731.0,4350.0,5800.0,False,False,1450.0,266.0,0.0,0.24926938284339006,0.7507306171566099,0.9776785714285714,0.9883313885647608,0.5636538461538462,0.7507306171566099,0.8433260421099525,True
2015,Singapore Management University,School of Law (4-year programme) *,Law Cum Laude and above #,100.0,100.0,5160.0,4766.0,5313.0,5000.0,4500.0,5995.0,False,False,1495.0,313.0,0.0,0.25700532920749525,0.7429946707925048,1.0,1.0,0.6153846153846154,0.7429946707925048,0.8652953544650296,True
2015,Singapore University of Technology and Design,na,Bachelor of Engineering (Engineering Product Development),92.5,88.1,3595.0,3618.0,3565.0,3600.0,3400.0,3800.0,False,False,400.0,-35.0,4.400000000000006,0.06876396768093519,0.9312360323190648,0.8325892857142857,0.8611435239206534,0.34615384615384615,0.9312360323190648,0.7343437092768029,True
2015,Singapore University of Technology and Design,na,Bachelor of Engineering (Engineering Systems and Design),80.3,71.8,3699.0,3450.0,3763.0,3500.0,3190.0,4100.0,False,False,910.0,263.0,8.5,0.15643802647412755,0.8435619735258725,0.5602678571428571,0.6709451575262544,0.3269230769230769,0.8435619735258725,0.5776289696603835,True
2015,Singapore University of Technology and Design,na,Bachelor of Engineering (Information Systems Technology and Design),86.0,83.7,3872.0,3700.0,3952.0,3950.0,3338.0,4450.0,False,False,1112.0,2.0,2.299999999999997,0.19116383015299984,0.8088361698470001,0.6875,0.809801633605601,0.41346153846153844,0.8088361698470001,0.673881300174115,True
2015,Singapore University of Technology and Design,na,Bachelor of Science (Architecture and Sustainable Design) ###,,,,,,,,,True,True,,,,,,,,,,,False
2015,Singapore Institute of Technology,DigiPen Institute of Technology,Bachelor of Arts in Game Design **,,,,,,,,,True,True,,,,,,,,,,,False
2015,Singapore Institute of Technology,DigiPen Institute of Technology,Bachelor of Fine Arts in Digital Arts & Animation,88.5,65.4,2643.0,2700.0,2682.0,2700.0,2500.0,2800.0,False,False,300.0,-18.0,23.099999999999994,0.05157297576070139,0.9484270242392986,0.7433035714285714,0.5962660443407235,0.17307692307692307,0.9484270242392986,0.587404169135914,True
2015,Singapore Institute of Technology,DigiPen Institute of Technology,Bachelor of Science in Computer Science & Game Design **,,,,,,,,,True,True,,,,,,,,,,,False
2015,Singapore Institute of Technology,DigiPen Institute of Technology,Bachelor of Science in Computer Science in Real-Time Interactive Simulation,95.2,90.5,3332.0,3200.0,3346.0,3233.0,3000.0,3500.0,False,False,500.0,113.0,4.700000000000003,0.08595495960116899,0.914045040398831,0.8928571428571429,0.8891481913652275,0.27557692307692305,0.914045040398831,0.7406025870957664,True
2015,Singapore Institute of Technology,The Glasgow School of Art,Bachelor of Arts with Honours in Communication Design,76.1,54.3,2896.0,2750.0,2922.0,2750.0,2523.0,2975.0,False,False,452.0,172.0,21.799999999999997,0.07770328347945676,0.9222967165205432,0.466517857142857,0.46674445740956827,0.18269230769230768,0.9222967165205432,0.46399627876688593,True
2015,Singapore Institute of Technology,The Glasgow School of Art,Bachelor of Arts with Honours in Interior Design,87.5,71.9,2520.0,2600.0,2893.0,2700.0,2500.0,3025.0,False,False,525.0,193.0,15.599999999999994,0.09025270758122744,0.9097472924187726,0.7209821428571428,0.6721120186697783,0.17307692307692307,0.9097472924187726,0.597659573090123,True
2015,Singapore Institute of Technology,Newcastle University,Bachelor of Engineering with Honours in Chemical Engineering,85.5,72.6,3097.0,3000.0,3405.0,3250.0,2900.0,3750.0,False,False,850.0,155.0,12.900000000000006,0.14612343132198727,0.8538765686780128,0.6763392857142857,0.6802800466744456,0.27884615384615385,0.8538765686780128,0.6047788234798598,True
2015,Singapore Institute of Technology,Newcastle University,Bachelor of Engineering with Honours in Electrical Power Engineering,83.0,77.4,3334.0,3100.0,3452.0,3300.0,3000.0,3550.0,False,False,550.0,152.0,5.599999999999994,0.09455045556128588,0.9054495444387141,0.6205357142857143,0.736289381563594,0.28846153846153844,0.9054495444387141,0.6149803450359842,True
2015,Singapore Institute of Technology,Newcastle University,Bachelor of Engineering with Honours in Marine Engineering,91.7,91.7,3180.0,3025.0,3354.0,3225.0,3050.0,3500.0,False,False,450.0,129.0,0.0,0.07735946364105209,0.9226405363589479,0.8147321428571429,0.9031505250875146,0.27403846153846156,0.9226405363589479,0.7222704962218549,True
2015,Singapore Institute of Technology,Newcastle University,Bachelor of Engineering with Honours in Mechanical Design & Manufacturing Engineering,90.5,83.3,3069.0,3050.0,3266.0,3200.0,3000.0,3500.0,False,False,500.0,66.0,7.200000000000003,0.08595495960116899,0.914045040398831,0.7879464285714286,0.8051341890315052,0.2692307692307692,0.914045040398831,0.682338633648397,True
2015,Singapore Institute of Technology,Newcastle University,Bachelor of Engineering with Honours in Naval Architecture,100.0,100.0,3211.0,3050.0,3266.0,3141.0,2900.0,3500.0,False,False,600.0,125.0,0.0,0.10314595152140278,0.8968540484785972,1.0,1.0,0.2578846153846154,0.8968540484785972,0.7989992611179434,True
2015,Singapore Institute of Technology,Newcastle University,Bachelor of Engineering with Honours in Offshore Engineering,100.0,94.7,3166.0,3125.0,3469.0,3350.0,3238.0,3575.0,False,False,337.0,119.0,5.299999999999997,0.0579336427711879,0.9420663572288122,1.0,0.9381563593932323,0.2980769230769231,0.9420663572288122,0.7972760921715222,True
2015,Singapore Institute of Technology,Newcastle University,Bachelor of Science with Honours in Food & Human Nutrition,89.2,81.1,2683.0,2700.0,2876.0,2700.0,2475.0,3050.0,False,False,575.0,176.0,8.100000000000009,0.09884820354134434,0.9011517964586556,0.7589285714285715,0.7794632438739789,0.17307692307692307,0.9011517964586556,0.6399595448287941,True
2015,Singapore Institute of Technology,Technische UniversitÃ¤t MÃ¼nchen,Bachelor of Science in Chemical Engineering,87.5,79.2,2759.0,2800.0,2970.0,2950.0,2800.0,3200.0,False,False,400.0,20.0,8.299999999999997,0.06876396768093519,0.9312360323190648,0.7209821428571428,0.7572928821470245,0.22115384615384615,0.9312360323190648,0.6384563738875715,True
2015,Singapore Institute of Technology,Technische UniversitÃ¤t MÃ¼nchen,Bachelor of Science in Electrical Engineering & Information Technology,100.0,90.0,3044.0,3100.0,3339.0,3250.0,3000.0,3488.0,False,False,488.0,89.0,10.0,0.08389204057074093,0.916107959429259,1.0,0.8833138856476079,0.27884615384615385,0.916107959429259,0.7721218980702096,True
2015,Singapore Institute of Technology,The Culinary Institute of America,Bachelor of Professional Studies in Culinary Arts Management,92.6,81.5,2482.0,2300.0,2586.0,2400.0,2000.0,2800.0,False,False,800.0,186.0,11.099999999999994,0.13752793536187038,0.8624720646381296,0.8348214285714284,0.7841306884480747,0.11538461538461539,0.8624720646381296,0.6439025986477241,True
2015,Singapore Institute of Technology,Singapore Institute of Technology -Trinity College Dublin,Bachelor in Science (Diagnostic Radiography),100.0,100.0,3322.0,3300.0,3486.0,3488.0,3313.0,3650.0,False,False,337.0,-2.0,0.0,0.0579336427711879,0.9420663572288122,1.0,1.0,0.32461538461538464,0.9420663572288122,0.822463799738168,True
2015,Singapore Institute of Technology,Trinity College Dublin,Bachelor in Science (Occupational Therapy),100.0,100.0,3126.0,3120.0,3149.0,3125.0,3000.0,3225.0,False,False,225.0,24.0,0.0,0.038679731820526045,0.9613202681794739,1.0,1.0,0.2548076923076923,0.9613202681794739,0.8078999633038441,True
2015,Singapore Institute of Technology,Trinity College Dublin,Bachelor in Science (Physiotherapy),100.0,98.3,3234.0,3200.0,3310.0,3222.0,3200.0,3500.0,False,False,300.0,88.0,1.7000000000000028,0.05157297576070139,0.9484270242392986,1.0,0.9801633605600933,0.2734615384615385,0.9484270242392986,0.8046784464193074,True
2015,Singapore Institute of Technology,Trinity College Dublin,Bachelor in Science (Radiation Therapy) **,,,,,,,,,True,True,,,,,,,,,,,False
2015,Singapore Institute of Technology,University of Glasgow,Bachelor of Engineering with Honours in Aeronautical Engineering,81.6,73.7,2766.0,3000.0,2840.0,3000.0,2614.0,3293.0,False,False,679.0,-160.0,7.8999999999999915,0.11672683513838748,0.8832731648616126,0.5892857142857141,0.6931155192532089,0.23076923076923078,0.8832731648616126,0.5749036524832265,True
2015,Singapore Institute of Technology,University of Glasgow,Bachelor of Engineering with Honours in Aerospace Systems,83.3,70.8,3128.0,3000.0,3185.0,3000.0,2882.0,3300.0,False,False,418.0,185.0,12.5,0.07185834622657727,0.9281416537734227,0.6272321428571428,0.6592765460910152,0.23076923076923078,0.9281416537734227,0.5828661624427685,True
2015,Singapore Institute of Technology,University of Glasgow,Bachelor of Engineering with Honours in Mechanical Design Engineering,72.2,61.1,3160.0,3000.0,3685.0,3250.0,2960.0,4200.0,False,False,1240.0,435.0,11.100000000000001,0.21316829981089908,0.786831700189101,0.37946428571428575,0.5460910151691948,0.27884615384615385,0.786831700189101,0.4654028837549477,True
2015,Singapore Institute of Technology,University of Glasgow,Bachelor of Engineering with Honours in Mechatronics,96.4,94.5,3202.0,3000.0,3404.0,3100.0,2975.0,3875.0,False,False,900.0,304.0,1.9000000000000057,0.15471892728210418,0.8452810727178959,0.9196428571428573,0.9358226371061844,0.25,0.8452810727178959,0.7459318091823969,True
2015,Singapore Institute of Technology,University of Glasgow,Bachelor of Science with Honours in Computing Science,95.6,86.7,3247.0,3250.0,3391.0,3300.0,3152.0,3400.0,False,False,248.0,91.0,8.899999999999991,0.04263365996217982,0.9573663400378202,0.9017857142857142,0.8448074679113186,0.28846153846153844,0.9573663400378202,0.7396982902801675,True
2015,Singapore Institute of Technology,University of Manchester,Bachelor of Science with Honours in Nursing Practice,98.3,96.7,3304.0,3400.0,3624.0,3615.0,3400.0,3838.0,False,False,438.0,9.0,1.5999999999999943,0.07529654461062403,0.9247034553893759,0.9620535714285714,0.9614935822637106,0.3490384615384615,0.9247034553893759,0.8030292798007064,True
2015,Singapore Institute of Technology,"University of Nevada, Las Vegas",Bachelor of Science (Major in Hospitality Management),89.9,82.6,2515.0,2500.0,2607.0,2548.0,2338.0,2850.0,False,False,512.0,59.0,7.300000000000011,0.08801787863159705,0.911982121368403,0.7745535714285715,0.7969661610268377,0.14384615384615385,0.911982121368403,0.6442147764034216,True
2015,Singapore Institute of Technology,Wheelock College,Bachelor of Science in Early Childhood Education,100.0,96.4,2772.0,2700.0,2807.0,2700.0,2608.0,3000.0,False,False,392.0,107.0,3.5999999999999943,0.06738868832731648,0.9326113116726835,1.0,0.9579929988331389,0.17307692307692307,0.9326113116726835,0.7705588271700748,True
2016,Nanyang Technological University,College of Business (Nanyang Business School),Accountancy,97.3,95.1,3027.0,2900.0,3063.0,2900.0,2900.0,3100.0,False,False,200.0,163.0,2.200000000000003,0.034381983840467596,0.9656180161595324,0.9397321428571428,0.9428238039673278,0.21153846153846154,0.9656180161595324,0.7624941018558864,True
2016,Nanyang Technological University,College of Business (Nanyang Business School),Accountancy and Business,97.4,96.6,3836.0,3500.0,3893.0,3500.0,3100.0,4250.0,False,False,1150.0,393.0,0.8000000000000114,0.19769640708268868,0.8023035929173113,0.9419642857142858,0.9603267211201867,0.3269230769230769,0.8023035929173113,0.7727636102187077,True
2016,Nanyang Technological University,College of Business (Nanyang Business School),Business,89.6,77.1,3348.0,3200.0,3444.0,3300.0,3000.0,3800.0,False,False,800.0,144.0,12.5,0.13752793536187038,0.8624720646381296,0.7678571428571427,0.7327887981330221,0.28846153846153844,0.8624720646381296,0.6516799766081535,True
2016,Nanyang Technological University,College of Business (Nanyang Business School),Business and Computing,94.4,94.4,4232.0,4000.0,4407.0,4600.0,3800.0,5000.0,False,False,1200.0,-193.0,0.0,0.20629190304280556,0.7937080969571945,0.8750000000000001,0.9346557759626605,0.5384615384615384,0.7937080969571945,0.7965683319477619,True
2016,Nanyang Technological University,College of Engineering,Aerospace Engineering,82.4,77.9,3761.0,3625.0,3840.0,3675.0,3350.0,4435.0,False,False,1085.0,165.0,4.5,0.1865222623345367,0.8134777376654633,0.6071428571428572,0.7421236872812136,0.3605769230769231,0.8134777376654633,0.6169458547462715,True
2016,Nanyang Technological University,College of Engineering,Aerospace Engineering and Economics **,,,,,,,,,True,True,,,,,,,,,,,False
2016,Nanyang Technological University,College of Engineering,Bioengineering,77.8,63.9,3151.0,3200.0,3317.0,3237.0,3000.0,3510.0,False,False,510.0,80.0,13.899999999999999,0.08767405879319237,0.9123259412068077,0.5044642857142856,0.5787631271878646,0.27634615384615385,0.9123259412068077,0.5309036535132047,True
2016,Nanyang Technological University,College of Engineering,Business and Computer Engineering **,,,,,,,,,True,True,,,,,,,,,,,False
2016,Nanyang Technological University,College of Engineering,Chemical And Biomolecular Engineering,80.6,72.6,3336.0,3225.0,3476.0,3400.0,3200.0,3800.0,False,False,600.0,76.0,8.0,0.10314595152140278,0.8968540484785972,0.5669642857142856,0.6802800466744456,0.3076923076923077,0.8968540484785972,0.5856244839114859,True
2016,Nanyang Technological University,College of Engineering,Civil Engineering,92.4,91.6,3407.0,3250.0,3505.0,3300.0,3200.0,3800.0,False,False,600.0,205.0,0.8000000000000114,0.10314595152140278,0.8968540484785972,0.830357142857143,0.9019836639439907,0.28846153846153844,0.8968540484785972,0.7263457339275142,True
2016,Nanyang Technological University,College of Engineering,Computer Engineering,83.3,75.9,3792.0,3500.0,3833.0,3500.0,3300.0,4420.0,False,False,1120.0,333.0,7.3999999999999915,0.19253910950661854,0.8074608904933814,0.6272321428571428,0.7187864644107352,0.3269230769230769,0.8074608904933814,0.6066554849851398,True
2016,Nanyang Technological University,College of Engineering,Computer Science,94.6,91.4,3784.0,3500.0,3848.0,3500.0,3300.0,4333.0,False,False,1033.0,348.0,3.1999999999999886,0.17758294653601514,0.8224170534639849,0.8794642857142856,0.8996499416569429,0.3269230769230769,0.8224170534639849,0.7388275954617356,True
2016,Nanyang Technological University,College of Engineering,Electrical And Electronic Engineering,89.1,83.6,3443.0,3300.0,3517.0,3400.0,3190.0,3800.0,False,False,610.0,117.0,5.5,0.10486505071342617,0.8951349492865739,0.7566964285714284,0.8086347724620769,0.3076923076923077,0.8951349492865739,0.6807926796261146,True
2016,Nanyang Technological University,College of Engineering,Environmental Engineering,80.6,74.2,3156.0,3100.0,3216.0,3100.0,2800.0,3400.0,False,False,600.0,116.0,6.3999999999999915,0.10314595152140278,0.8968540484785972,0.5669642857142856,0.6989498249708285,0.25,0.8968540484785972,0.5768023404773237,True
2016,Nanyang Technological University,College of Engineering,Information Engineering And Media,94.6,87.5,3496.0,3350.0,3570.0,3350.0,3000.0,4000.0,False,False,1000.0,220.0,7.099999999999994,0.17190991920233797,0.828090080797662,0.8794642857142856,0.8541423570595099,0.2980769230769231,0.828090080797662,0.7188147357210186,True
2016,Nanyang Technological University,College of Engineering,Maritime Studies,94.2,88.5,3305.0,3300.0,3328.0,3398.0,3083.0,3500.0,False,False,417.0,-70.0,5.700000000000003,0.07168643630737494,0.9283135636926251,0.8705357142857143,0.8658109684947491,0.3073076923076923,0.9283135636926251,0.7369779624649558,True
2016,Nanyang Technological University,College of Engineering,Materials Engineering,81.3,73.5,3197.0,3200.0,3317.0,3300.0,3000.0,3500.0,False,False,500.0,17.0,7.799999999999997,0.08595495960116899,0.914045040398831,0.5825892857142856,0.690781796966161,0.28846153846153844,0.914045040398831,0.5912334654793432,True
2016,Nanyang Technological University,College of Engineering,Materials Engineering and Economics **,,,,,,,,,True,True,,,,,,,,,,,False
2016,Nanyang Technological University,College of Engineering,Mechanical Engineering,86.0,79.9,3417.0,3300.0,3505.0,3350.0,3050.0,3959.0,False,False,909.0,155.0,6.099999999999994,0.15626611655492523,0.8437338834450747,0.6875,0.765460910151692,0.2980769230769231,0.8437338834450747,0.6369675863314995,True
2016,Nanyang Technological University,College of Engineering,Mechanical Engineering and Economics **,,,,,,,,,True,True,,,,,,,,,,,False
2016,Nanyang Technological University,"College of Humanities, Arts & Social Sciences","Art, Design & Media",79.7,46.6,2718.0,2700.0,2761.0,2700.0,2500.0,3000.0,False,False,500.0,61.0,33.1,0.08595495960116899,0.914045040398831,0.546875,0.37689614935822635,0.17307692307692307,0.914045040398831,0.45750733163652335,True
2016,Nanyang Technological University,"College of Humanities, Arts & Social Sciences",Chinese,91.1,74.7,3239.0,3300.0,3345.0,3300.0,3050.0,3500.0,False,False,450.0,45.0,16.39999999999999,0.07735946364105209,0.9226405363589479,0.8013392857142856,0.7047841306884481,0.28846153846153844,0.9226405363589479,0.6623484899900469,True
2016,Nanyang Technological University,"College of Humanities, Arts & Social Sciences",Communication Studies,87.7,69.6,2938.0,2900.0,2996.0,3000.0,2575.0,3365.0,False,False,790.0,-4.0,18.10000000000001,0.135808836169847,0.8641911638301529,0.7254464285714286,0.6452742123687281,0.23076923076923078,0.8641911638301529,0.5985371745488777,True
2016,Nanyang Technological University,"College of Humanities, Arts & Social Sciences",Economics,91.3,79.3,3385.0,3300.0,3440.0,3300.0,3000.0,3850.0,False,False,850.0,140.0,12.0,0.14612343132198727,0.8538765686780128,0.8058035714285714,0.7584597432905484,0.28846153846153844,0.8538765686780128,0.6694758643328225,True
2016,Nanyang Technological University,"College of Humanities, Arts & Social Sciences",English,75.0,54.2,2974.0,3000.0,2997.0,3000.0,2700.0,3400.0,False,False,700.0,-3.0,20.799999999999997,0.12033694344163658,0.8796630565583634,0.4419642857142857,0.4655775962660444,0.23076923076923078,0.8796630565583634,0.46190433077016124,True
2016,Nanyang Technological University,"College of Humanities, Arts & Social Sciences",History,87.2,76.6,3027.0,3000.0,3082.0,3000.0,2700.0,3500.0,False,False,800.0,82.0,10.600000000000009,0.13752793536187038,0.8624720646381296,0.7142857142857143,0.7269544924154026,0.23076923076923078,0.8624720646381296,0.6194351793983622,True
2016,Nanyang Technological University,"College of Humanities, Arts & Social Sciences",Linguistics And Multilingual Studies,81.8,61.8,3283.0,3315.0,3368.0,3365.0,2960.0,3500.0,False,False,540.0,3.0,20.0,0.09283135636926251,0.9071686436307375,0.5937499999999999,0.5542590431738623,0.30096153846153845,0.9071686436307375,0.5557183941121538,True
2016,Nanyang Technological University,"College of Humanities, Arts & Social Sciences",Psychology,82.1,66.7,3083.0,3100.0,3136.0,3200.0,2800.0,3500.0,False,False,700.0,-64.0,15.399999999999991,0.12033694344163658,0.8796630565583634,0.6004464285714284,0.6114352392065344,0.2692307692307692,0.8796630565583634,0.5628216511248356,True
2016,Nanyang Technological University,"College of Humanities, Arts & Social Sciences",Public Policy And Global Affairs **,,,,,,,,,True,True,,,,,,,,,,,False
2016,Nanyang Technological University,"College of Humanities, Arts & Social Sciences",Sociology,86.1,63.9,3279.0,3300.0,3480.0,3500.0,3000.0,3850.0,False,False,850.0,-20.0,22.199999999999996,0.14612343132198727,0.8538765686780128,0.6897321428571427,0.5787631271878646,0.3269230769230769,0.8538765686780128,0.5903608355459733,True
2016,Nanyang Technological University,College of Sciences,Biomedical Sciences & Chinese Medicine #,94.4,88.9,2525.0,2400.0,2577.0,2500.0,2150.0,2800.0,False,False,650.0,77.0,5.5,0.11174144748151968,0.8882585525184803,0.8750000000000001,0.8704784130688449,0.1346153846153846,0.8882585525184803,0.6905361529522716,True
2016,Nanyang Technological University,College of Sciences,Biological Sciences,80.5,64.0,3132.0,3100.0,3222.0,3175.0,3000.0,3550.0,False,False,550.0,47.0,16.5,0.09455045556128588,0.9054495444387141,0.5647321428571428,0.5799299883313885,0.2644230769230769,0.9054495444387141,0.5453218402531357,True
2016,Nanyang Technological University,College of Sciences,Chemistry & Biological Chemistry,80.6,64.2,3119.0,3000.0,3234.0,3149.0,2925.0,3500.0,False,False,575.0,85.0,16.39999999999999,0.09884820354134434,0.9011517964586556,0.5669642857142856,0.5822637106184364,0.2594230769230769,0.9011517964586556,0.5447969375993842,True
2016,Nanyang Technological University,College of Sciences,Mathematical Sciences,88.5,76.9,3453.0,3400.0,3535.0,3500.0,3200.0,3750.0,False,False,550.0,35.0,11.599999999999994,0.09455045556128588,0.9054495444387141,0.7433035714285714,0.7304550758459744,0.3269230769230769,0.9054495444387141,0.65967579507894,True
2016,Nanyang Technological University,College of Sciences,Mathematics & Economics,89.4,72.7,3346.0,3150.0,3458.0,3300.0,3000.0,3750.0,False,False,750.0,158.0,16.700000000000003,0.12893243940175347,0.8710675605982465,0.7633928571428572,0.6814469078179697,0.28846153846153844,0.8710675605982465,0.6362274481933696,True
2016,Nanyang Technological University,College of Sciences,Physics / Applied Physics,85.7,77.1,3578.0,3350.0,3683.0,3450.0,3100.0,4000.0,False,False,900.0,233.0,8.600000000000009,0.15471892728210418,0.8452810727178959,0.6808035714285715,0.7327887981330221,0.3173076923076923,0.8452810727178959,0.6301967948530857,True
2016,Nanyang Technological University,Sports Science and Management,Sports Science and Management,83.1,66.1,3196.0,3100.0,3272.0,3200.0,2825.0,3500.0,False,False,675.0,72.0,17.0,0.11603919546157813,0.8839608045384219,0.622767857142857,0.6044340723453908,0.2692307692307692,0.8839608045384219,0.5680623918349299,True
2016,Nanyang Technological University,National Institute of Education (NIE),Arts (with Education),100.0,100.0,3337.0,3500.0,3525.0,3525.0,3400.0,3615.0,False,False,215.0,0.0,0.0,0.03696063262850267,0.9630393673714973,1.0,1.0,0.3317307692307692,0.9630393673714973,0.8273885974134169,True
2016,Nanyang Technological University,National Institute of Education (NIE),Science (with Education),100.0,100.0,3438.0,3500.0,3546.0,3525.0,3500.0,3850.0,False,False,350.0,21.0,0.0,0.06016847172081829,0.9398315282791817,1.0,1.0,0.3317307692307692,0.9398315282791817,0.8239074215495695,True
2016,National University of Singapore,Faculty of Arts & Social Sciences,Bachelor of Arts,86.1,62.5,2971.0,3000.0,3063.0,3000.0,2600.0,3200.0,False,False,600.0,63.0,23.599999999999994,0.10314595152140278,0.8968540484785972,0.6897321428571427,0.5624270711785297,0.23076923076923078,0.8968540484785972,0.5678681791747989,True
2016,National University of Singapore,Faculty of Arts & Social Sciences,Bachelor of Arts (Hons),90.7,74.1,3258.0,3300.0,3321.0,3500.0,3000.0,3600.0,False,False,600.0,-179.0,16.60000000000001,0.10314595152140278,0.8968540484785972,0.7924107142857143,0.6977829638273045,0.3269230769230769,0.8968540484785972,0.6633169799364644,True
2016,National University of Singapore,Faculty of Arts & Social Sciences,Bachelor of Social Sciences,89.5,73.3,3341.0,3300.0,3423.0,3300.0,3000.0,3650.0,False,False,650.0,123.0,16.200000000000003,0.11174144748151968,0.8882585525184803,0.765625,0.6884480746791132,0.28846153846153844,0.8882585525184803,0.6415760898968905,True
2016,National University of Singapore,Faculty Of Dentistry,Bachelor of Dental Surgery,100.0,100.0,4173.0,4050.0,4221.0,4050.0,4050.0,4450.0,False,False,400.0,171.0,0.0,0.06876396768093519,0.9312360323190648,1.0,1.0,0.4326923076923077,0.9312360323190648,0.8478584817709367,True
2016,National University of Singapore,Faculty Of Engineering,Bachelor of Engineering (Biomedical Engineering),91.9,80.6,3314.0,3100.0,3366.0,3200.0,3000.0,3500.0,False,False,500.0,166.0,11.300000000000011,0.08595495960116899,0.914045040398831,0.8191964285714287,0.7736289381563594,0.2692307692307692,0.914045040398831,0.6822620583858534,True
2016,National University of Singapore,Faculty Of Engineering,Bachelor of Engineering (Chemical Engineering),85.3,80.3,3414.0,3250.0,3562.0,3450.0,3150.0,4000.0,False,False,850.0,112.0,5.0,0.14612343132198727,0.8538765686780128,0.6718749999999999,0.7701283547257876,0.3173076923076923,0.8538765686780128,0.6400094147963612,True
2016,National University of Singapore,Faculty Of Engineering,Bachelor of Engineering (Civil Engineering),95.3,91.9,3402.0,3300.0,3509.0,3420.0,3200.0,3800.0,False,False,600.0,89.0,3.3999999999999915,0.10314595152140278,0.8968540484785972,0.8950892857142857,0.9054842473745625,0.31153846153846154,0.8968540484785972,0.7525847825830593,True
2016,National University of Singapore,Faculty Of Engineering,Bachelor of Engineering (Computer Engineering),89.1,85.9,3884.0,3700.0,3942.0,3900.0,3467.0,4500.0,False,False,1033.0,42.0,3.1999999999999886,0.17758294653601514,0.8224170534639849,0.7566964285714284,0.8354725787631273,0.40384615384615385,0.8224170534639849,0.7019747986815029,True
2016,National University of Singapore,Faculty Of Engineering,Bachelor of Engineering (Electrical Engineering),91.9,87.6,3669.0,3400.0,3765.0,3500.0,3200.0,4200.0,False,False,1000.0,265.0,4.300000000000011,0.17190991920233797,0.828090080797662,0.8191964285714287,0.8553092182030337,0.3269230769230769,0.828090080797662,0.7082959753827572,True
2016,National University of Singapore,Faculty Of Engineering,Bachelor of Engineering (Engineering Science),85.2,74.1,3549.0,3400.0,3707.0,3740.0,3350.0,4026.0,False,False,676.0,-33.0,11.100000000000009,0.11621110538078047,0.8837888946192195,0.6696428571428572,0.6977829638273045,0.3730769230769231,0.8837888946192195,0.6360653112531622,True
2016,National University of Singapore,Faculty Of Engineering,Bachelor of Engineering (Environmental Engineering),79.3,65.5,3432.0,3300.0,3470.0,3350.0,3000.0,3832.0,False,False,832.0,120.0,13.799999999999997,0.1430290527763452,0.8569709472236549,0.5379464285714285,0.5974329054842474,0.2980769230769231,0.8569709472236549,0.5436786730694818,True
2016,National University of Singapore,Faculty Of Engineering,Bachelor of Engineering (Industrial and Systems Engineering),80.3,78.9,3788.0,3450.0,3879.0,3500.0,3300.0,4250.0,False,False,950.0,379.0,1.3999999999999915,0.16331442324222106,0.836685576757779,0.5602678571428571,0.7537922987164528,0.3269230769230769,0.836685576757779,0.601451652502229,True
2016,National University of Singapore,Faculty Of Engineering,Bachelor of Engineering (Materials Science And Engineering),90.2,78.4,3381.0,3300.0,3501.0,3540.0,3200.0,3900.0,False,False,700.0,-39.0,11.799999999999997,0.12033694344163658,0.8796630565583634,0.78125,0.7479579929988333,0.3346153846153846,0.8796630565583634,0.6743657025372507,True
2016,National University of Singapore,Faculty Of Engineering,Bachelor of Engineering (Mechanical Engineering),86.6,81.0,3470.0,3300.0,3560.0,3400.0,3150.0,3800.0,False,False,650.0,160.0,5.599999999999994,0.11174144748151968,0.8882585525184803,0.700892857142857,0.7782963827304551,0.3076923076923077,0.8882585525184803,0.6539186317628426,True
2016,National University of Singapore,Faculty of Law,Bachelor of Laws (L.L.B) (Hons) #,97.7,95.9,4844.0,4775.0,4898.0,4900.0,4200.0,5600.0,False,False,1400.0,-2.0,1.7999999999999972,0.24067388688327315,0.7593261131167268,0.9486607142857143,0.9521586931155194,0.5961538461538461,0.7593261131167268,0.8331832007263407,True
2016,National University of Singapore,Faculty of Science,Bachelor of Applied Science **,,,,,,,,,True,True,,,,,,,,,,,False
2016,National University of Singapore,Faculty of Science,Bachelor of Applied Science (Hons),81.0,61.9,2905.0,2800.0,3058.0,3130.0,2800.0,3350.0,False,False,550.0,-72.0,19.1,0.09455045556128588,0.9054495444387141,0.5758928571428571,0.5554259043173861,0.25576923076923075,0.9054495444387141,0.5391553677961877,True
2016,National University of Singapore,Faculty of Science,Bachelor of Science,84.3,59.4,2895.0,3000.0,2995.0,3000.0,2600.0,3225.0,False,False,625.0,-5.0,24.9,0.10744369950146124,0.8925563004985387,0.6495535714285714,0.5262543757292881,0.23076923076923078,0.8925563004985387,0.5443181369144463,True
2016,National University of Singapore,Faculty of Science,Bachelor of Science (Hons),84.9,71.7,3331.0,3300.0,3386.0,3300.0,3000.0,3650.0,False,False,650.0,86.0,13.200000000000003,0.11174144748151968,0.8882585525184803,0.6629464285714287,0.6697782963827305,0.28846153846153844,0.8882585525184803,0.6051715849794044,True
2016,National University of Singapore,Faculty of Science,Bachelor of Science (Computational Biology) **,,,,,,,,,True,True,,,,,,,,,,,False
2016,National University of Singapore,Faculty of Science,Bachelor of Science (Pharmacy)(Hons) #,99.1,97.2,3500.0,3500.0,3597.0,3600.0,3300.0,3950.0,False,False,650.0,-3.0,1.8999999999999915,0.11174144748151968,0.8882585525184803,0.9799107142857142,0.9673278879813303,0.34615384615384615,0.8882585525184803,0.8039488250963469,True
2016,National University of Singapore,NUS Business School,Bachelor of Business Administration,93.6,80.7,3232.0,3000.0,3282.0,3000.0,2837.0,3500.0,False,False,663.0,282.0,12.899999999999991,0.11397627643115008,0.88602372356885,0.857142857142857,0.7747957992998834,0.23076923076923078,0.88602372356885,0.6801774631604574,True
2016,National University of Singapore,NUS Business School,Bachelor of Business Administration (Hons),96.4,92.8,4126.0,3600.0,4207.0,3620.0,3258.0,4500.0,False,False,1242.0,587.0,3.6000000000000085,0.21351211964930378,0.7864878803506963,0.9196428571428573,0.9159859976662776,0.35,0.7864878803506963,0.7561618384953449,True
2016,National University of Singapore,NUS Business School,Bachelor of Business Administration (Accountancy),88.6,86.4,2977.0,2900.0,3020.0,2963.0,2800.0,3100.0,False,False,300.0,57.0,2.1999999999999886,0.05157297576070139,0.9484270242392986,0.7455357142857142,0.8413068844807469,0.22365384615384615,0.9484270242392986,0.6742302948042946,True
2016,National University of Singapore,NUS Business School,Bachelor of Business Administration (Accountancy) (Hons),99.0,99.0,3435.0,3000.0,3465.0,3075.0,2900.0,3800.0,False,False,900.0,390.0,0.0,0.15471892728210418,0.8452810727178959,0.9776785714285714,0.9883313885647608,0.24519230769230768,0.8452810727178959,0.7778932258287609,True
2016,National University of Singapore,School of Computing,Bachelor of Computing (Communications And Media) **,,,,,,,,,True,True,,,,,,,,,,,False
2016,National University of Singapore,School of Computing,Bachelor of Computing (Computer Science),96.3,93.3,4320.0,4000.0,4385.0,4000.0,3500.0,5000.0,False,False,1500.0,385.0,3.0,0.25786487880350695,0.742135121196493,0.9174107142857142,0.9218203033838973,0.4230769230769231,0.742135121196493,0.7688588042495881,True
2016,National University of Singapore,School of Computing,Bachelor of Computing (Electronic Commerce) **,,,,,,,,,True,True,,,,,,,,,,,False
2016,National University of Singapore,School of Computing,Bachelor of Computing (Information Systems),94.0,94.0,3875.0,3800.0,3969.0,4000.0,3365.0,4500.0,False,False,1135.0,-31.0,0.0,0.1951177582946536,0.8048822417053464,0.8660714285714286,0.9299883313885647,0.4230769230769231,0.8048822417053464,0.7653194950130306,True
2016,National University of Singapore,School of Design & Environment,Bachelor of Arts (Architecture) #,93.2,89.8,3926.0,4000.0,3960.0,4000.0,3500.0,4250.0,False,False,750.0,-40.0,3.4000000000000057,0.12893243940175347,0.8710675605982465,0.8482142857142858,0.8809801633605601,0.4230769230769231,0.8710675605982465,0.7551876995814215,True
2016,National University of Singapore,School of Design & Environment,Bachelor of Arts (Industrial Design),90.6,65.6,3282.0,3000.0,3320.0,3000.0,2900.0,4000.0,False,False,1100.0,320.0,25.0,0.18910091112257177,0.8108990888774282,0.7901785714285713,0.5985997666277713,0.23076923076923078,0.8108990888774282,0.5959606724408246,True
2016,National University of Singapore,School of Design & Environment,Bachelor of Science (Project and Facilities Management),87.8,84.7,3035.0,3000.0,3113.0,3000.0,2850.0,3276.0,False,False,426.0,113.0,3.0999999999999943,0.07323362558019597,0.926766374419804,0.7276785714285714,0.8214702450408402,0.23076923076923078,0.926766374419804,0.6614519087961017,True
2016,National University of Singapore,School of Design & Environment,Bachelor of Science (Real Estate),94.6,92.4,3247.0,3000.0,3368.0,3200.0,2950.0,3735.0,False,False,785.0,168.0,2.1999999999999886,0.13494928657383531,0.8650507134261647,0.8794642857142856,0.9113185530921821,0.2692307692307692,0.8650507134261647,0.7343001509635573,True
2016,National University of Singapore,Yong Loo Lin School (Medicine),Bachelor of Medicine and Bachelor Of Surgery #,99.4,99.4,4460.0,4500.0,4887.0,5000.0,4500.0,5200.0,False,False,700.0,-113.0,0.0,0.12033694344163658,0.8796630565583634,0.986607142857143,0.9929988331388565,0.6153846153846154,0.8796630565583634,0.8796774051287082,True
2016,National University of Singapore,Yong Loo Lin School (Medicine),Bachelor of Science (Nursing),93.2,90.9,3166.0,3200.0,3363.0,3400.0,3200.0,3425.0,False,False,225.0,-37.0,2.299999999999997,0.038679731820526045,0.9613202681794739,0.8482142857142858,0.8938156359393233,0.3076923076923077,0.9613202681794739,0.7437300936460808,True
2016,National University of Singapore,Yong Loo Lin School (Medicine),Bachelor of Science (Nursing) (Hons),95.1,95.1,3308.0,3300.0,3529.0,3500.0,3400.0,3600.0,False,False,200.0,29.0,0.0,0.034381983840467596,0.9656180161595324,0.8906249999999999,0.9428238039673278,0.3269230769230769,0.9656180161595324,0.7766081128448974,True
2016,National University of Singapore,Yong Siew Toh Conservatory of Music,Bachelor of Music,85.7,14.3,3250.0,3250.0,3250.0,3250.0,2999.0,3500.0,False,False,501.0,0.0,71.4,0.08612686952037132,0.9138731304796287,0.6808035714285715,0.0,0.27884615384615385,0.9138731304796287,0.4110335794620542,True
2016,National University of Singapore,Multi-Disciplinary Programme,Bachelor of Environmental Studies,83.8,67.6,3347.0,3250.0,3399.0,3300.0,3000.0,3500.0,False,False,500.0,99.0,16.200000000000003,0.08595495960116899,0.914045040398831,0.6383928571428571,0.6219369894982496,0.28846153846153844,0.914045040398831,0.5873210946675413,True
2016,Singapore Management University,School of Accountancy (4-year programme) *,Accountancy,98.5,96.0,3390.0,3000.0,3455.0,3000.0,2900.0,3600.0,False,False,700.0,455.0,2.5,0.12033694344163658,0.8796630565583634,0.9665178571428571,0.9533255542590432,0.23076923076923078,0.8796630565583634,0.7655947895966323,True
2016,Singapore Management University,School of Accountancy (4-year programme) *,Accountancy Cum Laude and above,100.0,100.0,3827.0,3500.0,3943.0,3600.0,3000.0,4583.0,False,False,1583.0,343.0,0.0,0.272133402097301,0.727866597902699,1.0,1.0,0.34615384615384615,0.727866597902699,0.7957184512238664,True
2016,Singapore Management University,School of Business (4-year programme) *,Business Management,92.4,84.6,3727.0,3400.0,3831.0,3500.0,3000.0,4000.0,False,False,1000.0,331.0,7.800000000000011,0.17190991920233797,0.828090080797662,0.830357142857143,0.8203033838973162,0.3269230769230769,0.828090080797662,0.7011424393767562,True
2016,Singapore Management University,School of Business (4-year programme) *,Business Management Cum Laude and above,96.1,92.1,4140.0,3550.0,4234.0,3660.0,3250.0,4583.0,False,False,1333.0,574.0,4.0,0.22915592229671652,0.7708440777032834,0.9129464285714285,0.9078179696616102,0.3576923076923077,0.7708440777032834,0.7512790080484809,True
2016,Singapore Management University,School of Economics (4-year programme) *,Economics,93.4,84.0,3801.0,3500.0,3906.0,3700.0,3200.0,4300.0,False,False,1100.0,206.0,9.400000000000006,0.18910091112257177,0.8108990888774282,0.8526785714285715,0.8133022170361727,0.36538461538461536,0.8108990888774282,0.7127752537171913,True
2016,Singapore Management University,School of Economics (4-year programme) *,Economics Cum Laude and above,97.0,92.5,4315.0,4000.0,4425.0,4107.0,3800.0,4750.0,False,False,950.0,318.0,4.5,0.16331442324222106,0.836685576757779,0.9330357142857143,0.912485414235706,0.4436538461538462,0.836685576757779,0.7900726366085544,True
2016,Singapore Management University,School of Information Systems (4-year programme) *,Information Systems Management,95.7,91.5,3837.0,3500.0,3897.0,3600.0,3200.0,4167.0,False,False,967.0,297.0,4.200000000000003,0.16623689186866084,0.8337631081313391,0.9040178571428572,0.9008168028004667,0.34615384615384615,0.8337631081313391,0.7530533257411596,True
2016,Singapore Management University,School of Information Systems (4-year programme) *,Information Systems Management Cum Laude and above,97.5,95.0,4504.0,4167.0,4603.0,4167.0,3800.0,4750.0,False,False,950.0,436.0,2.5,0.16331442324222106,0.836685576757779,0.9441964285714286,0.941656942823804,0.4551923076923077,0.836685576757779,0.8050569248553134,True
2016,Singapore Management University,School of Social Sciences (4-year programme) *,Social Sciences,91.5,80.4,3199.0,3100.0,3311.0,3145.0,3000.0,3500.0,False,False,500.0,166.0,11.099999999999994,0.08595495960116899,0.914045040398831,0.8102678571428571,0.7712952158693116,0.2586538461538462,0.914045040398831,0.6762391395019367,True
2016,Singapore Management University,School of Social Sciences (4-year programme) *,Social Sciences Cum Laude and above,94.9,87.2,3405.0,3300.0,3548.0,3400.0,3000.0,3668.0,False,False,668.0,148.0,7.700000000000003,0.11483582602716176,0.8851641739728382,0.8861607142857144,0.8506417736289382,0.3076923076923077,0.8851641739728382,0.7307384493933984,True
2016,Singapore Management University,School of Law (4-year programme) *,Law #,95.8,93.7,4810.0,4600.0,4915.0,4850.0,4200.0,5800.0,False,False,1600.0,65.0,2.0999999999999943,0.27505587072374077,0.7249441292762593,0.9062499999999999,0.926487747957993,0.5865384615384616,0.7249441292762593,0.8051975591634523,True
2016,Singapore Management University,School of Law (4-year programme) *,Law Cum Laude and above #,96.7,96.7,4950.0,4950.0,5095.0,5300.0,4500.0,5800.0,False,False,1300.0,-205.0,0.0,0.22348289496303936,0.7765171050369606,0.9263392857142858,0.9614935822637106,0.6730769230769231,0.7765171050369606,0.8510966569181739,True
2016,Singapore Institute of Technology,DigiPen Institute of Technology,Bachelor of Arts in Game Design **,,,,,,,,,True,True,,,,,,,,,,,False
2016,Singapore Institute of Technology,DigiPen Institute of Technology,Bachelor of Fine Arts in Digital Arts & Animation,73.3,53.3,3045.0,3000.0,3052.0,3000.0,2700.0,3016.0,False,False,316.0,52.0,20.0,0.0543235344679388,0.9456764655320612,0.40401785714285704,0.45507584597432904,0.23076923076923078,0.9456764655320612,0.4572718884572727,True
2016,Singapore Institute of Technology,DigiPen Institute of Technology,Bachelor of Science in Computer Science & Game Design,85.7,85.7,3312.0,3400.0,3329.0,3400.0,3100.0,3500.0,False,False,400.0,-71.0,0.0,0.06876396768093519,0.9312360323190648,0.6808035714285715,0.8331388564760794,0.3076923076923077,0.9312360323190648,0.6707912101423319,True
2016,Singapore Institute of Technology,DigiPen Institute of Technology,Bachelor of Science in Computer Science in Real-Time Interactive Simulation,100.0,92.9,3729.0,3680.0,3803.0,4000.0,3500.0,4200.0,False,False,700.0,-197.0,7.099999999999994,0.12033694344163658,0.8796630565583634,1.0,0.9171528588098017,0.4230769230769231,0.8796630565583634,0.8128645468959257,True
2016,Singapore Institute of Technology,The Glasgow School of Art,Bachelor of Arts with Honours in Communication Design,91.1,58.9,2652.0,2600.0,2652.0,2600.0,2500.0,2700.0,False,False,200.0,52.0,32.199999999999996,0.034381983840467596,0.9656180161595324,0.8013392857142856,0.5204200700116686,0.15384615384615385,0.9656180161595324,0.5798320476032545,True
2016,Singapore Institute of Technology,The Glasgow School of Art,Bachelor of Arts with Honours in Interior Design,97.4,76.3,2467.0,2500.0,2485.0,2515.0,2200.0,2800.0,False,False,600.0,-30.0,21.10000000000001,0.10314595152140278,0.8968540484785972,0.9419642857142858,0.7234539089848308,0.1375,0.8968540484785972,0.6685285656815245,True
2016,Singapore Institute of Technology,Newcastle University,Bachelor of Engineering with Honours in Chemical Engineering,85.9,71.8,3201.0,3100.0,3463.0,3300.0,3080.0,3650.0,False,False,570.0,163.0,14.100000000000009,0.09798865394533264,0.9020113460546674,0.6852678571428572,0.6709451575262544,0.28846153846153844,0.9020113460546674,0.6142809909243182,True
2016,Singapore Institute of Technology,Newcastle University,Bachelor of Engineering with Honours in Electrical Power Engineering,86.4,79.7,3239.0,3000.0,3440.0,3200.0,2800.0,3700.0,False,False,900.0,240.0,6.700000000000003,0.15471892728210418,0.8452810727178959,0.6964285714285715,0.7631271878646442,0.2692307692307692,0.8452810727178959,0.6319665810033414,True
2016,Singapore Institute of Technology,Newcastle University,Bachelor of Engineering with Honours in Marine Engineering,95.2,81.0,3812.0,3425.0,3956.0,3840.0,3200.0,4530.0,False,False,1330.0,116.0,14.200000000000003,0.2286401925391095,0.7713598074608905,0.8928571428571429,0.7782963827304551,0.3923076923076923,0.7713598074608905,0.715126951872336,True
2016,Singapore Institute of Technology,Newcastle University,Bachelor of Engineering with Honours in Mechanical Design & Manufacturing Engineering,87.0,77.8,3162.0,3000.0,3344.0,3200.0,2900.0,3575.0,False,False,675.0,144.0,9.200000000000003,0.11603919546157813,0.8839608045384219,0.7098214285714286,0.7409568261376895,0.2692307692307692,0.8839608045384219,0.635135289401191,True
2016,Singapore Institute of Technology,Newcastle University,Bachelor of Engineering with Honours in Naval Architecture,90.0,90.0,3172.0,3250.0,3239.0,3300.0,3000.0,3500.0,False,False,500.0,-61.0,0.0,0.08595495960116899,0.914045040398831,0.7767857142857143,0.8833138856476079,0.28846153846153844,0.914045040398831,0.707252020655206,True
2016,Singapore Institute of Technology,Newcastle University,Bachelor of Engineering with Honours in Offshore Engineering,86.4,72.7,3172.0,3275.0,3286.0,3430.0,3000.0,3600.0,False,False,600.0,-144.0,13.700000000000003,0.10314595152140278,0.8968540484785972,0.6964285714285715,0.6814469078179697,0.31346153846153846,0.8968540484785972,0.6262561356611366,True
2016,Singapore Institute of Technology,Newcastle University,Bachelor of Science with Honours in Food & Human Nutrition,86.7,62.2,2598.0,2600.0,2707.0,2600.0,2420.0,2800.0,False,False,380.0,107.0,24.5,0.06532576929688844,0.9346742307031115,0.703125,0.5589264877479581,0.15384615384615385,0.9346742307031115,0.5572781193913925,True
2016,Singapore Institute of Technology,Technische UniversitÃ¤t MÃ¼nchen,Bachelor of Science in Chemical Engineering,78.6,67.9,2776.0,2900.0,3149.0,3130.0,2500.0,3700.0,False,False,1200.0,19.0,10.699999999999989,0.20629190304280556,0.7937080969571945,0.5223214285714284,0.6254375729288215,0.25576923076923075,0.7937080969571945,0.5273262226859619,True
2016,Singapore Institute of Technology,Technische UniversitÃ¤t MÃ¼nchen,Bachelor of Science in Electrical Engineering & Information Technology,90.9,86.4,2978.0,3000.0,3042.0,3000.0,2825.0,3350.0,False,False,525.0,42.0,4.5,0.09025270758122744,0.9097472924187726,0.7968750000000001,0.8413068844807469,0.23076923076923078,0.9097472924187726,0.6856089668993477,True
2016,Singapore Institute of Technology,The Culinary Institute of America,Bachelor of Professional Studies in Culinary Arts Management,86.2,69.0,2231.0,2250.0,2344.0,2300.0,2000.0,2500.0,False,False,500.0,44.0,17.200000000000003,0.08595495960116899,0.914045040398831,0.6919642857142858,0.6382730455075846,0.09615384615384616,0.914045040398831,0.5602164169648474,True
2016,Singapore Institute of Technology,Trinity College Dublin / Singapore Institute of Technology-Trinity College Dublin,Bachelor in Science (Diagnostic Radiography),88.2,88.2,3406.0,3385.0,3628.0,3660.0,3400.0,3930.0,False,False,530.0,-32.0,0.0,0.09111225717723913,0.9088877428227609,0.7366071428571429,0.8623103850641775,0.3576923076923077,0.9088877428227609,0.7054314967228872,True
2016,Singapore Institute of Technology,Trinity College Dublin / Singapore Institute of Technology-Trinity College Dublin,Bachelor in Science (Occupational Therapy),100.0,100.0,3297.0,3200.0,3301.0,3200.0,3100.0,3500.0,False,False,400.0,101.0,0.0,0.06876396768093519,0.9312360323190648,1.0,1.0,0.2692307692307692,0.9312360323190648,0.806993097155552,True
2016,Singapore Institute of Technology,Trinity College Dublin / Singapore Institute of Technology-Trinity College Dublin,Bachelor in Science (Physiotherapy),100.0,100.0,3310.0,3300.0,3344.0,3300.0,3240.0,3500.0,False,False,260.0,44.0,0.0,0.04469657899260787,0.9553034210073921,1.0,1.0,0.28846153846153844,0.9553034210073921,0.8154108977664933,True
2016,Singapore Institute of Technology,Trinity College Dublin / Singapore Institute of Technology-Trinity College Dublin,Bachelor in Science (Radiation Therapy) **,,,,,,,,,True,True,,,,,,,,,,,False
2016,Singapore Institute of Technology,University of Glasgow,Bachelor of Engineering with Honours in Aeronautical Engineering,81.6,65.3,3042.0,3000.0,3277.0,3200.0,2800.0,3700.0,False,False,900.0,77.0,16.299999999999997,0.15471892728210418,0.8452810727178959,0.5892857142857141,0.5950991831971996,0.2692307692307692,0.8452810727178959,0.5494153224602508,True
2016,Singapore Institute of Technology,University of Glasgow,Bachelor of Engineering with Honours in Aerospace Systems,82.2,64.4,3312.0,3225.0,3390.0,3275.0,2900.0,4009.0,False,False,1109.0,115.0,17.799999999999997,0.19064810039539282,0.8093518996046072,0.6026785714285715,0.5845974329054844,0.28365384615384615,0.8093518996046072,0.5484990477793694,True
2016,Singapore Institute of Technology,University of Glasgow,Bachelor of Engineering with Honours in Mechanical Design Engineering,87.0,70.4,3187.0,3000.0,3273.0,3200.0,3000.0,3365.0,False,False,365.0,73.0,16.599999999999994,0.06274712050885337,0.9372528794911467,0.7098214285714286,0.6546091015169195,0.2692307692307692,0.9372528794911467,0.6172247832578687,True
2016,Singapore Institute of Technology,University of Glasgow,Bachelor of Engineering with Honours in Mechatronics,88.7,80.3,3406.0,3200.0,3523.0,3300.0,3000.0,3800.0,False,False,800.0,223.0,8.400000000000006,0.13752793536187038,0.8624720646381296,0.7477678571428572,0.7701283547257876,0.28846153846153844,0.8624720646381296,0.6568550578716975,True
2016,Singapore Institute of Technology,University of Glasgow,Bachelor of Science with Honours in Computing Science,89.8,81.6,3645.0,3600.0,3704.0,3600.0,3400.0,3900.0,False,False,500.0,104.0,8.200000000000003,0.08595495960116899,0.914045040398831,0.7723214285714285,0.7852975495915986,0.34615384615384615,0.914045040398831,0.6909309110471942,True
2016,Singapore Institute of Technology,University of Manchester,Bachelor of Science with Honours in Nursing Practice,92.7,85.5,3378.0,3400.0,3600.0,3600.0,3400.0,3750.0,False,False,350.0,0.0,7.200000000000003,0.06016847172081829,0.9398315282791817,0.8370535714285715,0.8308051341890315,0.34615384615384615,0.9398315282791817,0.7278708024656196,True
2016,Singapore Institute of Technology,University of Liverpool,Bachelor of Arts with Honours in Criminology and Security,92.6,81.5,4096.0,4200.0,4131.0,4200.0,3700.0,4600.0,False,False,900.0,-69.0,11.099999999999994,0.15471892728210418,0.8452810727178959,0.8348214285714284,0.7841306884480747,0.46153846153846156,0.8452810727178959,0.7278624113981507,True
2016,Singapore Institute of Technology,Wheelock College,Bachelor of Science in Early Childhood Education,98.0,92.0,2705.0,2700.0,2707.0,2700.0,2600.0,2850.0,False,False,250.0,7.0,6.0,0.042977479800584494,0.9570225201994155,0.9553571428571429,0.9066511085180864,0.17307692307692307,0.9570225201994155,0.7454250842117117,True
2016,Singapore University of Technology and Design,na,Bachelor of Engineering (Engineering Product Development),87.0,79.7,3620.0,3500.0,3690.0,3600.0,3300.0,3750.0,False,False,450.0,90.0,7.299999999999997,0.07735946364105209,0.9226405363589479,0.7098214285714286,0.7631271878646442,0.34615384615384615,0.9226405363589479,0.6668191269231256,True
2016,Singapore University of Technology and Design,na,Bachelor of Engineering (Information Systems Technology and Design),91.9,91.9,4197.0,4000.0,4232.0,4000.0,3500.0,4950.0,False,False,1450.0,232.0,0.0,0.24926938284339006,0.7507306171566099,0.8191964285714287,0.9054842473745625,0.4230769230769231,0.7507306171566099,0.7357830261265195,True
2016,Singapore University of Technology and Design,na,Bachelor of Engineering (Engineering Systems and Design),100.0,93.5,3695.0,3600.0,3830.0,3650.0,3550.0,4200.0,False,False,650.0,180.0,6.5,0.11174144748151968,0.8882585525184803,1.0,0.9241540256709452,0.3557692307692308,0.8882585525184803,0.7994272982713633,True
2016,Singapore University of Technology and Design,na,Bachelor of Science (Architecture and Sustainable Design) ###,,,,,,,,,True,True,,,,,,,,,,,False
2017,Nanyang Technological University,College of Business (Nanyang Business School),Bachelor of Accountancy (Hons),97.1,94.5,3121.0,3000.0,3166.0,3000.0,2900.0,3100.0,False,False,200.0,166.0,2.5999999999999943,0.034381983840467596,0.9656180161595324,0.935267857142857,0.9358226371061844,0.23076923076923078,0.9656180161595324,0.76386215839095,True
2017,Nanyang Technological University,College of Business (Nanyang Business School),Double Degree in Bachelor of Accountancy (Hons) and Bachelor of Business (Hons),97.2,94.3,3830.0,3500.0,3892.0,3600.0,3013.0,4317.0,False,False,1304.0,292.0,2.9000000000000057,0.2241705346398487,0.7758294653601513,0.9375000000000001,0.9334889148191365,0.34615384615384615,0.7758294653601513,0.7642095557882251,True
2017,Nanyang Technological University,College of Business (Nanyang Business School),Bachelor of Business (Hons),93.0,80.8,3530.0,3300.0,3643.0,3300.0,3000.0,3800.0,False,False,800.0,343.0,12.200000000000003,0.13752793536187038,0.8624720646381296,0.84375,0.7759626604434072,0.28846153846153844,0.8624720646381296,0.6873999924441262,True
2017,Nanyang Technological University,College of Business (Nanyang Business School),Double Degree in Bachelor of Business (Hons) and Bachelor of Engineering (Hons) (Computer Science),100.0,95.0,5036.0,4750.0,5225.0,5000.0,4000.0,5362.0,False,False,1362.0,225.0,5.0,0.23414130995358431,0.7658586900464157,1.0,0.941656942823804,0.6153846153846154,0.7658586900464157,0.8512220402002574,True
2017,Nanyang Technological University,College of Engineering,Bachelor of Engineering (Hons) (Aerospace Engineering),80.0,75.0,3645.0,3492.0,3702.0,3500.0,3250.0,4210.0,False,False,960.0,202.0,5.0,0.16503352243424446,0.8349664775657555,0.5535714285714285,0.7082847141190198,0.3269230769230769,0.8349664775657555,0.585532583672767,True
2017,Nanyang Technological University,College of Engineering,Double Degree in Bachelor of Engineering (Hons) (Aerospace Engineering) and Bachelor of Arts (Hons) in Economics **,,,,,,,,,True,True,,,,,,,,,,,False
2017,Nanyang Technological University,College of Engineering,Bachelor of Engineering (Hons) (Bioengineering),78.3,65.2,3326.0,3200.0,3486.0,3419.0,3000.0,3825.0,False,False,825.0,67.0,13.099999999999994,0.14182568334192883,0.8581743166580712,0.5156249999999999,0.5939323220536756,0.31134615384615383,0.8581743166580712,0.5394298825763518,True
2017,Nanyang Technological University,College of Engineering,Bachelor of Engineering  (Hons) (Chemical And Biomolecular Engineering),82.3,75.3,3326.0,3200.0,3577.0,3500.0,3200.0,4000.0,False,False,800.0,77.0,7.0,0.13752793536187038,0.8624720646381296,0.6049107142857142,0.7117852975495915,0.3269230769230769,0.8624720646381296,0.6061103824770804,True
2017,Nanyang Technological University,College of Engineering,Double Degree in Bachelor of Engineering  (Hons) (Chemical And Biomolecular Engineering) and Bachelor of Arts (Hons) in Economics **,,,,,,,,,True,True,,,,,,,,,,,False
2017,Nanyang Technological University,College of Engineering,Bachelor of Engineering (Hons) (Civil Engineering),98.5,96.9,3373.0,3300.0,3442.0,3400.0,3190.0,3675.0,False,False,485.0,42.0,1.5999999999999943,0.08337631081313392,0.9166236891868661,0.9665178571428571,0.9638273045507585,0.3076923076923077,0.9166236891868661,0.7935201788091915,True
2017,Nanyang Technological University,College of Engineering,Double Degree in Bachelor of Engineering (Hons) (Civil Engineering) and Bachelor of Arts (Hons) in Economics **,,,,,,,,,True,True,,,,,,,,,,,False
2017,Nanyang Technological University,College of Engineering,Bachelor of Engineering (Hons) (Computer Engineering),95.1,87.8,3667.0,3600.0,3743.0,3600.0,3450.0,3925.0,False,False,475.0,143.0,7.299999999999997,0.08165721162111053,0.9183427883788895,0.8906249999999999,0.8576429404900816,0.34615384615384615,0.9183427883788895,0.7487702619423194,True
2017,Nanyang Technological University,College of Engineering,Bachelor of Engineering (Hons) (Computer Science),92.4,86.7,4078.0,3750.0,4160.0,3850.0,3500.0,4500.0,False,False,1000.0,310.0,5.700000000000003,0.17190991920233797,0.828090080797662,0.830357142857143,0.8448074679113186,0.3942307692307692,0.828090080797662,0.72532058765788,True
2017,Nanyang Technological University,College of Engineering,Double Degree in Bachelor of Business (Hons) and Bachelor of Engineering (Hons) (Computer Engineering) **,,,,,,,,,True,True,,,,,,,,,,,False
2017,Nanyang Technological University,College of Engineering,Bachelor of Engineering (Hons) (Electrical & Electronic Engineering),89.3,85.0,3532.0,3500.0,3657.0,3600.0,3200.0,4000.0,False,False,800.0,57.0,4.299999999999997,0.13752793536187038,0.8624720646381296,0.7611607142857142,0.8249708284714119,0.34615384615384615,0.8624720646381296,0.6917487340613189,True
2017,Nanyang Technological University,College of Engineering,Bachelor of Engineering (Hons) (Environmental Engineering),71.8,64.1,3538.0,3475.0,3588.0,3635.0,3200.0,3950.0,False,False,750.0,-47.0,7.700000000000003,0.12893243940175347,0.8710675605982465,0.3705357142857142,0.5810968494749125,0.3528846153846154,0.8710675605982465,0.5043710570640789,True
2017,Nanyang Technological University,College of Engineering,Bachelor of Engineering (Hons) (Information Engineering & Media),86.9,78.7,3685.0,3677.0,3790.0,3700.0,3350.0,4200.0,False,False,850.0,90.0,8.200000000000003,0.14612343132198727,0.8538765686780128,0.7075892857142858,0.751458576429405,0.36538461538461536,0.8538765686780128,0.6571419977909629,True
2017,Nanyang Technological University,College of Engineering,Double Degree in Bachelor of Engineering (Hons) (Information Engineering & Media) and Bachelor of Arts (Hons) in Economics **,,,,,,,,,True,True,,,,,,,,,,,False
2017,Nanyang Technological University,College of Engineering,Bachelor of Science (Hons) (Maritime Studies),92.2,92.2,3279.0,3200.0,3333.0,3320.0,3000.0,3500.0,False,False,500.0,13.0,0.0,0.08595495960116899,0.914045040398831,0.8258928571428572,0.9089848308051343,0.2923076923076923,0.914045040398831,0.730646985521145,True
2017,Nanyang Technological University,College of Engineering,Bachelor of Engineering (Hons) (Materials Engineering),84.9,75.6,3288.0,3200.0,3434.0,3375.0,3200.0,3700.0,False,False,500.0,59.0,9.300000000000011,0.08595495960116899,0.914045040398831,0.6629464285714287,0.7152858809801633,0.30288461538461536,0.914045040398831,0.6262976027714562,True
2017,Nanyang Technological University,College of Engineering,Double Degree in Bachelor of Engineering (Hons) (Materials Engineering) and Bachelor of Arts (Hons) in Economics **,,,,,,,,,True,True,,,,,,,,,,,False
2017,Nanyang Technological University,College of Engineering,Bachelor of Engineering (Hons) (Mechanical Engineering),82.7,74.9,3422.0,3300.0,3579.0,3450.0,3100.0,4000.0,False,False,900.0,129.0,7.799999999999997,0.15471892728210418,0.8452810727178959,0.6138392857142857,0.707117852975496,0.3173076923076923,0.8452810727178959,0.6024062255915419,True
2017,Nanyang Technological University,College of Engineering,Double Degree in Bachelor of Engineering (Hons) (Mechanical Engineering) and Bachelor of Arts (Hons) in Economics **,,,,,,,,,True,True,,,,,,,,,,,False
2017,Nanyang Technological University,College of Engineering,Bachelor of Fine Arts (Hons),88.5,54.0,2862.0,2800.0,2909.0,2800.0,2500.0,3200.0,False,False,700.0,109.0,34.5,0.12033694344163658,0.8796630565583634,0.7433035714285714,0.4632438739789965,0.19230769230769232,0.8796630565583634,0.5419906151829479,True
2017,Nanyang Technological University,College of Engineering,Bachelor of Arts (Hons) in Chinese,84.6,67.7,3119.0,3300.0,3147.0,3300.0,2750.0,3500.0,False,False,750.0,-153.0,16.89999999999999,0.12893243940175347,0.8710675605982465,0.6562499999999999,0.6231038506417736,0.28846153846153844,0.8710675605982465,0.5865816738976536,True
2017,Nanyang Technological University,College of Engineering,Bachelor of Communication Studies (Hons),92.6,62.2,3134.0,3000.0,3184.0,3000.0,2775.0,3500.0,False,False,725.0,184.0,30.39999999999999,0.12463469142169503,0.875365308578305,0.8348214285714284,0.5589264877479581,0.23076923076923078,0.875365308578305,0.6071214788748693,True
2017,Nanyang Technological University,College of Engineering,Bachelor of Arts (Hons) in Economics,84.7,75.5,3286.0,3200.0,3379.0,3240.0,3000.0,3720.0,False,False,720.0,139.0,9.200000000000003,0.12377514182568335,0.8762248581743166,0.6584821428571429,0.7141190198366395,0.27692307692307694,0.8762248581743166,0.6124448467650514,True
2017,Nanyang Technological University,College of Engineering,Bachelor of Arts (Hons) in English,77.8,50.8,3042.0,3000.0,3149.0,3000.0,2800.0,3300.0,False,False,500.0,149.0,27.0,0.08595495960116899,0.914045040398831,0.5044642857142856,0.425904317386231,0.23076923076923078,0.914045040398831,0.4739096446822873,True
2017,Nanyang Technological University,College of Engineering,Bachelor of Arts (Hons) in History,86.0,68.4,3206.0,3100.0,3265.0,3200.0,3000.0,3600.0,False,False,600.0,65.0,17.599999999999994,0.10314595152140278,0.8968540484785972,0.6875,0.6312718786464412,0.2692307692307692,0.8968540484785972,0.5974673631734142,True
2017,Nanyang Technological University,College of Engineering,Bachelor of Arts (Hons) in Linguistics And Multilingual Studies,80.0,60.0,3042.0,3000.0,3117.0,3100.0,2600.0,3500.0,False,False,900.0,17.0,20.0,0.15471892728210418,0.8452810727178959,0.5535714285714285,0.5332555425904317,0.25,0.8452810727178959,0.5153402522562425,True
2017,Nanyang Technological University,College of Engineering,Bachelor of Arts (Hons) in Philosophy **,,,,,,,,,True,True,,,,,,,,,,,False
2017,Nanyang Technological University,College of Engineering,Bachelor of Arts (Hons) in Psychology,78.9,59.2,3107.0,3107.0,3151.0,3200.0,2890.0,3500.0,False,False,610.0,-49.0,19.700000000000003,0.10486505071342617,0.8951349492865739,0.5290178571428572,0.5239206534422404,0.2692307692307692,0.8951349492865739,0.5174594878762075,True
2017,Nanyang Technological University,College of Engineering,Bachelor of Arts (Hons) in Public Policy And Global Affairs,74.1,66.7,3353.0,3300.0,3479.0,3395.0,3160.0,3750.0,False,False,590.0,84.0,7.3999999999999915,0.10142685232937941,0.8985731476706206,0.42187499999999983,0.6114352392065344,0.30673076923076925,0.8985731476706206,0.5214617362202456,True
2017,Nanyang Technological University,College of Engineering,Bachelor of Arts (Hons) in Sociology,77.6,62.1,3263.0,3200.0,3309.0,3228.0,2970.0,3500.0,False,False,530.0,81.0,15.499999999999993,0.09111225717723913,0.9088877428227609,0.49999999999999983,0.557759626604434,0.2746153846153846,0.9088877428227609,0.5223148955585905,True
2017,Nanyang Technological University,College of Sciences,Double Degree in Bachelor of Science (Hons) in Biomedical Sciences and Bachelor of Medicine (Chinese Medicine) #,92.0,80.0,2722.0,2928.0,2792.0,2950.0,2500.0,3035.0,False,False,535.0,-158.0,12.0,0.09197180677325081,0.9080281932267492,0.8214285714285714,0.7666277712952159,0.22115384615384615,0.9080281932267492,0.6679095933396101,True
2017,Nanyang Technological University,College of Sciences,Bachelor of Science (Hons) in Biological Sciences,80.4,62.6,3177.0,3100.0,3255.0,3200.0,3000.0,3500.0,False,False,500.0,55.0,17.800000000000004,0.08595495960116899,0.914045040398831,0.5625000000000001,0.5635939323220536,0.2692307692307692,0.914045040398831,0.542242628064133,True
2017,Nanyang Technological University,College of Sciences,Bachelor of Science (Hons) in Chemistry & Biological Chemistry,70.1,51.1,3035.0,3000.0,3173.0,3100.0,2800.0,3488.0,False,False,688.0,73.0,18.999999999999993,0.11827402441120853,0.8817259755887915,0.33258928571428553,0.42940490081680277,0.25,0.8817259755887915,0.4233571522976452,True
2017,Nanyang Technological University,College of Sciences,Bachelor of Science (Hons) in Mathematical Sciences,89.7,79.5,3517.0,3400.0,3580.0,3500.0,3100.0,3800.0,False,False,700.0,80.0,10.200000000000003,0.12033694344163658,0.8796630565583634,0.7700892857142858,0.7607934655775963,0.3269230769230769,0.8796630565583634,0.6729450531020884,True
2017,Nanyang Technological University,College of Sciences,Bachelor of Science (Hons) in Mathematics & Economics,89.8,83.1,3504.0,3290.0,3625.0,3400.0,3013.0,3775.0,False,False,762.0,225.0,6.700000000000003,0.13099535843218155,0.8690046415678184,0.7723214285714285,0.8028004667444574,0.3076923076923077,0.8690046415678184,0.6798103417530155,True
2017,Nanyang Technological University,College of Sciences,Bachelor of Science (Hons) in Physics/Applied Physics,81.6,61.8,3367.0,3300.0,3490.0,3300.0,3000.0,3819.0,False,False,819.0,190.0,19.799999999999997,0.1407942238267148,0.8592057761732852,0.5892857142857141,0.5542590431738623,0.28846153846153844,0.8592057761732852,0.5440596782792502,True
2017,Nanyang Technological University,Sports Science and Management,Bachelor of Science (Hons) (Sport Science & Management),81.1,48.6,3372.0,3285.0,3486.0,3450.0,2800.0,4000.0,False,False,1200.0,36.0,32.49999999999999,0.20629190304280556,0.7937080969571945,0.5781249999999999,0.40023337222870475,0.3173076923076923,0.7937080969571945,0.49189064928911364,True
2017,Nanyang Technological University,National Institute of Education (NIE),Bachelor of Arts (Hons) (Education),100.0,100.0,3489.0,3600.0,3589.0,3600.0,3500.0,3800.0,False,False,300.0,-11.0,0.0,0.05157297576070139,0.9484270242392986,1.0,1.0,0.34615384615384615,0.9484270242392986,0.8288025151743563,True
2017,Nanyang Technological University,National Institute of Education (NIE),Bachelor of Science (Hons) (Education),100.0,100.0,3610.0,3603.0,3701.0,3701.0,3500.0,3958.0,False,False,458.0,0.0,0.0,0.07873474299467079,0.9212652570053292,1.0,1.0,0.3655769230769231,0.9212652570053292,0.8295840193200301,True
2017,National University of Singapore,Faculty of Arts & Social Sciences,Bachelor of Arts,85.8,61.9,3005.0,3000.0,3107.0,3000.0,2700.0,3300.0,False,False,600.0,107.0,23.9,0.10314595152140278,0.8968540484785972,0.6830357142857142,0.5554259043173861,0.23076923076923078,0.8968540484785972,0.5637589005450273,True
2017,National University of Singapore,Faculty of Arts & Social Sciences,Bachelor of Arts (Hons),88.2,66.7,3309.0,3300.0,3391.0,3360.0,3000.0,3600.0,False,False,600.0,31.0,21.5,0.10314595152140278,0.8968540484785972,0.7366071428571429,0.6114352392065344,0.3,0.8968540484785972,0.6139408218908928,True
2017,National University of Singapore,Faculty of Arts & Social Sciences,Bachelor of Social Sciences,88.3,74.7,3365.0,3300.0,3443.0,3300.0,3000.0,3750.0,False,False,750.0,143.0,13.599999999999994,0.12893243940175347,0.8710675605982465,0.7388392857142856,0.7047841306884481,0.28846153846153844,0.8710675605982465,0.6358625436259416,True
2017,National University of Singapore,Faculty Of Dentistry,Bachelor of Dental Surgery,100.0,100.0,4124.0,4050.0,4143.0,4050.0,4000.0,4400.0,False,False,400.0,93.0,0.0,0.06876396768093519,0.9312360323190648,1.0,1.0,0.4326923076923077,0.9312360323190648,0.8478584817709367,True
2017,National University of Singapore,Faculty Of Engineering,Bachelor of Engineering (Biomedical Engineering),90.6,81.3,3215.0,3200.0,3367.0,3300.0,3000.0,3700.0,False,False,700.0,67.0,9.299999999999997,0.12033694344163658,0.8796630565583634,0.7901785714285713,0.7817969661610268,0.28846153846153844,0.8796630565583634,0.6756575043760185,True
2017,National University of Singapore,Faculty Of Engineering,Bachelor of Engineering (Chemical Engineering),87.8,81.3,3550.0,3500.0,3727.0,3600.0,3300.0,4000.0,False,False,700.0,127.0,6.5,0.12033694344163658,0.8796630565583634,0.7276785714285714,0.7817969661610268,0.34615384615384615,0.8796630565583634,0.6713305812990955,True
2017,National University of Singapore,Faculty Of Engineering,Bachelor of Engineering (Civil Engineering),95.5,90.9,3361.0,3300.0,3427.0,3300.0,3135.0,3700.0,False,False,565.0,127.0,4.599999999999994,0.09712910434932095,0.902870895650679,0.8995535714285714,0.8938156359393233,0.28846153846153844,0.902870895650679,0.7455567811733548,True
2017,National University of Singapore,Faculty Of Engineering,Bachelor of Engineering (Electrical Engineering),89.4,86.5,3529.0,3500.0,3641.0,3600.0,3300.0,3900.0,False,False,600.0,41.0,2.9000000000000057,0.10314595152140278,0.8968540484785972,0.7633928571428572,0.8424737456242707,0.34615384615384615,0.8968540484785972,0.7028265496403895,True
2017,National University of Singapore,Faculty Of Engineering,Bachelor of Engineering (Engineering Science),76.5,64.7,3783.0,3600.0,3827.0,3675.0,3440.0,4200.0,False,False,760.0,152.0,11.799999999999997,0.13065153859377687,0.8693484614062231,0.47544642857142855,0.5880980163360561,0.3605769230769231,0.8693484614062231,0.5396098334524095,True
2017,National University of Singapore,Faculty Of Engineering,Bachelor of Engineering (Environmental Engineering),86.3,71.2,3425.0,3100.0,3546.0,3350.0,3000.0,3800.0,False,False,800.0,196.0,15.099999999999994,0.13752793536187038,0.8624720646381296,0.6941964285714285,0.6639439906651109,0.2980769230769231,0.8624720646381296,0.611332166235912,True
2017,National University of Singapore,Faculty Of Engineering,Bachelor of Engineering (Industrial and Systems Engineering),93.3,89.9,3905.0,3725.0,4035.0,3875.0,3450.0,4200.0,False,False,750.0,160.0,3.3999999999999915,0.12893243940175347,0.8710675605982465,0.8504464285714285,0.8821470245040841,0.39903846153846156,0.8710675605982465,0.7501977853970062,True
2017,National University of Singapore,Faculty Of Engineering,Bachelor of Engineering (Materials Science And Engineering),94.0,86.0,3269.0,3200.0,3570.0,3388.0,3200.0,3950.0,False,False,750.0,182.0,8.0,0.12893243940175347,0.8710675605982465,0.8660714285714286,0.8366394399066511,0.30538461538461537,0.8710675605982465,0.7178195484793147,True
2017,National University of Singapore,Faculty Of Engineering,Bachelor of Engineering (Mechanical Engineering),87.3,82.3,3537.0,3400.0,3657.0,3450.0,3100.0,4000.0,False,False,900.0,207.0,5.0,0.15471892728210418,0.8452810727178959,0.7165178571428571,0.793465577596266,0.3173076923076923,0.8452810727178959,0.6591141144063445,True
2017,National University of Singapore,Faculty of Law,Bachelor of Laws #,95.8,92.3,4958.0,5000.0,5121.0,5000.0,4500.0,5600.0,False,False,1100.0,121.0,3.5,0.18910091112257177,0.8108990888774282,0.9062499999999999,0.9101516919486581,0.6153846153846154,0.8108990888774282,0.8204015247623654,True
2017,National University of Singapore,Faculty of Science,Bachelor of Applied Science **,,,,,,,,,True,True,,,,,,,,,,,False
2017,National University of Singapore,Faculty of Science,Bachelor of Applied Science (Hons),82.1,50.0,3186.0,3075.0,3187.0,3085.0,2800.0,3200.0,False,False,400.0,102.0,32.099999999999994,0.06876396768093519,0.9312360323190648,0.6004464285714284,0.4165694282380397,0.24711538461538463,0.9312360323190648,0.5065690080445463,True
2017,National University of Singapore,Faculty of Science,Bachelor of Science,76.9,54.5,3053.0,3000.0,3214.0,3082.0,2800.0,3400.0,False,False,600.0,132.0,22.400000000000006,0.10314595152140278,0.8968540484785972,0.4843750000000001,0.46907817969661614,0.24653846153846154,0.8968540484785972,0.48219867656538984,True
2017,National University of Singapore,Faculty of Science,Bachelor of Science (Hons),85.9,69.3,3340.0,3200.0,3435.0,3300.0,3000.0,3700.0,False,False,700.0,135.0,16.60000000000001,0.12033694344163658,0.8796630565583634,0.6852678571428572,0.6417736289381564,0.28846153846153844,0.8796630565583634,0.6021772889234431,True
2017,National University of Singapore,Faculty of Science,Bachelor of Science (Computational Biology) **,,,,,,,,,True,True,,,,,,,,,,,False
2017,National University of Singapore,Faculty of Science,Bachelor of Science (Pharmacy) #,99.1,94.5,3473.0,3500.0,3616.0,3600.0,3500.0,3800.0,False,False,300.0,16.0,4.599999999999994,0.05157297576070139,0.9484270242392986,0.9799107142857142,0.9358226371061844,0.34615384615384615,0.9484270242392986,0.803522520591926,True
2017,National University of Singapore,NUS Business School,Bachelor of Business Administration,94.9,87.3,3770.0,3400.0,4031.0,3500.0,3000.0,4333.0,False,False,1333.0,531.0,7.6000000000000085,0.22915592229671652,0.7708440777032834,0.8861607142857144,0.851808634772462,0.3269230769230769,0.7708440777032834,0.7187481856037147,True
2017,National University of Singapore,NUS Business School,Bachelor of Business Administration (Hons),98.2,93.6,4272.0,3725.0,4388.0,3800.0,3450.0,4782.0,False,False,1332.0,588.0,4.6000000000000085,0.22898401237751417,0.7710159876224858,0.9598214285714286,0.925320886814469,0.38461538461538464,0.7710159876224858,0.7773489389129882,True
2017,National University of Singapore,NUS Business School,Bachelor of Business Administration (Accountancy),97.2,94.4,3396.0,3000.0,3473.0,3025.0,3000.0,3600.0,False,False,600.0,448.0,2.799999999999997,0.10314595152140278,0.8968540484785972,0.9375000000000001,0.9346557759626605,0.23557692307692307,0.8968540484785972,0.7550690708298184,True
2017,National University of Singapore,NUS Business School,Bachelor of Business Administration (Accountancy) (Hons),100.0,100.0,3689.0,3100.0,3744.0,3125.0,3000.0,4023.0,False,False,1023.0,619.0,0.0,0.17586384734399174,0.8241361526560083,1.0,1.0,0.2548076923076923,0.8241361526560083,0.7873223459753242,True
2017,National University of Singapore,School of Computing,Bachelor of Computing (Communications And Media) **,,,,,,,,,True,True,,,,,,,,,,,False
2017,National University of Singapore,School of Computing,Bachelor of Computing (Computational Biology) **,,,,,,,,,True,True,,,,,,,,,,,False
2017,National University of Singapore,School of Computing,Bachelor of Computing (Computer Science),93.5,89.4,4510.0,4200.0,4628.0,4285.0,3656.0,5000.0,False,False,1344.0,343.0,4.099999999999994,0.23104693140794225,0.7689530685920578,0.8549107142857143,0.8763127187864644,0.4778846153846154,0.7689530685920578,0.7541811440566161,True
2017,National University of Singapore,School of Computing,Bachelor of Computing (Electronic Commerce) **,,,,,,,,,True,True,,,,,,,,,,,False
2017,National University of Singapore,School of Computing,Bachelor of Computing (Information Security) **,,,,,,,,,True,True,,,,,,,,,,,False
2017,National University of Singapore,School of Computing,Bachelor of Computing (Information Systems),94.5,91.8,4061.0,4000.0,4192.0,4000.0,3550.0,4592.0,False,False,1042.0,192.0,2.700000000000003,0.17913013580883616,0.8208698641911638,0.8772321428571429,0.9043173862310385,0.4230769230769231,0.8208698641911638,0.7633645691243598,True
2017,National University of Singapore,School of Computing,Bachelor of Science (Business Analytics),97.6,97.6,4114.0,3810.0,4203.0,4000.0,3500.0,4766.0,False,False,1266.0,203.0,0.0,0.21763795771015987,0.7823620422898401,0.9464285714285713,0.9719953325554258,0.4230769230769231,0.7823620422898401,0.7986507083079057,True
2017,National University of Singapore,School of Design & Environment,Bachelor of Arts (Architecture) #,91.3,86.4,4037.0,4000.0,4079.0,4000.0,3780.0,4300.0,False,False,520.0,79.0,4.8999999999999915,0.08939315798521574,0.9106068420147843,0.8058035714285714,0.8413068844807469,0.4230769230769231,0.9106068420147843,0.7364933938442438,True
2017,National University of Singapore,School of Design & Environment,Bachelor of Arts (Industrial Design),93.3,60.0,3034.0,2890.0,3079.0,2920.0,2600.0,3200.0,False,False,600.0,159.0,33.3,0.10314595152140278,0.8968540484785972,0.8504464285714285,0.5332555425904317,0.2153846153846154,0.8968540484785972,0.6034848524665014,True
2017,National University of Singapore,School of Design & Environment,Bachelor of Science (Project and Facilities Management),90.8,81.7,3105.0,3000.0,3162.0,3000.0,2900.0,3300.0,False,False,400.0,162.0,9.099999999999994,0.06876396768093519,0.9312360323190648,0.7946428571428571,0.7864644107351225,0.23076923076923078,0.9312360323190648,0.6717098929035613,True
2017,National University of Singapore,School of Design & Environment,Bachelor of Science (Real Estate),93.8,88.7,3090.0,3000.0,3168.0,3000.0,2800.0,3300.0,False,False,500.0,168.0,5.099999999999994,0.08595495960116899,0.914045040398831,0.8616071428571428,0.868144690781797,0.23076923076923078,0.914045040398831,0.7137246138438142,True
2017,National University of Singapore,Yong Loo Lin School (Medicine),Bachelor of Medicine And Bachelor Of Surgery #,100.0,100.0,4367.0,4500.0,4882.0,5000.0,4500.0,5305.0,False,False,805.0,-118.0,0.0,0.13838748495788206,0.8616125150421179,1.0,1.0,0.6153846153846154,0.8616125150421179,0.8830880311024715,True
2017,National University of Singapore,Yong Loo Lin School (Medicine),Bachelor of Science (Nursing),97.4,97.4,3165.0,3200.0,3328.0,3400.0,3200.0,3450.0,False,False,250.0,-72.0,0.0,0.042977479800584494,0.9570225201994155,0.9419642857142858,0.9696616102683782,0.3076923076923077,0.9570225201994155,0.7939642237477884,True
2017,National University of Singapore,Yong Loo Lin School (Medicine),Bachelor of Science (Nursing) (Hons),91.8,89.8,3280.0,3300.0,3462.0,3500.0,3300.0,3650.0,False,False,350.0,-38.0,2.0,0.06016847172081829,0.9398315282791817,0.8169642857142856,0.8809801633605601,0.3269230769230769,0.9398315282791817,0.7320888331951002,True
2017,National University of Singapore,YST Conservatory Of Music,Bachelor of Music,73.3,26.7,2298.0,2025.0,2500.0,2225.0,2050.0,2950.0,False,False,900.0,275.0,46.599999999999994,0.15471892728210418,0.8452810727178959,0.40401785714285704,0.14469078179696615,0.08173076923076923,0.8452810727178959,0.3118374448973237,True
2017,National University of Singapore,Yale-NUS College,Bachelor of Arts with Honours,93.5,76.6,3812.0,3500.0,3956.0,3500.0,3075.0,4000.0,False,False,925.0,456.0,16.900000000000006,0.15901667526216262,0.8409833247378373,0.8549107142857143,0.7269544924154026,0.3269230769230769,0.8409833247378373,0.6824378299517799,True
2017,National University of Singapore,Yale-NUS College,Bachelor of Science with Honours,91.7,75.0,4362.0,4083.0,4362.0,4083.0,3600.0,4875.0,False,False,1275.0,279.0,16.700000000000003,0.21918514698298092,0.7808148530170191,0.8147321428571429,0.7082847141190198,0.43903846153846154,0.7808148530170191,0.6837869004300171,True
2017,National University of Singapore,Multi-Disciplinary Programmes,Bachelor of Engineering (Computer Engineering),89.4,84.7,4010.0,3600.0,4131.0,3900.0,3588.0,4500.0,False,False,912.0,231.0,4.700000000000003,0.15678184631253222,0.8432181536874678,0.7633928571428572,0.8214702450408402,0.40384615384615385,0.8432181536874678,0.7029031921697678,True
2017,National University of Singapore,Multi-Disciplinary Programmes,Bachelor of Environmental Studies,88.7,62.3,3297.0,3200.0,3419.0,3300.0,3000.0,3600.0,False,False,600.0,119.0,26.400000000000006,0.10314595152140278,0.8968540484785972,0.7477678571428572,0.5600933488914819,0.28846153846153844,0.8968540484785972,0.5990018536974758,True
2017,Singapore Management University,School of Accountancy (4-years programme) *,Accountancy,98.0,96.6,3569.0,3000.0,3646.0,3000.0,2920.0,3600.0,False,False,680.0,646.0,1.4000000000000057,0.11689874505758982,0.8831012549424102,0.9553571428571429,0.9603267211201867,0.23076923076923078,0.8831012549424102,0.7648626551268681,True
2017,Singapore Management University,School of Accountancy (4-years programme) *,Accountancy Cum Laude and above,97.8,97.8,4037.0,3200.0,4089.0,3200.0,3000.0,4645.0,False,False,1645.0,889.0,0.0,0.28279181708784595,0.717208182912154,0.9508928571428571,0.9743290548424737,0.2692307692307692,0.717208182912154,0.7524554933401146,True
2017,Singapore Management University,School of Business (4-years programme) *,Business Management,93.3,85.7,3862.0,3475.0,3995.0,3500.0,3050.0,4362.0,False,False,1312.0,495.0,7.599999999999994,0.22554581399346743,0.7744541860065326,0.8504464285714285,0.8331388564760794,0.3269230769230769,0.7744541860065326,0.7029744826460015,True
2017,Singapore Management University,School of Business (4-years programme) *,Business Management Cum Laude and above,95.8,92.0,4364.0,3880.0,4504.0,4000.0,3300.0,5000.0,False,False,1700.0,504.0,3.799999999999997,0.29224686264397454,0.7077531373560255,0.9062499999999999,0.9066511085180864,0.4230769230769231,0.7077531373560255,0.7558025339280605,True
2017,Singapore Management University,School of Economics (4-years programme) *,Economics,91.3,82.6,4013.0,3600.0,4143.0,3700.0,3300.0,4583.0,False,False,1283.0,443.0,8.700000000000003,0.2205604263365996,0.7794395736634003,0.8058035714285714,0.7969661610268377,0.36538461538461536,0.7794395736634003,0.6890930096322866,True
2017,Singapore Management University,School of Economics (4-years programme) *,Economics Cum Laude and above,93.2,90.5,4591.0,4000.0,4737.0,4100.0,3600.0,5113.0,False,False,1513.0,637.0,2.700000000000003,0.26009970775313734,0.7399002922468627,0.8482142857142858,0.8891481913652275,0.4423076923076923,0.7399002922468627,0.7427707100378065,True
2017,Singapore Management University,School of Information Systems (4-years programme) *,Information Systems Management,95.1,91.3,3922.0,3905.0,4014.0,4000.0,3550.0,4500.0,False,False,950.0,14.0,3.799999999999997,0.16331442324222106,0.836685576757779,0.8906249999999999,0.8984830805134189,0.4230769230769231,0.836685576757779,0.7680044914369233,True
2017,Singapore Management University,School of Information Systems (4-years programme) *,Information Systems Management Cum Laude and above,96.1,94.1,4211.0,4334.0,4305.0,4334.0,4000.0,4750.0,False,False,750.0,-29.0,2.0,0.12893243940175347,0.8710675605982465,0.9129464285714285,0.9311551925320887,0.48730769230769233,0.8710675605982465,0.8057175434977152,True
2017,Singapore Management University,School of Social Sciences (4-years programme) *,Social Sciences,91.3,78.0,3344.0,3250.0,3493.0,3300.0,3000.0,3750.0,False,False,750.0,193.0,13.299999999999997,0.12893243940175347,0.8710675605982465,0.8058035714285714,0.7432905484247375,0.28846153846153844,0.8710675605982465,0.6675037546611142,True
2017,Singapore Management University,School of Social Sciences (4-years programme) *,Social Sciences Cum Laude and above,87.9,81.8,3810.0,3600.0,3938.0,3630.0,3300.0,4000.0,False,False,700.0,308.0,6.1000000000000085,0.12033694344163658,0.8796630565583634,0.7299107142857144,0.7876312718786465,0.35192307692307695,0.8796630565583634,0.6751928235638319,True
2017,Singapore Management University,School of Law (4-years programme) *,Law #,97.6,94.0,4778.0,4500.0,4941.0,5000.0,4000.0,5840.0,False,False,1840.0,-59.0,3.5999999999999943,0.3163142513323019,0.6836857486676982,0.9464285714285713,0.9299883313885647,0.6153846153846154,0.6836857486676982,0.8193240869914493,True
2017,Singapore Management University,School of Law (4-years programme) *,Law Cum Laude and above #,97.9,97.9,5163.0,5450.0,5287.0,5600.0,4200.0,6000.0,False,False,1800.0,-313.0,0.0,0.30943785456420836,0.6905621454357916,0.9531250000000001,0.9754959159859977,0.7307692307692307,0.6905621454357916,0.8648629043034757,True
2017,Singapore Institute of Technology,DigiPen Institute of Technology,Bachelor of Arts in Game Design ^,96.2,92.3,3040.0,3000.0,3067.0,3000.0,2800.0,3200.0,False,False,400.0,67.0,3.9000000000000057,0.06876396768093519,0.9312360323190648,0.9151785714285715,0.9101516919486581,0.23076923076923078,0.9312360323190648,0.7449767915533363,True
2017,Singapore Institute of Technology,DigiPen Institute of Technology,Bachelor of Fine Arts in Digital Arts & Animation ^,88.5,69.2,2859.0,2825.0,2876.0,2875.0,2700.0,3000.0,False,False,300.0,1.0,19.299999999999997,0.05157297576070139,0.9484270242392986,0.7433035714285714,0.6406067677946324,0.20673076923076922,0.9484270242392986,0.6091198477105482,True
2017,Singapore Institute of Technology,DigiPen Institute of Technology,Bachelor of Science in Computer Science & Game Design ^,100.0,100.0,3232.0,3250.0,3291.0,3250.0,2900.0,3600.0,False,False,700.0,41.0,0.0,0.12033694344163658,0.8796630565583634,1.0,1.0,0.27884615384615385,0.8796630565583634,0.8016609969452929,True
2017,Singapore Institute of Technology,DigiPen Institute of Technology,Bachelor of Science in Computer Science in Real-Time Interactive Simulation,96.9,90.6,3898.0,3800.0,3904.0,3800.0,3558.0,4140.0,False,False,582.0,104.0,6.300000000000011,0.1000515729757607,0.8999484270242393,0.9308035714285715,0.8903150525087514,0.38461538461538464,0.8999484270242393,0.7774816973886789,True
2017,Singapore Institute of Technology,The Glasgow School of Art,Bachelor of Arts with Honours in Communication Design,90.7,68.5,2819.0,2600.0,2949.0,2700.0,2500.0,3200.0,False,False,700.0,249.0,22.200000000000003,0.12033694344163658,0.8796630565583634,0.7924107142857143,0.632438739789965,0.17307692307692307,0.8796630565583634,0.602673525475689,True
2017,Singapore Institute of Technology,The Glasgow School of Art,Bachelor of Arts with Honours in Interior Design,92.3,87.2,2818.0,2700.0,2841.0,2700.0,2500.0,3000.0,False,False,500.0,141.0,5.099999999999994,0.08595495960116899,0.914045040398831,0.8281249999999999,0.8506417736289382,0.17307692307692307,0.914045040398831,0.6840060189177368,True
2017,Singapore Institute of Technology,Newcastle University,Bachelor of Engineering with Honours in Chemical Engineering,77.3,62.1,3061.0,3100.0,3290.0,3255.0,2975.0,3600.0,False,False,625.0,35.0,15.199999999999996,0.10744369950146124,0.8925563004985387,0.49330357142857134,0.557759626604434,0.2798076923076923,0.8925563004985387,0.5191543275616055,True
2017,Singapore Institute of Technology,Newcastle University,Bachelor of Engineering with Honours in Electrical Power Engineering,94.4,88.9,3191.0,3200.0,3269.0,3200.0,3000.0,3450.0,False,False,450.0,69.0,5.5,0.07735946364105209,0.9226405363589479,0.8750000000000001,0.8704784130688449,0.2692307692307692,0.9226405363589479,0.7293472966821879,True
2017,Singapore Institute of Technology,Newcastle University,Bachelor of Engineering with Honours in Marine Engineering ^,96.2,88.5,3461.0,3300.0,3541.0,3500.0,3000.0,4000.0,False,False,1000.0,41.0,7.700000000000003,0.17190991920233797,0.828090080797662,0.9151785714285715,0.8658109684947491,0.3269230769230769,0.828090080797662,0.7402411433274146,True
2017,Singapore Institute of Technology,Newcastle University,Bachelor of Engineering with Honours in Mechanical Design & Manufacturing Engineering,90.5,85.7,3063.0,3000.0,3145.0,3000.0,2800.0,3350.0,False,False,550.0,145.0,4.799999999999997,0.09455045556128588,0.9054495444387141,0.7879464285714286,0.8331388564760794,0.23076923076923078,0.9054495444387141,0.6798353248723672,True
2017,Singapore Institute of Technology,Newcastle University,Bachelor of Engineering with Honours in Naval Architecture ^,95.5,95.5,3451.0,3300.0,3537.0,3300.0,3200.0,3500.0,False,False,300.0,237.0,0.0,0.05157297576070139,0.9484270242392986,0.8995535714285714,0.9474912485414235,0.28846153846153844,0.9484270242392986,0.7684928842422778,True
2017,Singapore Institute of Technology,Newcastle University,Bachelor of Engineering with Honours in Offshore Engineering ^,100.0,86.7,3792.0,3300.0,3866.0,3300.0,3300.0,3950.0,False,False,650.0,566.0,13.299999999999997,0.11174144748151968,0.8882585525184803,1.0,0.8448074679113186,0.28846153846153844,0.8882585525184803,0.7587964078665522,True
2017,Singapore Institute of Technology,Newcastle University,Bachelor of Science with Honours in Food & Human Nutrition,97.7,79.1,2784.0,2600.0,2980.0,2700.0,2475.0,3200.0,False,False,725.0,280.0,18.60000000000001,0.12463469142169503,0.875365308578305,0.9486607142857143,0.7561260210035006,0.17307692307692307,0.875365308578305,0.686010047642741,True
2017,Singapore Institute of Technology,Technische UniversitÃ¤t MÃ¼nchen,Bachelor of Science in Chemical Engineering,84.5,74.1,3061.0,3000.0,3301.0,3200.0,3000.0,3375.0,False,False,375.0,101.0,10.400000000000006,0.06446621970087674,0.9355337802991233,0.6540178571428571,0.6977829638273045,0.2692307692307692,0.9355337802991233,0.6131780056436092,True
2017,Singapore Institute of Technology,Technische UniversitÃ¤t MÃ¼nchen,Bachelor of Science in Electrical Engineering & Information Technology,82.8,82.8,3504.0,3175.0,3591.0,3400.0,3000.0,4000.0,False,False,1000.0,191.0,0.0,0.17190991920233797,0.828090080797662,0.6160714285714285,0.7992998833138856,0.3076923076923077,0.828090080797662,0.6257479826083203,True
2017,Singapore Institute of Technology,The Culinary Institute of America,Bachelor of Professional Studies in Culinary Arts Management,87.9,54.5,2357.0,2300.0,2598.0,2300.0,2200.0,3259.0,False,False,1059.0,298.0,33.400000000000006,0.1820526044352759,0.8179473955647241,0.7299107142857144,0.46907817969661614,0.09615384615384616,0.8179473955647241,0.5064272390678694,True
2017,Singapore Institute of Technology,Singapore Institute of Technology -Trinity College Dublin / Trinity College Dublin,Bachelor in Science (Diagnostic Radiography) **,,,,,,,,,True,True,,,,,,,,,,,False
2017,Singapore Institute of Technology,Singapore Institute of Technology -Trinity College Dublin / Trinity College Dublin,Bachelor in Science (Occupational Therapy),100.0,97.1,3217.0,3250.0,3258.0,3300.0,3020.0,3450.0,False,False,430.0,-42.0,2.9000000000000057,0.07392126525700533,0.9260787347429946,1.0,0.9661610268378062,0.28846153846153844,0.9260787347429946,0.8008755028781757,True
2017,Singapore Institute of Technology,Singapore Institute of Technology -Trinity College Dublin / Trinity College Dublin,Bachelor in Science (Physiotherapy),100.0,96.8,3483.0,3350.0,3489.0,3400.0,3300.0,3500.0,False,False,200.0,89.0,3.200000000000003,0.034381983840467596,0.9656180161595324,1.0,0.9626604434072346,0.3076923076923077,0.9656180161595324,0.810563912369177,True
2017,Singapore Institute of Technology,Singapore Institute of Technology -Trinity College Dublin / Trinity College Dublin,Bachelor in Science (Radiation Therapy) **,,,,,,,,,True,True,,,,,,,,,,,False
2017,Singapore Institute of Technology,University of Glasgow,Bachelor of Engineering with Honours in Aeronautical Engineering,81.3,65.6,3367.0,3100.0,3481.0,3200.0,2950.0,3700.0,False,False,750.0,281.0,15.700000000000003,0.12893243940175347,0.8710675605982465,0.5825892857142856,0.5985997666277713,0.2692307692307692,0.8710675605982465,0.5523245421000463,True
2017,Singapore Institute of Technology,University of Glasgow,Bachelor of Engineering with Honours in Aerospace Systems,80.0,52.5,3207.0,3125.0,3280.0,3125.0,2625.0,3650.0,False,False,1025.0,155.0,27.5,0.17620766718239642,0.8237923328176036,0.5535714285714285,0.44574095682613774,0.2548076923076923,0.8237923328176036,0.48706448861883345,True
2017,Singapore Institute of Technology,University of Glasgow,Bachelor of Engineering with Honours in Mechanical Design Engineering,96.6,87.9,3608.0,3100.0,3670.0,3200.0,3000.0,3700.0,False,False,700.0,470.0,8.699999999999989,0.12033694344163658,0.8796630565583634,0.9241071428571427,0.8588098016336057,0.2692307692307692,0.8796630565583634,0.7341322341386712,True
2017,Singapore Institute of Technology,University of Glasgow,Bachelor of Engineering with Honours in Mechatronics,94.6,86.5,3412.0,3050.0,3595.0,3400.0,3000.0,4000.0,False,False,1000.0,195.0,8.099999999999994,0.17190991920233797,0.828090080797662,0.8794642857142856,0.8424737456242707,0.3076923076923077,0.828090080797662,0.717717998444293,True
2017,Singapore Institute of Technology,University of Glasgow,Bachelor of Science with Honours in Computing Science,95.8,85.9,3633.0,3600.0,3724.0,3600.0,3300.0,4200.0,False,False,900.0,124.0,9.899999999999991,0.15471892728210418,0.8452810727178959,0.9062499999999999,0.8354725787631273,0.34615384615384615,0.8452810727178959,0.7358473960750842,True
2017,Singapore Institute of Technology,University of Manchester,Bachelor of Science with Honours in Nursing Practice,98.2,96.5,3507.0,3400.0,3741.0,3650.0,3600.0,3900.0,False,False,300.0,91.0,1.7000000000000028,0.05157297576070139,0.9484270242392986,0.9598214285714286,0.9591598599766628,0.3557692307692308,0.9484270242392986,0.8069007478926298,True
2017,Singapore Institute of Technology,University of Liverpool,Bachelor of Arts with Honours in Criminology and Security,86.4,69.5,3759.0,3800.0,3825.0,3800.0,3050.0,4160.0,False,False,1110.0,25.0,16.900000000000006,0.19082001031459514,0.8091799896854048,0.6964285714285715,0.6441073512252042,0.38461538461538464,0.8091799896854048,0.6196916214027895,True
2017,Singapore Institute of Technology,Wheelock College,Bachelor of Science in Early Childhood Education,96.4,92.9,2883.0,2900.0,2890.0,2900.0,2800.0,3000.0,False,False,200.0,-10.0,3.5,0.034381983840467596,0.9656180161595324,0.9196428571428573,0.9171528588098017,0.21153846153846154,0.9656180161595324,0.7487660325943428,True
2017,Singapore Institute of Technology,Singapore Institute of Technology,Bachelor of Accountancy with Honours,94.1,92.1,3073.0,3050.0,3113.0,3088.0,2975.0,3250.0,False,False,275.0,25.0,2.0,0.04727522778064294,0.952724772219357,0.8683035714285713,0.9078179696616102,0.24769230769230768,0.952724772219357,0.7376682550830349,True
2017,Singapore Institute of Technology,Singapore Institute of Technology,Bachelor of Hospitality Business with Honours ^,94.7,84.2,2713.0,2700.0,2829.0,2800.0,2500.0,3100.0,False,False,600.0,29.0,10.5,0.10314595152140278,0.8968540484785972,0.8816964285714286,0.8156359393232205,0.19230769230769232,0.8968540484785972,0.6918047407171074,True
2017,Singapore University of Technology and Design,na,Bachelor of Engineering (Engineering Product Development),89.9,87.3,3594.0,3600.0,3638.0,3600.0,3450.0,3800.0,False,False,350.0,38.0,2.6000000000000085,0.06016847172081829,0.9398315282791817,0.7745535714285715,0.851808634772462,0.34615384615384615,0.9398315282791817,0.7154218526406488,True
2017,Singapore University of Technology and Design,na,Bachelor of Engineering (Information Systems Technology and Design),100.0,100.0,4146.0,4000.0,4175.0,4023.0,3600.0,4900.0,False,False,1300.0,152.0,0.0,0.22348289496303936,0.7765171050369606,1.0,1.0,0.4275,0.7765171050369606,0.823352565755544,True
2017,Singapore University of Technology and Design,na,Bachelor of Engineering (Engineering Systems and Design),91.7,85.4,3856.0,3800.0,3956.0,3850.0,3600.0,4210.0,False,False,610.0,106.0,6.299999999999997,0.10486505071342617,0.8951349492865739,0.8147321428571429,0.8296382730455076,0.3942307692307692,0.8951349492865739,0.7261390594714736,True
2017,Singapore University of Technology and Design,na,Bachelor of Science (Architecture and Sustainable Design) ###,,,,,,,,,True,True,,,,,,,,,,,False
2018,Nanyang Technological University,College of Business (Nanyang Business School),Accountancy,94.6,92.2,3214.0,3000.0,3245.0,3000.0,3000.0,3200.0,False,False,200.0,245.0,2.3999999999999915,0.034381983840467596,0.9656180161595324,0.8794642857142856,0.9089848308051343,0.23076923076923078,0.9656180161595324,0.7390697450720635,True
2018,Nanyang Technological University,College of Business (Nanyang Business School),Accountancy and Business,99.2,97.7,4391.0,4000.0,4456.0,4000.0,3600.0,4633.0,False,False,1033.0,456.0,1.5,0.17758294653601514,0.8224170534639849,0.9821428571428572,0.9731621936989499,0.4230769230769231,0.8224170534639849,0.8157233040413705,True
2018,Nanyang Technological University,College of Business (Nanyang Business School),Business,92.6,84.3,3646.0,3500.0,3776.0,3500.0,3200.0,4000.0,False,False,800.0,276.0,8.299999999999997,0.13752793536187038,0.8624720646381296,0.8348214285714284,0.8168028004667445,0.3269230769230769,0.8624720646381296,0.7065888476379406,True
2018,Nanyang Technological University,College of Business (Nanyang Business School),Business and Computing ^,100.0,100.0,4536.0,4450.0,4572.0,4575.0,4200.0,4900.0,False,False,700.0,-3.0,0.0,0.12033694344163658,0.8796630565583634,1.0,1.0,0.5336538461538461,0.8796630565583634,0.865362920022216,True
2018,Nanyang Technological University,College of Engineering,Aerospace Engineering,95.3,88.4,3710.0,3625.0,3873.0,3800.0,3365.0,4280.0,False,False,915.0,73.0,6.8999999999999915,0.15729757607013925,0.8427024239298607,0.8950892857142857,0.8646441073512253,0.38461538461538464,0.8427024239298607,0.7504792276629785,True
2018,Nanyang Technological University,College of Engineering,Aerospace Engineering and Economics **,,,,,,,,,True,True,,,,,,,,,,,False
2018,Nanyang Technological University,College of Engineering,Bioengineering,77.5,66.2,3457.0,3500.0,3660.0,3500.0,3200.0,4000.0,False,False,800.0,160.0,11.299999999999997,0.13752793536187038,0.8624720646381296,0.4977678571428571,0.6056009334889149,0.3269230769230769,0.8624720646381296,0.5421122161160202,True
2018,Nanyang Technological University,College of Engineering,Business and Computer Engineering **,,,,,,,,,True,True,,,,,,,,,,,False
2018,Nanyang Technological University,College of Engineering,Chemical & Biomolecular Engineering,91.6,86.0,3461.0,3500.0,3782.0,3600.0,3300.0,4200.0,False,False,900.0,182.0,5.599999999999994,0.15471892728210418,0.8452810727178959,0.8124999999999999,0.8366394399066511,0.34615384615384615,0.8452810727178959,0.7080724544181413,True
2018,Nanyang Technological University,College of Engineering,Chemical & Biomolecular Engineering and Economics **,,,,,,,,,True,True,,,,,,,,,,,False
2018,Nanyang Technological University,College of Engineering,Civil Engineering,96.5,96.5,3521.0,3400.0,3597.0,3500.0,3200.0,3816.0,False,False,616.0,97.0,0.0,0.10589651022864019,0.8941034897713598,0.921875,0.9591598599766628,0.3269230769230769,0.8941034897713598,0.780156750689472,True
2018,Nanyang Technological University,College of Engineering,Computer Engineering,95.8,95.8,3749.0,3700.0,3865.0,3775.0,3400.0,4200.0,False,False,800.0,90.0,0.0,0.13752793536187038,0.8624720646381296,0.9062499999999999,0.9509918319719953,0.3798076923076923,0.8624720646381296,0.781495282364241,True
2018,Nanyang Technological University,College of Engineering,Computer Engineering and Economics **,,,,,,,,,True,True,,,,,,,,,,,False
2018,Nanyang Technological University,College of Engineering,Computer Science,94.4,93.0,3970.0,3800.0,4062.0,4000.0,3500.0,4500.0,False,False,1000.0,62.0,1.4000000000000057,0.17190991920233797,0.828090080797662,0.8750000000000001,0.9183197199533255,0.4230769230769231,0.828090080797662,0.7679786588748777,True
2018,Nanyang Technological University,College of Engineering,Electrical & Electronic Engineering,92.7,91.0,3625.0,3500.0,3772.0,3600.0,3323.0,4000.0,False,False,677.0,172.0,1.7000000000000028,0.11638301529998281,0.8836169847000171,0.8370535714285715,0.8949824970828472,0.34615384615384615,0.8836169847000171,0.7386918297968896,True
2018,Nanyang Technological University,College of Engineering,Environmental Engineering,92.1,81.6,3388.0,3360.0,3485.0,3400.0,3000.0,3500.0,False,False,500.0,85.0,10.5,0.08595495960116899,0.914045040398831,0.8236607142857142,0.7852975495915986,0.3076923076923077,0.914045040398831,0.6967173121460954,True
2018,Nanyang Technological University,College of Engineering,Environmental Engineering and Economics **,,,,,,,,,True,True,,,,,,,,,,,False
2018,Nanyang Technological University,College of Engineering,Information Engineering & Media,93.2,89.0,3724.0,3725.0,3800.0,3750.0,3500.0,4140.0,False,False,640.0,50.0,4.200000000000003,0.11002234828949631,0.8899776517105037,0.8482142857142858,0.8716452742123687,0.375,0.8899776517105037,0.7432045157345719,True
2018,Nanyang Technological University,College of Engineering,Maritime Studies,93.3,90.0,3351.0,3300.0,3409.0,3350.0,3000.0,3640.0,False,False,640.0,59.0,3.299999999999997,0.11002234828949631,0.8899776517105037,0.8504464285714285,0.8833138856476079,0.2980769230769231,0.8899776517105037,0.7281439727915172,True
2018,Nanyang Technological University,College of Engineering,Materials Engineering,86.5,81.9,3457.0,3400.0,3650.0,3500.0,3200.0,4000.0,False,False,800.0,150.0,4.599999999999994,0.13752793536187038,0.8624720646381296,0.6986607142857143,0.7887981330221704,0.3269230769230769,0.8624720646381296,0.6573392331188541,True
2018,Nanyang Technological University,College of Engineering,Mechanical Engineering,85.6,81.1,3448.0,3500.0,3653.0,3500.0,3200.0,4000.0,False,False,800.0,153.0,4.5,0.13752793536187038,0.8624720646381296,0.6785714285714284,0.7794632438739789,0.3269230769230769,0.8624720646381296,0.6485119806601108,True
2018,Nanyang Technological University,"College of Humanities, Arts & Social Sciences","Art, Design & Media",85.7,53.8,2930.0,2800.0,2986.0,3000.0,2600.0,3300.0,False,False,700.0,-14.0,31.900000000000006,0.12033694344163658,0.8796630565583634,0.6808035714285715,0.46091015169194866,0.23076923076923078,0.8796630565583634,0.5321558831122183,True
2018,Nanyang Technological University,"College of Humanities, Arts & Social Sciences",Chinese,86.4,76.3,3149.0,3150.0,3260.0,3500.0,3000.0,3518.0,False,False,518.0,-240.0,10.100000000000009,0.08904933814681107,0.910950661853189,0.6964285714285715,0.7234539089848308,0.3269230769230769,0.910950661853189,0.6443381126327683,True
2018,Nanyang Technological University,"College of Humanities, Arts & Social Sciences",Communication Studies,95.0,84.2,3085.0,3000.0,3166.0,3000.0,2750.0,3500.0,False,False,750.0,166.0,10.799999999999997,0.12893243940175347,0.8710675605982465,0.8883928571428571,0.8156359393232205,0.23076923076923078,0.8710675605982465,0.699561080721868,True
2018,Nanyang Technological University,"College of Humanities, Arts & Social Sciences",Economics,90.1,84.0,3604.0,3500.0,3755.0,3536.0,3200.0,3959.0,False,False,759.0,219.0,6.099999999999994,0.13047962867457452,0.8695203713254255,0.779017857142857,0.8133022170361727,0.33384615384615385,0.8695203713254255,0.6915856164140612,True
2018,Nanyang Technological University,"College of Humanities, Arts & Social Sciences",English,81.6,59.2,3051.0,3000.0,3124.0,3000.0,2600.0,3500.0,False,False,900.0,124.0,22.39999999999999,0.15471892728210418,0.8452810727178959,0.5892857142857141,0.5239206534422404,0.23076923076923078,0.8452810727178959,0.5184463789183784,True
2018,Nanyang Technological University,"College of Humanities, Arts & Social Sciences",History,74.4,56.4,3593.0,3500.0,3719.0,3500.0,3260.0,4150.0,False,False,890.0,219.0,18.000000000000007,0.1529998280900808,0.8470001719099192,0.42857142857142866,0.4912485414235705,0.3269230769230769,0.8470001719099192,0.4847267860157568,True
2018,Nanyang Technological University,"College of Humanities, Arts & Social Sciences",Linguistics & Multilingual Studies,79.2,45.8,3074.0,3200.0,3091.0,3200.0,2900.0,3500.0,False,False,600.0,-109.0,33.400000000000006,0.10314595152140278,0.8968540484785972,0.5357142857142857,0.36756126021003493,0.2692307692307692,0.8968540484785972,0.472818463356778,True
2018,Nanyang Technological University,"College of Humanities, Arts & Social Sciences",Philosophy,80.0,76.0,3031.0,3000.0,3126.0,3000.0,2550.0,3500.0,False,False,950.0,126.0,4.0,0.16331442324222106,0.836685576757779,0.5535714285714285,0.7199533255542591,0.23076923076923078,0.836685576757779,0.5652525704436808,True
2018,Nanyang Technological University,"College of Humanities, Arts & Social Sciences",Psychology,90.1,78.0,3316.0,3300.0,3355.0,3370.0,3000.0,3684.0,False,False,684.0,-15.0,12.099999999999994,0.11758638473439917,0.8824136152656008,0.779017857142857,0.7432905484247375,0.3019230769230769,0.8824136152656008,0.6645353331908876,True
2018,Nanyang Technological University,"College of Humanities, Arts & Social Sciences",Public Policy and Global Affairs,80.6,71.0,3501.0,3350.0,3619.0,3350.0,3050.0,4018.0,False,False,968.0,269.0,9.599999999999994,0.16640880178786316,0.8335911982121369,0.5669642857142856,0.661610268378063,0.2980769230769231,0.8335911982121369,0.5681302767287559,True
2018,Nanyang Technological University,"College of Humanities, Arts & Social Sciences",Sociology,80.2,60.4,3275.0,3175.0,3374.0,3220.0,3000.0,3841.0,False,False,841.0,154.0,19.800000000000004,0.14457624204916625,0.8554237579508337,0.5580357142857143,0.5379229871645274,0.27307692307692305,0.8554237579508337,0.5253704048969283,True
2018,Nanyang Technological University,College of Sciences,Biological Sciences,80.1,67.0,3232.0,3200.0,3319.0,3250.0,3035.0,3650.0,False,False,615.0,69.0,13.099999999999994,0.10572460030943785,0.8942753996905621,0.5558035714285713,0.6149358226371062,0.27884615384615385,0.8942753996905621,0.555074666634826,True
2018,Nanyang Technological University,College of Sciences,Biomedical Sciences **,,,,,,,,,True,True,,,,,,,,,,,False
2018,Nanyang Technological University,College of Sciences,Biomedical Sciences & Chinese Medicine # ^,90.9,81.8,2941.0,3000.0,2953.0,3000.0,2700.0,3100.0,False,False,400.0,-47.0,9.100000000000009,0.06876396768093519,0.9312360323190648,0.7968750000000001,0.7876312718786465,0.23076923076923078,0.9312360323190648,0.6727295941037613,True
2018,Nanyang Technological University,College of Sciences,Chemistry & Biological Chemistry,77.6,63.9,3205.0,3167.0,3427.0,3200.0,3000.0,3725.0,False,False,725.0,227.0,13.699999999999996,0.12463469142169503,0.875365308578305,0.49999999999999983,0.5787631271878646,0.2692307692307692,0.875365308578305,0.5222414267507973,True
2018,Nanyang Technological University,College of Sciences,Environmental Earth Systems Sciences ^,76.2,57.1,3347.0,3440.0,3389.0,3440.0,3150.0,3900.0,False,False,750.0,-51.0,19.1,0.12893243940175347,0.8710675605982465,0.46875000000000006,0.499416569428238,0.3153846153846154,0.8710675605982465,0.49995625876436217,True
2018,Nanyang Technological University,College of Sciences,Mathematical Sciences,87.1,75.9,3661.0,3600.0,3744.0,3650.0,3360.0,4000.0,False,False,640.0,94.0,11.199999999999989,0.11002234828949631,0.8899776517105037,0.7120535714285713,0.7187864644107352,0.3557692307692308,0.8899776517105037,0.6516909662006752,True
2018,Nanyang Technological University,College of Sciences,Mathematics & Economics,96.3,83.3,3481.0,3500.0,3569.0,3600.0,3200.0,4000.0,False,False,800.0,-31.0,13.0,0.13752793536187038,0.8624720646381296,0.9174107142857142,0.8051341890315052,0.34615384615384615,0.8624720646381296,0.7326727422293469,True
2018,Nanyang Technological University,College of Sciences,Physics & Applied Physics,80.2,74.1,3468.0,3300.0,3576.0,3400.0,3025.0,3800.0,False,False,775.0,176.0,6.1000000000000085,0.13323018738181194,0.8667698126181881,0.5580357142857143,0.6977829638273045,0.3076923076923077,0.8667698126181881,0.5836841522497107,True
2018,Nanyang Technological University,National Institute of Education (NIE),Arts (With Education),100.0,99.2,3618.0,3750.0,3751.0,3800.0,3600.0,3806.0,False,False,206.0,-49.0,0.7999999999999972,0.035413443355681626,0.9645865566443184,1.0,0.9906651108518086,0.38461538461538464,0.9645865566443184,0.8380413629060366,True
2018,Nanyang Technological University,National Institute of Education (NIE),Science (With Education),100.0,100.0,3600.0,3800.0,3738.0,3800.0,3600.0,4000.0,False,False,400.0,-62.0,0.0,0.06876396768093519,0.9312360323190648,1.0,1.0,0.38461538461538464,0.9312360323190648,0.8358392510017059,True
2018,Nanyang Technological University,Sports Science and Management,Sport Science and Management,87.0,61.1,3172.0,3200.0,3382.0,3300.0,3000.0,3600.0,False,False,600.0,82.0,25.9,0.10314595152140278,0.8968540484785972,0.7098214285714286,0.5460910151691948,0.28846153846153844,0.8968540484785972,0.5834172250093611,True
2018,Nanyang Technological University,Lee Kong Chian School of Medicine,Medicine ##,,,,,,,,,True,True,,,,,,,,,,,False
2018,National University of Singapore,Faculty of Arts & Social Sciences,Bachelor of Arts,83.7,56.6,3169.0,3070.0,3322.0,3200.0,2800.0,3600.0,False,False,800.0,122.0,27.1,0.13752793536187038,0.8624720646381296,0.6361607142857143,0.49358226371061836,0.2692307692307692,0.8624720646381296,0.5356013954023116,True
2018,National University of Singapore,Faculty of Arts & Social Sciences,Bachelor of Arts (Hons),87.5,60.8,3290.0,3300.0,3377.0,3300.0,3000.0,3600.0,False,False,600.0,77.0,26.700000000000003,0.10314595152140278,0.8968540484785972,0.7209821428571428,0.5425904317386231,0.28846153846153844,0.8968540484785972,0.5857152642659039,True
2018,Singapore University of Social Sciences,School of Business,Bachelor of Accountancy,98.7,97.5,2858.0,2850.0,2879.0,3000.0,2700.0,3000.0,False,False,300.0,-121.0,1.2000000000000028,0.05157297576070139,0.9484270242392986,0.9709821428571429,0.970828471411902,0.23076923076923078,0.9484270242392986,0.7824995456089159,True
2018,National University of Singapore,Faculty of Arts & Social Sciences,Bachelor of Social Sciences,88.2,74.5,3459.0,3400.0,3526.0,3400.0,3200.0,3800.0,False,False,600.0,126.0,13.700000000000003,0.10314595152140278,0.8968540484785972,0.7366071428571429,0.7024504084014003,0.3076923076923077,0.8968540484785972,0.6431684495724294,True
2018,National University of Singapore,Faculty of Dentistry,Bachelor of Dental Surgery,100.0,100.0,4148.0,4050.0,4228.0,4050.0,4000.0,4450.0,False,False,450.0,178.0,0.0,0.07735946364105209,0.9226405363589479,1.0,1.0,0.4326923076923077,0.9226405363589479,0.8465691573769192,True
2018,National University of Singapore,Faculty of Engineering,Bachelor of Engineering (Biomedical Engineering),79.4,69.8,3357.0,3300.0,3444.0,3389.0,3280.0,3650.0,False,False,370.0,55.0,9.600000000000009,0.06360667010486505,0.9363933298951349,0.5401785714285715,0.6476079346557759,0.3055769230769231,0.9363933298951349,0.5731891820788052,True
2018,National University of Singapore,Faculty of Engineering,Bachelor of Engineering (Chemical Engineering),89.9,84.1,3768.0,3700.0,4050.0,4000.0,3500.0,4300.0,False,False,800.0,50.0,5.800000000000011,0.13752793536187038,0.8624720646381296,0.7745535714285715,0.8144690781796966,0.4230769230769231,0.8624720646381296,0.7118468353474307,True
2018,National University of Singapore,Faculty of Engineering,Bachelor of Engineering (Civil Engineering),91.8,89.8,3520.0,3500.0,3627.0,3500.0,3300.0,3900.0,False,False,600.0,127.0,2.0,0.10314595152140278,0.8968540484785972,0.8169642857142856,0.8809801633605601,0.3269230769230769,0.8968540484785972,0.7256422112250125,True
2018,National University of Singapore,Faculty of Engineering,Bachelor of Engineering (Electrical Engineering),91.0,83.4,3712.0,3600.0,3982.0,3700.0,3400.0,4546.0,False,False,1146.0,282.0,7.599999999999994,0.19700876740587933,0.8029912325941206,0.7991071428571428,0.8063010501750293,0.36538461538461536,0.8029912325941206,0.6934172966449236,True
2018,National University of Singapore,Faculty of Engineering,Bachelor of Engineering (Engineering Science) **,,,,,,,,,True,True,,,,,,,,,,,False
2018,National University of Singapore,Faculty of Engineering,Bachelor of Engineering (Environmental Engineering),88.9,74.6,3411.0,3300.0,3518.0,3400.0,3000.0,3868.0,False,False,868.0,118.0,14.300000000000011,0.14921780986762936,0.8507821901323707,0.752232142857143,0.7036172695449241,0.3076923076923077,0.8507821901323707,0.6412952291635527,True
2018,National University of Singapore,Faculty of Engineering,Bachelor of Engineering (Industrial and Systems Engineering),91.5,87.8,3889.0,3800.0,4051.0,3895.0,3600.0,4500.0,False,False,900.0,156.0,3.700000000000003,0.15471892728210418,0.8452810727178959,0.8102678571428571,0.8576429404900816,0.4028846153846154,0.8452810727178959,0.7278865540437198,True
2018,National University of Singapore,Faculty of Engineering,Bachelor of Engineering (Materials Science and Engineering),88.6,86.4,3550.0,3600.0,3794.0,3600.0,3500.0,4305.0,False,False,805.0,194.0,2.1999999999999886,0.13838748495788206,0.8616125150421179,0.7455357142857142,0.8413068844807469,0.34615384615384615,0.8616125150421179,0.6918331184247175,True
2018,National University of Singapore,Faculty of Engineering,Bachelor of Engineering (Mechanical Engineering),92.8,86.9,3684.0,3500.0,3877.0,3700.0,3300.0,4100.0,False,False,800.0,177.0,5.8999999999999915,0.13752793536187038,0.8624720646381296,0.8392857142857142,0.8471411901983664,0.36538461538461536,0.8624720646381296,0.7266450348870974,True
2018,National University of Singapore,Faculty of Law,Bachelor of Laws #,97.3,92.6,5070.0,5000.0,5263.0,5500.0,4500.0,5840.0,False,False,1340.0,-237.0,4.700000000000003,0.2303592917311329,0.7696407082688671,0.9397321428571428,0.9136522753792298,0.7115384615384616,0.7696407082688671,0.8493460470958571,True
2018,National University of Singapore,Faculty of Science,Bachelor of Science,81.6,47.2,3146.0,3000.0,3289.0,3100.0,2900.0,3850.0,False,False,950.0,189.0,34.39999999999999,0.16331442324222106,0.836685576757779,0.5892857142857141,0.38389731621936996,0.25,0.836685576757779,0.47995774566519206,True
2018,National University of Singapore,Faculty of Science,Bachelor of Science (Hons),87.3,72.8,3371.0,3300.0,3460.0,3400.0,3000.0,3725.0,False,False,725.0,60.0,14.5,0.12463469142169503,0.875365308578305,0.7165178571428571,0.6826137689614935,0.3076923076923077,0.875365308578305,0.6279673610411278,True
2018,National University of Singapore,Faculty of Science,Bachelor of Science (Computational Biology) **,,,,,,,,,True,True,,,,,,,,,,,False
2018,National University of Singapore,Faculty of Science,Bachelor of Science (Pharmacy) #,96.6,93.2,3549.0,3500.0,3723.0,3650.0,3500.0,3900.0,False,False,400.0,73.0,3.3999999999999915,0.06876396768093519,0.9312360323190648,0.9241071428571427,0.9206534422403734,0.3557692307692308,0.9312360323190648,0.7820558880694223,True
2018,National University of Singapore,NUS Business School,Bachelor of Business Administration,95.7,84.8,3633.0,3150.0,3732.0,3225.0,3000.0,3750.0,False,False,750.0,507.0,10.900000000000006,0.12893243940175347,0.8710675605982465,0.9040178571428572,0.822637106184364,0.27403846153846156,0.8710675605982465,0.7171662384725187,True
2018,National University of Singapore,NUS Business School,Bachelor of Business Administration (Hons),96.6,90.9,4286.0,3800.0,4424.0,3895.0,3300.0,4748.0,False,False,1448.0,529.0,5.699999999999989,0.2489255630049854,0.7510744369950146,0.9241071428571427,0.8938156359393233,0.4028846153846154,0.7510744369950146,0.7587591530343458,True
2018,National University of Singapore,NUS Business School,Bachelor of Business Administration (Accountancy) ^,95.2,95.2,3209.0,3000.0,3522.0,3020.0,2700.0,3500.0,False,False,800.0,502.0,0.0,0.13752793536187038,0.8624720646381296,0.8928571428571429,0.9439906651108518,0.23461538461538461,0.8624720646381296,0.739078998239964,True
2018,National University of Singapore,NUS Business School,Bachelor of Business Administration (Accountancy) (Hons),97.6,95.3,3643.0,3100.0,3683.0,3200.0,3000.0,4000.0,False,False,1000.0,483.0,2.299999999999997,0.17190991920233797,0.828090080797662,0.9464285714285713,0.9451575262543757,0.2692307692307692,0.828090080797662,0.7589970337322256,True
2018,National University of Singapore,School of Computing,Bachelor of Computing (Communications and Media) **,,,,,,,,,True,True,,,,,,,,,,,False
2018,National University of Singapore,School of Computing,Bachelor of Computing (Computational Biology) **,,,,,,,,,True,True,,,,,,,,,,,False
2018,National University of Singapore,School of Computing,Bachelor of Computing (Computer Science),96.9,91.8,4577.0,4280.0,4658.0,4320.0,3900.0,5000.0,False,False,1100.0,338.0,5.1000000000000085,0.18910091112257177,0.8108990888774282,0.9308035714285715,0.9043173862310385,0.4846153846153846,0.8108990888774282,0.7933249967833433,True
2018,National University of Singapore,School of Computing,Bachelor of Computing (Electronic Commerce) **,,,,,,,,,True,True,,,,,,,,,,,False
2018,National University of Singapore,School of Computing,Bachelor of Computing (Information Security) **,,,,,,,,,True,True,,,,,,,,,,,False
2018,National University of Singapore,School of Computing,Bachelor of Computing (Information Systems),98.4,95.3,4338.0,4375.0,4472.0,4458.0,4000.0,5000.0,False,False,1000.0,14.0,3.1000000000000085,0.17190991920233797,0.828090080797662,0.9642857142857144,0.9451575262543757,0.5111538461538462,0.828090080797662,0.8248349458201378,True
2018,National University of Singapore,School of Computing,Bachelor of Science (Business Analytics),93.5,93.5,4432.0,4400.0,4499.0,4500.0,4000.0,5000.0,False,False,1000.0,-1.0,0.0,0.17190991920233797,0.828090080797662,0.8549107142857143,0.9241540256709452,0.5192307692307693,0.828090080797662,0.7877406264143394,True
2018,National University of Singapore,School of Design & Environment,Bachelor of Arts (Architecture) # **,,,,,,,,,True,True,,,,,,,,,,,False
2018,National University of Singapore,School of Design & Environment,Bachelor of Arts (Industrial Design),87.0,69.6,3309.0,3200.0,3371.0,3250.0,3000.0,3800.0,False,False,800.0,121.0,17.400000000000006,0.13752793536187038,0.8624720646381296,0.7098214285714286,0.6452742123687281,0.27884615384615385,0.8624720646381296,0.6056110404393049,True
2018,National University of Singapore,School of Design & Environment,Bachelor of Science (Project and Facilities Management),89.0,84.6,3189.0,3040.0,3237.0,3060.0,3000.0,3300.0,False,False,300.0,177.0,4.400000000000006,0.05157297576070139,0.9484270242392986,0.7544642857142857,0.8203033838973162,0.2423076923076923,0.9484270242392986,0.6752712775962983,True
2018,National University of Singapore,School of Design & Environment,Bachelor of Science (Real Estate),91.7,85.1,3295.0,3300.0,3372.0,3300.0,3000.0,3600.0,False,False,600.0,72.0,6.6000000000000085,0.10314595152140278,0.8968540484785972,0.8147321428571429,0.8261376896149357,0.28846153846153844,0.8968540484785972,0.6989044416287977,True
2018,National University of Singapore,YLL School of Medicine,Bachelor of Medicine and Bachelor of Surgery # **,,,,,,,,,True,True,,,,,,,,,,,False
2018,National University of Singapore,YLL School of Medicine,Bachelor of Science (Nursing),94.6,94.6,3230.0,3250.0,3469.0,3450.0,3300.0,3500.0,False,False,200.0,19.0,0.0,0.034381983840467596,0.9656180161595324,0.8794642857142856,0.9369894982497082,0.3173076923076923,0.9656180161595324,0.7691057606900511,True
2018,National University of Singapore,YLL School of Medicine,Bachelor of Science (Nursing) (Hons),98.0,98.0,3306.0,3350.0,3546.0,3550.0,3400.0,3750.0,False,False,350.0,-4.0,0.0,0.06016847172081829,0.9398315282791817,0.9553571428571429,0.9766627771295215,0.33653846153846156,0.9398315282791817,0.804715320622492,True
2018,National University of Singapore,Yong Siew Toh Conservatory of Music,Bachelor of Music,81.0,23.8,2000.0,1750.0,2100.0,1800.0,1500.0,2700.0,False,False,1200.0,300.0,57.2,0.20629190304280556,0.7937080969571945,0.5758928571428571,0.11085180863477245,0.0,0.7937080969571945,0.325079614276868,True
2018,National University of Singapore,Yale-NUS College,Bachelor of Arts with Honours,90.5,81.1,4283.0,3600.0,4381.0,3630.0,3275.0,4642.0,False,False,1367.0,751.0,9.400000000000006,0.23500085954959601,0.764999140450404,0.7879464285714286,0.7794632438739789,0.35192307692307695,0.764999140450404,0.6729535420319521,True
2018,National University of Singapore,Yale-NUS College,Bachelor of Science with Honours ^,89.5,78.9,5017.0,4800.0,5136.0,4800.0,3600.0,6435.0,False,False,2835.0,336.0,10.599999999999994,0.48736462093862815,0.5126353790613718,0.765625,0.7537922987164528,0.5769230769230769,0.5126353790613718,0.6769512657049108,True
2018,National University of Singapore,Multidisciplinary Programmes,Bachelor of Engineering (Computer Engineering),88.6,84.3,4105.0,3800.0,4188.0,3975.0,3500.0,4900.0,False,False,1400.0,213.0,4.299999999999997,0.24067388688327315,0.7593261131167268,0.7455357142857142,0.8168028004667445,0.4182692307692308,0.7593261131167268,0.6871677790855543,True
2018,National University of Singapore,Multidisciplinary Programmes,Bachelor of Environmental Studies,84.2,55.3,3371.0,3414.0,3385.0,3414.0,3000.0,3600.0,False,False,600.0,-29.0,28.900000000000006,0.10314595152140278,0.8968540484785972,0.6473214285714286,0.47841306884480744,0.31038461538461537,0.8968540484785972,0.5498446103428142,True
2018,Singapore Institute of Technology,DigiPen Institute of Technology,Bachelor of Arts in Game Design ^,86.7,86.7,3277.0,3300.0,3324.0,3300.0,3196.0,3500.0,False,False,304.0,24.0,0.0,0.052260615437510746,0.9477393845624893,0.703125,0.8448074679113186,0.28846153846153844,0.9477393845624893,0.6786560326731536,True
2018,Singapore Institute of Technology,DigiPen Institute of Technology,Bachelor of Fine Arts in Digital Art and Animation,91.2,52.9,2854.0,2800.0,2861.0,2800.0,2600.0,3000.0,False,False,400.0,61.0,38.300000000000004,0.06876396768093519,0.9312360323190648,0.8035714285714286,0.4504084014002333,0.19230769230769232,0.9312360323190648,0.5639562769162814,True
2018,Singapore Institute of Technology,DigiPen Institute of Technology,Bachelor of Science in Computer Science and Game Design ^,94.7,89.5,3570.0,3600.0,3576.0,3600.0,3300.0,4000.0,False,False,700.0,-24.0,5.200000000000003,0.12033694344163658,0.8796630565583634,0.8816964285714286,0.8774795799299884,0.34615384615384615,0.8796630565583634,0.7462407225726411,True
2018,Singapore Institute of Technology,DigiPen Institute of Technology,Bachelor of Science in Computer Science in Real-Time Interactive Simulation,96.8,96.8,4031.0,4000.0,4088.0,4016.0,3830.0,4200.0,False,False,370.0,72.0,0.0,0.06360667010486505,0.9363933298951349,0.9285714285714285,0.9626604434072346,0.42615384615384616,0.9363933298951349,0.8143670226163306,True
2018,Singapore Institute of Technology,Newcastle University,Bachelor of Engineering with Honours in Chemical Engineering,84.6,76.9,3193.0,3100.0,3451.0,3300.0,3000.0,3600.0,False,False,600.0,151.0,7.699999999999989,0.10314595152140278,0.8968540484785972,0.6562499999999999,0.7304550758459744,0.28846153846153844,0.8968540484785972,0.6226550146409664,True
2020,National University of Singapore,Yale-NUS College,Bachelor of Arts with Honours,90.5,65.7,4242.0,3800.0,4370.0,3890.0,3475.0,5000.0,False,False,1525.0,480.0,24.799999999999997,0.2621626267835654,0.7378373732164346,0.7879464285714286,0.5997666277712953,0.40192307692307694,0.7378373732164346,0.6274702921160515,True
2018,Singapore Institute of Technology,Newcastle University,Bachelor of Engineering with Honours in Electrical Power Engineering,94.5,81.8,3382.0,3300.0,3438.0,3343.0,3050.0,3500.0,False,False,450.0,95.0,12.700000000000003,0.07735946364105209,0.9226405363589479,0.8772321428571429,0.7876312718786465,0.29673076923076924,0.9226405363589479,0.7120377971822713,True
2018,Singapore Institute of Technology,Newcastle University,Bachelor of Engineering with Honours in Marine Engineering,97.1,94.3,3374.0,3250.0,3439.0,3250.0,3000.0,3600.0,False,False,600.0,189.0,2.799999999999997,0.10314595152140278,0.8968540484785972,0.935267857142857,0.9334889148191365,0.27884615384615385,0.8968540484785972,0.7648666773219259,True
2018,Singapore Institute of Technology,Newcastle University,Bachelor of Engineering with Honours in Mechanical Design and Manufacturing Engineering,93.5,82.3,3343.0,3200.0,3484.0,3253.0,3100.0,3600.0,False,False,500.0,231.0,11.200000000000003,0.08595495960116899,0.914045040398831,0.8549107142857143,0.793465577596266,0.27942307692307694,0.914045040398831,0.7014754128551879,True
2018,Singapore Institute of Technology,Newcastle University,Bachelor of Engineering with Honours in Naval Architecture ^,100.0,100.0,3368.0,3300.0,3479.0,3400.0,3300.0,3800.0,False,False,500.0,79.0,0.0,0.08595495960116899,0.914045040398831,1.0,1.0,0.3076923076923077,0.914045040398831,0.8140298329829017,True
2018,Singapore Institute of Technology,Newcastle University,Bachelor of Engineering with Honours in Offshore Engineering ^,92.3,84.6,3245.0,3100.0,3545.0,3510.0,3100.0,3850.0,False,False,750.0,35.0,7.700000000000003,0.12893243940175347,0.8710675605982465,0.8281249999999999,0.8203033838973162,0.32884615384615384,0.8710675605982465,0.7074001877204703,True
2018,Singapore Institute of Technology,Newcastle University,Bachelor of Science with Honours in Food and Human Nutrition,90.4,69.2,2837.0,2800.0,2895.0,2900.0,2625.0,3200.0,False,False,575.0,-5.0,21.200000000000003,0.09884820354134434,0.9011517964586556,0.7857142857142858,0.6406067677946324,0.21153846153846154,0.9011517964586556,0.6159537009060891,True
2018,Singapore Institute of Technology,Singapore Institute of Technology (SIT),Bachelor of Accountancy with Honours,96.3,91.5,3188.0,3050.0,3216.0,3075.0,3000.0,3250.0,False,False,250.0,141.0,4.799999999999997,0.042977479800584494,0.9570225201994155,0.9174107142857142,0.9008168028004667,0.24519230769230768,0.9570225201994155,0.7503197100788435,True
2018,Singapore Institute of Technology,Singapore Institute of Technology (SIT),Bachelor of Engineering with Honours in Information & Communications Technology (Information Security) ^,100.0,100.0,4111.0,4000.0,4116.0,4045.0,4000.0,4400.0,False,False,400.0,71.0,0.0,0.06876396768093519,0.9312360323190648,1.0,1.0,0.43173076923076925,0.9312360323190648,0.847618097155552,True
2018,Singapore Institute of Technology,Singapore Institute of Technology (SIT),Bachelor of Engineering with Honours in Information & Communications Technology (Software Engineering),95.7,95.7,3838.0,4000.0,3914.0,4000.0,3600.0,4300.0,False,False,700.0,-86.0,0.0,0.12033694344163658,0.8796630565583634,0.9040178571428572,0.9498249708284714,0.4230769230769231,0.8796630565583634,0.7938715376443838,True
2018,Singapore Institute of Technology,Singapore Institute of Technology (SIT),Bachelor of Engineering with Honours in Sustainable Infrastructure Engineering (Land),98.3,96.6,3618.0,3456.0,3688.0,3550.0,3400.0,3800.0,False,False,400.0,138.0,1.7000000000000028,0.06876396768093519,0.9312360323190648,0.9620535714285714,0.9603267211201867,0.33653846153846156,0.9312360323190648,0.8005341079971026,True
2018,Singapore Institute of Technology,Singapore Institute of Technology (SIT),Bachelor of Hospitality Business with Honours,92.1,81.6,2898.0,2800.0,2991.0,2825.0,2600.0,3175.0,False,False,575.0,166.0,10.5,0.09884820354134434,0.9011517964586556,0.8236607142857142,0.7852975495915986,0.1971153846153846,0.9011517964586556,0.6671390947858382,True
2018,Singapore Institute of Technology,SIT-University of Glasgow,Bachelor of Science with Honours in Nursing,95.3,90.7,3260.0,3350.0,3536.0,3500.0,3350.0,3800.0,False,False,450.0,36.0,4.599999999999994,0.07735946364105209,0.9226405363589479,0.8950892857142857,0.8914819136522755,0.3269230769230769,0.9226405363589479,0.7560982094945797,True
2018,Singapore Institute of Technology,SIT-Trinity College Dublin / Trinity College Dublin,Bachelor in Science (Diagnostic Radiography) ^,95.8,87.5,3476.0,3300.0,3571.0,3350.0,3300.0,3800.0,False,False,500.0,221.0,8.299999999999997,0.08595495960116899,0.914045040398831,0.9062499999999999,0.8541423570595099,0.2980769230769231,0.914045040398831,0.7397436939469082,True
2018,Singapore Institute of Technology,SIT-Trinity College Dublin / Trinity College Dublin,Bachelor in Science (Occupational Therapy),96.6,96.6,3409.0,3450.0,3431.0,3460.0,3300.0,3610.0,False,False,310.0,-29.0,0.0,0.05329207495272477,0.9467079250472752,0.9241071428571427,0.9603267211201867,0.3192307692307692,0.9467079250472752,0.7871440402579822,True
2018,Singapore Institute of Technology,SIT-Trinity College Dublin / Trinity College Dublin,Bachelor in Science (Physiotherapy),100.0,100.0,3258.0,3300.0,3276.0,3300.0,3000.0,3600.0,False,False,600.0,-24.0,0.0,0.10314595152140278,0.8968540484785972,1.0,1.0,0.28846153846153844,0.8968540484785972,0.8066434918871741,True
2018,Singapore Institute of Technology,SIT-Trinity College Dublin / Trinity College Dublin,Bachelor in Science (Radiation Therapy) **,,,,,,,,,True,True,,,,,,,,,,,False
2018,Singapore Institute of Technology,Technische UniversitÃ¤t MÃ¼nchen,Bachelor of Science in Chemical Engineering,83.7,75.5,3048.0,3000.0,3298.0,3200.0,3000.0,3550.0,False,False,550.0,98.0,8.200000000000003,0.09455045556128588,0.9054495444387141,0.6361607142857143,0.7141190198366395,0.2692307692307692,0.9054495444387141,0.6082090442102055,True
2018,Singapore Institute of Technology,Technische UniversitÃ¤t MÃ¼nchen,Bachelor of Science in Electrical Engineering & Information Technology,83.3,69.4,3506.0,3500.0,3609.0,3500.0,3300.0,4000.0,False,False,700.0,109.0,13.899999999999991,0.12033694344163658,0.8796630565583634,0.6272321428571428,0.6429404900816803,0.3269230769230769,0.8796630565583634,0.5947320175961706,True
2018,Singapore Institute of Technology,The Culinary Institute of America,Bachelor of Business Administration in Food Business Management,86.5,64.9,2643.0,2530.0,2929.0,2663.0,2415.0,3300.0,False,False,885.0,266.0,21.599999999999994,0.1521402784940691,0.8478597215059309,0.6986607142857143,0.5904317386231039,0.16596153846153847,0.8478597215059309,0.5553970787139197,True
2018,Singapore Institute of Technology,The Glasgow School of Art,Bachelor of Arts with Honours in Communication Design,84.9,54.7,2818.0,2850.0,3055.0,2950.0,2550.0,3000.0,False,False,450.0,105.0,30.200000000000003,0.07735946364105209,0.9226405363589479,0.6629464285714287,0.471411901983664,0.22115384615384615,0.9226405363589479,0.5339920411588316,True
2018,Singapore Institute of Technology,The Glasgow School of Art,Bachelor of Arts with Honours in Interior Design,92.3,76.9,2710.0,2700.0,2796.0,2775.0,2500.0,3000.0,False,False,500.0,21.0,15.399999999999991,0.08595495960116899,0.914045040398831,0.8281249999999999,0.7304550758459744,0.1875,0.914045040398831,0.6515557788136168,True
2018,Singapore Institute of Technology,University of Glasgow,Bachelor of Engineering with Honours in Aeronautical Engineering,78.0,70.7,3440.0,3200.0,3454.0,3200.0,3000.0,3500.0,False,False,500.0,254.0,7.299999999999997,0.08595495960116899,0.914045040398831,0.5089285714285714,0.6581096849474913,0.2692307692307692,0.914045040398831,0.5545259252803357,True
2018,Singapore Institute of Technology,University of Glasgow,Bachelor of Engineering with Honours in Aerospace Systems,82.4,61.8,3412.0,3300.0,3451.0,3380.0,3025.0,3875.0,False,False,850.0,71.0,20.60000000000001,0.14612343132198727,0.8538765686780128,0.6071428571428572,0.5542590431738623,0.3038461538461538,0.8538765686780128,0.5524635938582562,True
2018,Singapore Institute of Technology,University of Glasgow,Bachelor of Engineering with Honours in Mechanical Design Engineering,94.3,90.6,3587.0,3400.0,3718.0,3500.0,3100.0,4000.0,False,False,900.0,218.0,3.700000000000003,0.15471892728210418,0.8452810727178959,0.8727678571428571,0.8903150525087514,0.3269230769230769,0.8452810727178959,0.7374478030339362,True
2018,Singapore Institute of Technology,University of Glasgow,Bachelor of Engineering with Honours in Mechatronics,93.7,87.3,3633.0,3500.0,3812.0,3600.0,3275.0,4298.0,False,False,1023.0,212.0,6.400000000000006,0.17586384734399174,0.8241361526560083,0.859375,0.851808634772462,0.34615384615384615,0.8241361526560083,0.7235139748686014,True
2018,Singapore Institute of Technology,University of Glasgow,Bachelor of Science with Honours in Computing Science,94.7,89.3,3926.0,3929.0,3996.0,4000.0,3500.0,4225.0,False,False,725.0,-4.0,5.400000000000006,0.12463469142169503,0.875365308578305,0.8816964285714286,0.8751458576429405,0.4230769230769231,0.875365308578305,0.7641267129202872,True
2018,Singapore Institute of Technology,University of Liverpool,Bachelor of Arts with Honours in Criminology and Security,91.9,74.2,3645.0,3500.0,3726.0,3729.0,3260.0,4100.0,False,False,840.0,-3.0,17.700000000000003,0.1444043321299639,0.855595667870036,0.8191964285714287,0.6989498249708285,0.37096153846153845,0.855595667870036,0.676523610858567,True
2018,Singapore Institute of Technology,Wheelock College,Bachelor of Science in Early Childhood Education,100.0,98.2,2897.0,2925.0,2911.0,2925.0,2800.0,3100.0,False,False,300.0,-14.0,1.7999999999999972,0.05157297576070139,0.9484270242392986,1.0,0.9789964994165694,0.21634615384615385,0.9484270242392986,0.790049541922404,True
2018,Singapore Management University,School of Accountancy (4-year programme) *,Accountancy,96.4,92.3,3576.0,3000.0,3607.0,3000.0,3000.0,3650.0,False,False,650.0,607.0,4.1000000000000085,0.11174144748151968,0.8882585525184803,0.9196428571428573,0.9101516919486581,0.23076923076923078,0.8882585525184803,0.7398694552975343,True
2018,Singapore Management University,School of Accountancy (4-year programme) *,Accountancy (Cum Laude and above),96.3,95.1,4396.0,3450.0,4439.0,3550.0,3013.0,4773.0,False,False,1760.0,889.0,1.2000000000000028,0.3025614577961148,0.6974385422038851,0.9174107142857142,0.9428238039673278,0.33653846153846156,0.6974385422038851,0.7468207521911108,True
2018,Singapore Management University,School of Business (4-year programme) *,Business Management,91.6,86.5,4017.0,3600.0,4133.0,3700.0,3250.0,4500.0,False,False,1250.0,433.0,5.099999999999994,0.21488739900292247,0.7851126009970775,0.8124999999999999,0.8424737456242707,0.36538461538461536,0.7851126009970775,0.7056051676829966,True
2018,Singapore Management University,School of Business (4-year programme) *,Business Management (Cum Laude and above),97.4,95.6,4433.0,4000.0,4544.0,4000.0,3500.0,4800.0,False,False,1300.0,544.0,1.8000000000000114,0.22348289496303936,0.7765171050369606,0.9419642857142858,0.9486581096849475,0.4230769230769231,0.7765171050369606,0.7894335151445446,True
2018,Singapore Management University,School of Economics (4-year programme) *,Economics,91.1,85.6,4017.0,3500.0,4140.0,3700.0,3200.0,4600.0,False,False,1400.0,440.0,5.5,0.24067388688327315,0.7593261131167268,0.8013392857142856,0.8319719953325554,0.36538461538461536,0.7593261131167268,0.6952384551277151,True
2018,Singapore Management University,School of Economics (4-year programme) *,Economics (Cum Laude and above),93.4,89.5,4599.0,4000.0,4721.0,4000.0,3500.0,5200.0,False,False,1700.0,721.0,3.9000000000000057,0.29224686264397454,0.7077531373560255,0.8526785714285715,0.8774795799299884,0.4230769230769231,0.7077531373560255,0.7309796467802026,True
2018,Singapore Management University,School of Information Systems (4-year programme) *,Information Systems,93.6,89.5,4058.0,4000.0,4160.0,4000.0,3600.0,4600.0,False,False,1000.0,160.0,4.099999999999994,0.17190991920233797,0.828090080797662,0.857142857142857,0.8774795799299884,0.4230769230769231,0.828090080797662,0.7503694740107335,True
2019,Nanyang Technological University,College of Sciences,Biomedical Sciences & Chinese Medicine # ^,95.2,85.7,2964.0,3000.0,2979.0,3000.0,2780.0,3200.0,False,False,420.0,-21.0,9.5,0.07220216606498195,0.927797833935018,0.8928571428571429,0.8331388564760794,0.23076923076923078,0.927797833935018,0.7146607825825271,True
2018,Singapore Management University,School of Information Systems (4-year programme) *,Information Systems (Cum Laude and above),100.0,97.2,4584.0,4650.0,4659.0,4685.0,4200.0,5000.0,False,False,800.0,-26.0,2.799999999999997,0.13752793536187038,0.8624720646381296,1.0,0.9673278879813303,0.5548076923076923,0.8624720646381296,0.8582710991670416,True
2018,Singapore Management University,School of Social Sciences (4-year programme) *,Social Sciences,85.6,74.4,3336.0,3200.0,3409.0,3210.0,3000.0,3710.0,False,False,710.0,199.0,11.199999999999989,0.12205604263365996,0.87794395736634,0.6785714285714284,0.7012835472578763,0.27115384615384613,0.87794395736634,0.6134365478922039,True
2018,Singapore Management University,School of Social Sciences (4-year programme) *,Social Sciences (Cum Laude and above),84.2,78.9,3818.0,3550.0,3880.0,3600.0,3200.0,4100.0,False,False,900.0,280.0,5.299999999999997,0.15471892728210418,0.8452810727178959,0.6473214285714286,0.7537922987164528,0.34615384615384615,0.8452810727178959,0.6336647406325103,True
2018,Singapore Management University,School of Law (4-year programme) *,Law #,92.7,90.8,4704.0,4500.0,4856.0,4500.0,4050.0,5600.0,False,False,1550.0,356.0,1.9000000000000057,0.2664603747636239,0.7335396252363762,0.8370535714285715,0.8926487747957993,0.5192307692307693,0.7335396252363762,0.75874933996046,True
2018,Singapore Management University,School of Law (4-year programme) *,Law (Cum Laude and above) #,94.4,92.6,4986.0,4750.0,5256.0,5513.0,4500.0,6000.0,False,False,1500.0,-257.0,1.8000000000000114,0.25786487880350695,0.742135121196493,0.8750000000000001,0.9136522753792298,0.7140384615384615,0.742135121196493,0.8264255661778583,True
2018,Singapore University of Social Sciences,School of Business,Bachelor of Science in Finance,88.0,84.0,3364.0,3400.0,3393.0,3400.0,3200.0,3500.0,False,False,300.0,-7.0,4.0,0.05157297576070139,0.9484270242392986,0.7321428571428571,0.8133022170361727,0.3076923076923077,0.9484270242392986,0.6828206528126806,True
2018,Singapore University of Social Sciences,School of Business,Bachelor of Science in Marketing,94.0,84.0,2925.0,3000.0,3023.0,3000.0,2650.0,3245.0,False,False,595.0,23.0,10.0,0.1022864019253911,0.8977135980746089,0.8660714285714286,0.8133022170361727,0.23076923076923078,0.8977135980746089,0.6961614410857795,True
2018,Singapore University of Technology and Design,na,Bachelor of Engineering (Engineering Product Development),94.7,86.3,3773.0,3700.0,3826.0,3700.0,3500.0,4000.0,False,False,500.0,126.0,8.400000000000006,0.08595495960116899,0.914045040398831,0.8816964285714286,0.8401400233372228,0.36538461538461536,0.914045040398831,0.7450038454785739,True
2018,Singapore University of Technology and Design,na,Bachelor of Engineering (Information Systems Technology and Design),97.3,93.3,4448.0,4300.0,4544.0,4400.0,4000.0,5000.0,False,False,1000.0,144.0,4.0,0.17190991920233797,0.828090080797662,0.9397321428571428,0.9218203033838973,0.5,0.828090080797662,0.8076792459919613,True
2018,Singapore University of Technology and Design,na,Bachelor of Engineering (Engineering Systems and Design),90.0,90.0,3798.0,3800.0,3893.0,3800.0,3600.0,4000.0,False,False,400.0,93.0,0.0,0.06876396768093519,0.9312360323190648,0.7767857142857143,0.8833138856476079,0.38461538461538464,0.9312360323190648,0.7338691309817026,True
2018,Singapore University of Technology and Design,na,Bachelor of Science (Architecture and Sustainable Design),95.1,88.5,3848.0,3900.0,3945.0,4000.0,3600.0,4215.0,False,False,615.0,-55.0,6.599999999999994,0.10572460030943785,0.8942753996905621,0.8906249999999999,0.8658109684947491,0.4230769230769231,0.8942753996905621,0.7668413312712397,True
2019,Nanyang Technological University,College of Business (Nanyang Business School),Accountancy,97.5,94.0,3220.0,3000.0,3254.0,3000.0,3000.0,3200.0,False,False,200.0,254.0,3.5,0.034381983840467596,0.9656180161595324,0.9441964285714286,0.9299883313885647,0.23076923076923078,0.9656180161595324,0.7647904381042355,True
2019,Nanyang Technological University,College of Business (Nanyang Business School),Accountancy and Business,97.9,95.2,4284.0,4000.0,4359.0,4000.0,3200.0,4600.0,False,False,1400.0,359.0,2.700000000000003,0.24067388688327315,0.7593261131167268,0.9531250000000001,0.9439906651108518,0.4230769230769231,0.7593261131167268,0.7888028472699953,True
2019,Nanyang Technological University,College of Business (Nanyang Business School),Business,93.8,83.1,3707.0,3500.0,3797.0,3600.0,3200.0,4000.0,False,False,800.0,197.0,10.700000000000003,0.13752793536187038,0.8624720646381296,0.8616071428571428,0.8028004667444574,0.34615384615384615,0.8624720646381296,0.715231554114661,True
2019,Nanyang Technological University,College of Business (Nanyang Business School),Business and Computing ^,94.4,83.3,4479.0,4833.0,4562.0,4833.0,3600.0,5000.0,False,False,1400.0,-271.0,11.100000000000009,0.24067388688327315,0.7593261131167268,0.8750000000000001,0.8051341890315052,0.5832692307692308,0.7593261131167268,0.7637564813692682,True
2019,Nanyang Technological University,College of Engineering,Aerospace Engineering,87.5,80.7,3816.0,3700.0,3939.0,3800.0,3500.0,4600.0,False,False,1100.0,139.0,6.799999999999997,0.18910091112257177,0.8108990888774282,0.7209821428571428,0.7747957992998834,0.38461538461538464,0.8108990888774282,0.6665220921325682,True
2019,Nanyang Technological University,College of Engineering,Aerospace Engineering and Economics **,,,,,,,,,True,True,,,,,,,,,,,False
2019,Nanyang Technological University,College of Engineering,Bioengineering,81.3,64.1,3445.0,3400.0,3548.0,3500.0,3200.0,3700.0,False,False,500.0,48.0,17.200000000000003,0.08595495960116899,0.914045040398831,0.5825892857142856,0.5810968494749125,0.3269230769230769,0.914045040398831,0.5679433658473533,True
2019,Nanyang Technological University,College of Engineering,Business and Computer Engineering **,,,,,,,,,True,True,,,,,,,,,,,False
2019,Nanyang Technological University,College of Engineering,Chemical and Biomolecular Engineering,88.6,78.1,3681.0,3600.0,3921.0,3800.0,3500.0,4300.0,False,False,800.0,121.0,10.5,0.13752793536187038,0.8624720646381296,0.7455357142857142,0.7444574095682613,0.38461538461538464,0.8624720646381296,0.6725225930057582,True
2019,Nanyang Technological University,College of Engineering,Chemical and Biomolecular Engineering and Economics **,,,,,,,,,True,True,,,,,,,,,,,False
2019,Nanyang Technological University,College of Engineering,Civil Engineering,94.9,90.6,3525.0,3400.0,3582.0,3500.0,3300.0,3900.0,False,False,600.0,82.0,4.300000000000011,0.10314595152140278,0.8968540484785972,0.8861607142857144,0.8903150525087514,0.3269230769230769,0.8968540484785972,0.7492016065408986,True
2019,Nanyang Technological University,College of Engineering,Civil Engineering and Economics **,,,,,,,,,True,True,,,,,,,,,,,False
2019,Nanyang Technological University,College of Engineering,Computer Engineering,94.6,94.6,3994.0,4000.0,4074.0,4000.0,3600.0,4500.0,False,False,900.0,74.0,0.0,0.15471892728210418,0.8452810727178959,0.8794642857142856,0.9369894982497082,0.4230769230769231,0.8452810727178959,0.7774975268661133,True
2019,Nanyang Technological University,College of Engineering,Computer Science,97.4,95.9,4270.0,4050.0,4309.0,4200.0,3800.0,4900.0,False,False,1100.0,109.0,1.5,0.18910091112257177,0.8108990888774282,0.9419642857142858,0.9521586931155194,0.46153846153846156,0.8108990888774282,0.8052563723651711,True
2019,Nanyang Technological University,College of Engineering,Electrical and Electronic Engineering,92.6,87.1,3769.0,3700.0,3884.0,3700.0,3500.0,4000.0,False,False,500.0,184.0,5.5,0.08595495960116899,0.914045040398831,0.8348214285714284,0.8494749124854142,0.36538461538461536,0.914045040398831,0.7337418122230313,True
2019,Nanyang Technological University,College of Engineering,Environmental Engineering,83.9,77.4,3574.0,3500.0,3596.0,3510.0,3400.0,3800.0,False,False,400.0,86.0,6.5,0.06876396768093519,0.9312360323190648,0.6406250000000001,0.736289381563594,0.32884615384615384,0.9312360323190648,0.6349712577784764,True
2019,Nanyang Technological University,College of Engineering,Environmental Engineering and Economics **,,,,,,,,,True,True,,,,,,,,,,,False
2019,Nanyang Technological University,College of Engineering,Information Engineering and Media,90.7,85.3,3934.0,3970.0,4006.0,4000.0,3600.0,4350.0,False,False,750.0,6.0,5.400000000000006,0.12893243940175347,0.8710675605982465,0.7924107142857143,0.8284714119019836,0.4230769230769231,0.8710675605982465,0.7226940027152771,True
2019,Nanyang Technological University,College of Engineering,Maritime Studies,98.3,93.2,3512.0,3400.0,3669.0,3500.0,3300.0,3700.0,False,False,400.0,169.0,5.099999999999994,0.06876396768093519,0.9312360323190648,0.9620535714285714,0.9206534422403734,0.3269230769230769,0.9312360323190648,0.7862282781793125,True
2019,Nanyang Technological University,College of Engineering,Materials Engineering,82.0,76.0,3601.0,3500.0,3817.0,3600.0,3300.0,4175.0,False,False,875.0,217.0,6.0,0.15042117930204574,0.8495788206979542,0.5982142857142857,0.7199533255542591,0.34615384615384615,0.8495788206979542,0.6094255680237182,True
2019,Nanyang Technological University,College of Engineering,Materials Engineering and Economics **,,,,,,,,,True,True,,,,,,,,,,,False
2019,Nanyang Technological University,College of Engineering,Mechanical Engineering,84.5,82.1,3608.0,3500.0,3728.0,3600.0,3380.0,4005.0,False,False,625.0,128.0,2.4000000000000057,0.10744369950146124,0.8925563004985387,0.6540178571428571,0.7911318553092181,0.34615384615384615,0.8925563004985387,0.6539668203488649,True
2019,Nanyang Technological University,College of Engineering,Mechanical Engineering and Economics **,,,,,,,,,True,True,,,,,,,,,,,False
2019,Nanyang Technological University,"College of Humanities, Arts & Social Sciences","Art, Design & Media",83.6,50.9,3031.0,3000.0,3068.0,3000.0,2800.0,3500.0,False,False,700.0,68.0,32.699999999999996,0.12033694344163658,0.8796630565583634,0.6339285714285713,0.4270711785297549,0.23076923076923078,0.8796630565583634,0.50794169116356,True
2019,Nanyang Technological University,"College of Humanities, Arts & Social Sciences",Chinese,90.1,79.0,3158.0,3150.0,3260.0,3210.0,2980.0,3500.0,False,False,520.0,50.0,11.099999999999994,0.08939315798521574,0.9106068420147843,0.779017857142857,0.7549591598599766,0.27115384615384613,0.9106068420147843,0.6645725929415293,True
2019,Nanyang Technological University,"College of Humanities, Arts & Social Sciences",Communication Studies,90.4,69.4,3220.0,3200.0,3264.0,3200.0,2800.0,3500.0,False,False,700.0,64.0,21.0,0.12033694344163658,0.8796630565583634,0.7857142857142858,0.6429404900816803,0.2692307692307692,0.8796630565583634,0.6278535835302366,True
2019,Nanyang Technological University,"College of Humanities, Arts & Social Sciences",Economics,88.2,79.8,3385.0,3300.0,3453.0,3400.0,3050.0,3600.0,False,False,550.0,53.0,8.400000000000006,0.09455045556128588,0.9054495444387141,0.7366071428571429,0.764294049008168,0.3076923076923077,0.9054495444387141,0.6630108661484773,True
2019,Nanyang Technological University,"College of Humanities, Arts & Social Sciences",English,83.8,64.9,2987.0,3000.0,2997.0,3000.0,2565.0,3500.0,False,False,935.0,-3.0,18.89999999999999,0.16073577445418602,0.839264225545814,0.6383928571428571,0.5904317386231039,0.23076923076923078,0.839264225545814,0.5522293202539681,True
2019,Nanyang Technological University,"College of Humanities, Arts & Social Sciences",History,73.0,56.8,3449.0,3500.0,3498.0,3500.0,3200.0,3800.0,False,False,600.0,-2.0,16.200000000000003,0.10314595152140278,0.8968540484785972,0.39732142857142855,0.4959159859976663,0.3269230769230769,0.8968540484785972,0.4842301008732872,True
2019,Nanyang Technological University,"College of Humanities, Arts & Social Sciences",Linguistics And Multilingual Studies,81.7,65.0,3265.0,3160.0,3365.0,3200.0,3000.0,3740.0,False,False,740.0,165.0,16.700000000000003,0.1272133402097301,0.8727866597902699,0.5915178571428572,0.5915985997666278,0.2692307692307692,0.8727866597902699,0.5531606283490783,True
2019,Nanyang Technological University,"College of Humanities, Arts & Social Sciences",Philosophy ^,82.6,69.6,3288.0,3300.0,3369.0,3500.0,3300.0,3584.0,False,False,284.0,-131.0,13.0,0.04882241705346398,0.951177582946536,0.6116071428571427,0.6452742123687281,0.3269230769230769,0.951177582946536,0.6014718132405108,True
2019,Nanyang Technological University,"College of Humanities, Arts & Social Sciences",Psychology,89.2,73.1,3463.0,3350.0,3506.0,3400.0,3100.0,3800.0,False,False,700.0,106.0,16.10000000000001,0.12033694344163658,0.8796630565583634,0.7589285714285715,0.6861143523920653,0.3076923076923077,0.8796630565583634,0.6423854125530225,True
2019,Nanyang Technological University,"College of Humanities, Arts & Social Sciences",Public Policy And Global Affairs,90.2,87.8,3756.0,3691.0,3868.0,3850.0,3500.0,4345.0,False,False,845.0,18.0,2.4000000000000057,0.1452638817259756,0.8547361182740244,0.78125,0.8576429404900816,0.3942307692307692,0.8547361182740244,0.7184359921958204,True
2019,Nanyang Technological University,"College of Humanities, Arts & Social Sciences",Sociology,86.9,70.5,3305.0,3200.0,3441.0,3300.0,3040.0,3600.0,False,False,560.0,141.0,16.400000000000006,0.09626955475330927,0.9037304452466908,0.7075892857142858,0.6557759626604435,0.28846153846153844,0.9037304452466908,0.616684525914807,True
2019,Nanyang Technological University,College of Sciences,Biological Sciences,81.6,66.3,3315.0,3300.0,3450.0,3300.0,3100.0,3600.0,False,False,500.0,150.0,15.299999999999997,0.08595495960116899,0.914045040398831,0.5892857142857141,0.6067677946324387,0.28846153846153844,0.914045040398831,0.5680381933506551,True
2019,Nanyang Technological University,College of Sciences,Chemistry & Biological Chemistry,80.9,66.2,3246.0,3200.0,3338.0,3400.0,3000.0,3600.0,False,False,600.0,-62.0,14.700000000000003,0.10314595152140278,0.8968540484785972,0.5736607142857144,0.6056009334889149,0.3076923076923077,0.8968540484785972,0.5652296785272553,True
2019,Nanyang Technological University,College of Sciences,Environmental Earth Systems Sciences ^,87.5,79.2,3401.0,3500.0,3416.0,3500.0,3200.0,3500.0,False,False,300.0,-84.0,8.299999999999997,0.05157297576070139,0.9484270242392986,0.7209821428571428,0.7572928821470245,0.3269230769230769,0.9484270242392986,0.6674773303679142,True
2019,Nanyang Technological University,College of Sciences,Mathematical Sciences,91.2,79.6,3741.0,3549.0,3848.0,3599.0,3215.0,4070.0,False,False,855.0,249.0,11.600000000000009,0.14698298091799897,0.853017019082001,0.8035714285714286,0.7619603267211201,0.3459615384615385,0.853017019082001,0.6841024640654494,True
2019,Nanyang Technological University,College of Sciences,Mathematics & Economics,93.5,84.8,3838.0,3570.0,3996.0,3700.0,3400.0,4167.0,False,False,767.0,296.0,8.700000000000003,0.13185490802819322,0.8681450919718068,0.8549107142857143,0.822637106184364,0.36538461538461536,0.8681450919718068,0.7248322637829484,True
2019,Nanyang Technological University,College of Sciences,Physics & Applied Physics,90.0,78.6,3782.0,3500.0,3849.0,3500.0,3300.0,4200.0,False,False,900.0,349.0,11.400000000000006,0.15471892728210418,0.8452810727178959,0.7767857142857143,0.7502917152858809,0.3269230769230769,0.8452810727178959,0.6666461590099322,True
2019,Nanyang Technological University,Sports Science and Management,Sports Science and Management,87.0,55.6,3289.0,3200.0,3438.0,3350.0,3000.0,3660.0,False,False,660.0,88.0,31.4,0.11346054667354306,0.8865394533264569,0.7098214285714286,0.4819136522753792,0.2980769230769231,0.8865394533264569,0.5650206730222417,True
2019,Nanyang Technological University,National Institute of Education (NIE),Arts (with Education),100.0,100.0,3629.0,3800.0,3710.0,3800.0,3600.0,3806.0,False,False,206.0,-90.0,0.0,0.035413443355681626,0.9645865566443184,1.0,1.0,0.38461538461538464,0.9645865566443184,0.8408418296504938,True
2019,Nanyang Technological University,National Institute of Education (NIE),Science (with Education),100.0,100.0,3719.0,3800.0,3758.0,3800.0,3660.0,3840.0,False,False,180.0,-42.0,0.0,0.030943785456420837,0.9690562145435792,1.0,1.0,0.38461538461538464,0.9690562145435792,0.841512278335383,True
2019,Nanyang Technological University,Lee Kong Chian School of Medicine,Medicine #,100.0,100.0,4932.0,4700.0,5661.0,5700.0,5200.0,6092.0,False,False,892.0,-39.0,0.0,0.15334364792848548,0.8466563520715145,1.0,1.0,0.75,0.8466563520715145,0.9144984528107272,True
2019,National University of Singapore,Faculty of Arts & Social Sciences,Bachelor of Arts,84.9,64.5,3225.0,3000.0,3456.0,3200.0,2800.0,3700.0,False,False,900.0,256.0,20.400000000000006,0.15471892728210418,0.8452810727178959,0.6629464285714287,0.5857642940490082,0.2692307692307692,0.8452810727178959,0.5687130700015077,True
2019,National University of Singapore,Faculty of Arts & Social Sciences,Bachelor of Arts (Hons),92.7,68.2,3421.0,3500.0,3537.0,3500.0,3250.0,3800.0,False,False,550.0,37.0,24.5,0.09455045556128588,0.9054495444387141,0.8370535714285715,0.6289381563593933,0.3269230769230769,0.9054495444387141,0.6573457192329658,True
2019,National University of Singapore,Faculty of Arts & Social Sciences,Bachelor of Social Sciences,88.0,75.9,3590.0,3500.0,3674.0,3500.0,3212.0,3850.0,False,False,638.0,174.0,12.099999999999994,0.10967852845109163,0.8903214715489084,0.7321428571428571,0.7187864644107352,0.3269230769230769,0.8903214715489084,0.6505577864291832,True
2019,National University of Singapore,Faculty of Dentistry,Bachelor of Dental Surgery,100.0,97.3,4057.0,4200.0,4068.0,4200.0,4000.0,4500.0,False,False,500.0,-132.0,2.700000000000003,0.08595495960116899,0.914045040398831,1.0,0.9684947491248541,0.46153846153846156,0.914045040398831,0.8430397961818963,True
2019,National University of Singapore,Faculty of Engineering,Bachelor of Engineering (Biomedical Engineering),80.4,68.6,3480.0,3500.0,3535.0,3500.0,3200.0,3800.0,False,False,600.0,35.0,11.800000000000011,0.10314595152140278,0.8968540484785972,0.5625000000000001,0.6336056009334888,0.3269230769230769,0.8968540484785972,0.5750905567826055,True
2019,National University of Singapore,Faculty of Engineering,Bachelor of Engineering (Chemical Engineering),92.4,86.7,3802.0,3700.0,3959.0,3950.0,3500.0,4300.0,False,False,800.0,9.0,5.700000000000003,0.13752793536187038,0.8624720646381296,0.830357142857143,0.8448074679113186,0.41346153846153844,0.8624720646381296,0.7352855775416425,True
2019,National University of Singapore,Faculty of Engineering,Bachelor of Engineering (Civil Engineering),95.0,93.0,3685.0,3500.0,3746.0,3600.0,3400.0,4025.0,False,False,625.0,146.0,2.0,0.10744369950146124,0.8925563004985387,0.8883928571428571,0.9183197199533255,0.34615384615384615,0.8925563004985387,0.7624356797420971,True
2019,National University of Singapore,Faculty of Engineering,Bachelor of Engineering (Electrical Engineering),89.6,85.2,3957.0,3800.0,4101.0,4000.0,3600.0,4600.0,False,False,1000.0,101.0,4.3999999999999915,0.17190991920233797,0.828090080797662,0.7678571428571427,0.8273045507584598,0.4230769230769231,0.828090080797662,0.7085312509735607,True
2019,National University of Singapore,Faculty of Engineering,Bachelor of Engineering (Engineering Science) ^,84.6,84.6,4115.0,3500.0,4285.0,3750.0,3400.0,5200.0,False,False,1800.0,535.0,0.0,0.30943785456420836,0.6905621454357916,0.6562499999999999,0.8203033838973162,0.375,0.6905621454357916,0.6403003369845635,True
2019,National University of Singapore,Faculty of Engineering,Bachelor of Engineering (Environmental Engineering),89.5,80.7,3473.0,3400.0,3569.0,3400.0,3200.0,3900.0,False,False,700.0,169.0,8.799999999999997,0.12033694344163658,0.8796630565583634,0.765625,0.7747957992998834,0.3076923076923077,0.8796630565583634,0.6709987751967964,True
2019,National University of Singapore,Faculty of Engineering,Bachelor of Engineering (Industrial and Systems Engineering),97.6,96.5,4303.0,3850.0,4451.0,4000.0,3500.0,4600.0,False,False,1100.0,451.0,1.0999999999999943,0.18910091112257177,0.8108990888774282,0.9464285714285713,0.9591598599766628,0.4230769230769231,0.8108990888774282,0.7990806235224152,True
2019,National University of Singapore,Faculty of Engineering,Bachelor of Engineering (Materials Science and Engineering),78.6,76.2,3796.0,3700.0,4086.0,4000.0,3700.0,4600.0,False,False,900.0,86.0,2.3999999999999915,0.15471892728210418,0.8452810727178959,0.5223214285714284,0.7222870478413069,0.4230769230769231,0.8452810727178959,0.6059439346007357,True
2019,National University of Singapore,Faculty of Engineering,Bachelor of Engineering (Mechanical Engineering),88.6,86.7,3745.0,3500.0,3847.0,3700.0,3400.0,4300.0,False,False,900.0,147.0,1.8999999999999915,0.15471892728210418,0.8452810727178959,0.7455357142857142,0.8448074679113186,0.36538461538461536,0.8452810727178959,0.6952412694129481,True
2019,National University of Singapore,Faculty of Law,Bachelor of Laws #,95.7,93.0,5068.0,5000.0,5160.0,5400.0,4500.0,5800.0,False,False,1300.0,-240.0,2.700000000000003,0.22348289496303936,0.7765171050369606,0.9040178571428572,0.9183197199533255,0.6923076923076923,0.7765171050369606,0.836255761961322,True
2019,National University of Singapore,Faculty of Science,Bachelor of Science,84.0,59.3,3181.0,3000.0,3320.0,3100.0,2900.0,3600.0,False,False,700.0,220.0,24.700000000000003,0.12033694344163658,0.8796630565583634,0.6428571428571428,0.5250875145857643,0.25,0.8796630565583634,0.5448328557166267,True
2019,National University of Singapore,Faculty of Science,Bachelor of Science (Hons) ^,88.5,72.3,3510.0,3355.0,3605.0,3500.0,3100.0,3800.0,False,False,700.0,105.0,16.200000000000003,0.12033694344163658,0.8796630565583634,0.7433035714285714,0.676779463243874,0.3269230769230769,0.8796630565583634,0.6397051381162574,True
2019,National University of Singapore,Faculty of Science,Bachelor of Science (Computational Biology) **,,,,,,,,,True,True,,,,,,,,,,,False
2019,National University of Singapore,Faculty of Science,Bachelor of Science (Pharmacy) #,100.0,95.5,3648.0,3600.0,3840.0,3750.0,3500.0,4000.0,False,False,500.0,90.0,4.5,0.08595495960116899,0.914045040398831,1.0,0.9474912485414235,0.375,0.914045040398831,0.8151041306222517,True
2019,National University of Singapore,NUS Business School,Bachelor of Business Administration,100.0,82.6,4799.0,4000.0,4925.0,4000.0,3400.0,5500.0,False,False,2100.0,925.0,17.400000000000006,0.36101083032490977,0.6389891696750902,1.0,0.7969661610268377,0.4230769230769231,0.6389891696750902,0.7407074545285456,True
2019,National University of Singapore,NUS Business School,Bachelor of Business Administration (Hons),95.5,91.0,4451.0,4000.0,4593.0,4150.0,3500.0,5000.0,False,False,1500.0,443.0,4.5,0.25786487880350695,0.742135121196493,0.8995535714285714,0.8949824970828472,0.4519230769230769,0.742135121196493,0.7626618579636688,True
2019,National University of Singapore,NUS Business School,Bachelor of Business Administration (Accountancy) ^,93.8,93.8,3897.0,3000.0,4005.0,3000.0,3000.0,3800.0,False,False,800.0,1005.0,0.0,0.13752793536187038,0.8624720646381296,0.8616071428571428,0.9276546091015169,0.23076923076923078,0.8624720646381296,0.723841642975625,True
2019,National University of Singapore,NUS Business School,Bachelor of Business Administration (Accountancy) (Hons),97.8,97.8,4008.0,3500.0,4093.0,3600.0,3000.0,4500.0,False,False,1500.0,493.0,0.0,0.25786487880350695,0.742135121196493,0.9508928571428571,0.9743290548424737,0.34615384615384615,0.742135121196493,0.7754253033135348,True
2019,National University of Singapore,School of Computing,Bachelor of Computing (Computer Science),92.8,90.6,5477.0,5000.0,5571.0,5000.0,4205.0,5585.0,False,False,1380.0,571.0,2.200000000000003,0.2372356884992264,0.7627643115007736,0.8392857142857142,0.8903150525087514,0.6153846153846154,0.7627643115007736,0.7871410306096096,True
2019,National University of Singapore,School of Computing,Bachelor of Computing (Electronic Commerce) **,,,,,,,,,True,True,,,,,,,,,,,False
2019,National University of Singapore,School of Computing,Bachelor of Computing (Information Security) **,,,,,,,,,True,True,,,,,,,,,,,False
2019,National University of Singapore,School of Computing,Bachelor of Computing (Information Systems),95.9,95.9,4210.0,4000.0,4330.0,4228.0,4000.0,4685.0,False,False,685.0,102.0,0.0,0.11775829465360152,0.8822417053463985,0.908482142857143,0.9521586931155194,0.46692307692307694,0.8822417053463985,0.8072592758245276,True
2019,National University of Singapore,School of Computing,Bachelor of Science (Business Analytics),100.0,100.0,4811.0,5000.0,4881.0,5000.0,4050.0,5200.0,False,False,1150.0,-119.0,0.0,0.19769640708268868,0.8023035929173113,1.0,1.0,0.6153846153846154,0.8023035929173113,0.8741916927837505,True
2019,National University of Singapore,School of Design & Environment,Bachelor of Arts (Architecture) #,100.0,96.0,4156.0,4010.0,4199.0,4100.0,3800.0,4500.0,False,False,700.0,99.0,4.0,0.12033694344163658,0.8796630565583634,1.0,0.9533255542590432,0.4423076923076923,0.8796630565583634,0.8285240478383905,True
2019,National University of Singapore,School of Design & Environment,Bachelor of Arts (Industrial Design) ^,86.2,48.3,3142.0,3200.0,3245.0,3300.0,3000.0,3500.0,False,False,500.0,-55.0,37.900000000000006,0.08595495960116899,0.914045040398831,0.6919642857142858,0.396732788798133,0.28846153846153844,0.914045040398831,0.5358312630289348,True
2019,National University of Singapore,School of Design & Environment,Bachelor of Science (Project and Facilities Management),88.3,80.6,3189.0,3100.0,3243.0,3155.0,3000.0,3480.0,False,False,480.0,88.0,7.700000000000003,0.08251676121712223,0.9174832387828777,0.7388392857142856,0.7736289381563594,0.2605769230769231,0.9174832387828777,0.6565071837478559,True
2019,National University of Singapore,School of Design & Environment,Bachelor of Science (Real Estate),95.3,89.6,3431.0,3400.0,3494.0,3400.0,3100.0,3650.0,False,False,550.0,94.0,5.700000000000003,0.09455045556128588,0.9054495444387141,0.8950892857142857,0.8786464410735122,0.3076923076923077,0.9054495444387141,0.7448612266252234,True
2019,National University of Singapore,Yong Loo Lin School (Medicine),Bachelor of Medicine and Bachelor of Surgery #,99.5,99.5,4607.0,4600.0,5218.0,5237.0,4950.0,5657.0,False,False,707.0,-19.0,0.0,0.12154031287605295,0.8784596871239471,0.9888392857142857,0.9941656942823804,0.6609615384615385,0.8784596871239471,0.8919108316829765,True
2019,National University of Singapore,Yong Loo Lin School (Medicine),Bachelor of Science (Nursing),93.5,89.1,3123.0,3250.0,3314.0,3358.0,3200.0,3450.0,False,False,250.0,-44.0,4.400000000000006,0.042977479800584494,0.9570225201994155,0.8549107142857143,0.8728121353558926,0.2996153846153846,0.9570225201994155,0.7367740790762406,True
2019,National University of Singapore,Yong Loo Lin School (Medicine),Bachelor of Science (Nursing) (Hons),98.8,97.5,3389.0,3450.0,3612.0,3650.0,3515.0,3750.0,False,False,235.0,-38.0,1.2999999999999972,0.04039883101254942,0.9596011689874506,0.9732142857142857,0.970828471411902,0.3557692307692308,0.9596011689874506,0.8160953101782815,True
2019,National University of Singapore,YST Conservatory of Music,Bachelor of Music,82.6,39.1,3531.0,3500.0,3575.0,3500.0,2875.0,3900.0,False,False,1025.0,75.0,43.49999999999999,0.17620766718239642,0.8237923328176036,0.6116071428571427,0.2893815635939323,0.3269230769230769,0.8237923328176036,0.4755962310887323,True
2019,National University of Singapore,Yale-NUS College,Bachelor of Arts with Honours,96.0,77.0,4066.0,3600.0,4197.0,3684.0,3400.0,4567.0,False,False,1167.0,513.0,19.0,0.20061887570912842,0.7993811242908716,0.9107142857142857,0.7316219369894983,0.36230769230769233,0.7993811242908716,0.7031849585316889,True
2019,National University of Singapore,Yale-NUS College,Bachelor of Science with Honours ^,94.7,89.5,6962.0,5000.0,7139.0,5000.0,4150.0,9967.0,False,False,5817.0,2139.0,5.200000000000003,1.0,0.0,0.8816964285714286,0.8774795799299884,0.6153846153846154,0.0,0.6815989563965789,True
2019,National University of Singapore,Multi-Disciplinary Programmes,Bachelor of Engineering (Computer Engineering),92.9,91.7,4653.0,4000.0,4732.0,4000.0,3750.0,4900.0,False,False,1150.0,732.0,1.2000000000000028,0.19769640708268868,0.8023035929173113,0.8415178571428572,0.9031505250875146,0.4230769230769231,0.8023035929173113,0.749515284375939,True
2019,National University of Singapore,Multi-Disciplinary Programmes,Bachelor of Environmental Studies,88.4,67.4,3329.0,3300.0,3332.0,3325.0,3000.0,3600.0,False,False,600.0,7.0,21.0,0.10314595152140278,0.8968540484785972,0.7410714285714287,0.619603267211202,0.2932692307692308,0.8968540484785972,0.6160478236988864,True
2019,Singapore Institute of Technology,DigiPen Institute of Technology,Bachelor of Arts in Game Design ^,83.3,79.2,3122.0,3120.0,3167.0,3220.0,3000.0,3500.0,False,False,500.0,-53.0,4.099999999999994,0.08595495960116899,0.914045040398831,0.6272321428571428,0.7572928821470245,0.27307692307692305,0.914045040398831,0.6207334943303056,True
2019,Singapore Institute of Technology,DigiPen Institute of Technology,Bachelor of Fine Arts in Digital Art and Animation,81.3,50.0,3036.0,3150.0,3051.0,3150.0,2750.0,3275.0,False,False,525.0,-99.0,31.299999999999997,0.09025270758122744,0.9097472924187726,0.5825892857142856,0.4165694282380397,0.25961538461538464,0.9097472924187726,0.5011135542023597,True
2019,Singapore Institute of Technology,DigiPen Institute of Technology,Bachelor of Science in Computer Science and Game Design ^,91.3,87.0,3760.0,3800.0,3791.0,3800.0,3550.0,4000.0,False,False,450.0,-9.0,4.299999999999997,0.07735946364105209,0.9226405363589479,0.8058035714285714,0.8483080513418904,0.38461538461538464,0.9226405363589479,0.7307834134388269,True
2019,Singapore Institute of Technology,DigiPen Institute of Technology,Bachelor of Science in Computer Science in Real-Time Interactive Simulation,100.0,94.9,4447.0,4400.0,4474.0,4400.0,4000.0,5200.0,False,False,1200.0,74.0,5.099999999999994,0.20629190304280556,0.7937080969571945,1.0,0.9404900816802801,0.5,0.7937080969571945,0.8262032390476632,True
2019,Singapore Institute of Technology,Singapore Institute of Technology (SIT),Bachelor of Accountancy with Honours,93.7,89.2,3181.0,3100.0,3239.0,3100.0,3000.0,3250.0,False,False,250.0,139.0,4.5,0.042977479800584494,0.9570225201994155,0.859375,0.8739789964994166,0.25,0.9570225201994155,0.7260595769797373,True
2019,Singapore Institute of Technology,Singapore Institute of Technology (SIT),Bachelor of Engineering with Honours in Information & Communications Technology (Information Security),97.5,95.0,4171.0,4000.0,4319.0,4100.0,3900.0,5000.0,False,False,1100.0,219.0,2.5,0.18910091112257177,0.8108990888774282,0.9441964285714286,0.941656942823804,0.4423076923076923,0.8108990888774282,0.7979677978271071,True
2019,Singapore Institute of Technology,Singapore Institute of Technology (SIT),Bachelor of Engineering with Honours in Information & Communications Technology (Software Engineering),100.0,97.4,4090.0,4034.0,4188.0,4190.0,3600.0,4550.0,False,False,950.0,-2.0,2.5999999999999943,0.16331442324222106,0.836685576757779,1.0,0.9696616102683782,0.4596153846153846,0.836685576757779,0.8313051657480264,True
2019,Singapore Institute of Technology,Singapore Institute of Technology (SIT),Bachelor of Engineering with Honours in Pharmaceutical Engineering,92.2,90.6,3237.0,3162.0,3748.0,3660.0,3500.0,4044.0,False,False,544.0,88.0,1.6000000000000085,0.09351899604607186,0.9064810039539282,0.8258928571428572,0.8903150525087514,0.3576923076923077,0.9064810039539282,0.7402576004116488,True
2019,Singapore Institute of Technology,Singapore Institute of Technology (SIT),Bachelor of Engineering with Honours in Sustainable Infrastructure Engineering (Building Services),92.5,92.5,3433.0,3360.0,3484.0,3500.0,3200.0,3700.0,False,False,500.0,-16.0,0.0,0.08595495960116899,0.914045040398831,0.8325892857142857,0.912485414235706,0.3269230769230769,0.914045040398831,0.7423599352755914,True
2019,Singapore Institute of Technology,Singapore Institute of Technology (SIT),Bachelor of Engineering with Honours in Sustainable Infrastructure Engineering (Land),93.8,90.6,3856.0,3800.0,3976.0,3842.0,3700.0,4210.0,False,False,510.0,134.0,3.200000000000003,0.08767405879319237,0.9123259412068077,0.8616071428571428,0.8903150525087514,0.3926923076923077,0.9123259412068077,0.7605986267138664,True
2019,Singapore Institute of Technology,Singapore Institute of Technology (SIT),Bachelor of Engineering with Honours in Telematics (Intelligent Transportation Systems Engineering),100.0,97.0,3777.0,3750.0,3811.0,3750.0,3500.0,4000.0,False,False,500.0,61.0,3.0,0.08595495960116899,0.914045040398831,1.0,0.9649941656942824,0.375,0.914045040398831,0.8203550057681093,True
2019,Singapore Institute of Technology,Singapore Institute of Technology (SIT),Bachelor of Hospitality Business with Honours,89.1,74.6,2972.0,2800.0,3102.0,3000.0,2800.0,3270.0,False,False,470.0,102.0,14.5,0.08079766202509885,0.9192023379749011,0.7566964285714284,0.7036172695449241,0.23076923076923078,0.9192023379749011,0.6336667678234487,True
2019,Singapore Institute of Technology,SIT-DigiPen Institute of Technology,Bachelor of Engineering in Systems Engineering (ElectroMechanical Systems) ^,95.2,90.5,3931.0,3921.0,4024.0,3975.0,3500.0,4470.0,False,False,970.0,49.0,4.700000000000003,0.16675262162626783,0.8332473783737322,0.8928571428571429,0.8891481913652275,0.4182692307692308,0.8332473783737322,0.7641560147150787,True
2019,Singapore Institute of Technology,SIT-Massey University,Bachelor of Food Technology with Honours,93.0,88.4,2962.0,2975.0,2978.0,2975.0,2750.0,3250.0,False,False,500.0,3.0,4.599999999999994,0.08595495960116899,0.914045040398831,0.84375,0.8646441073512253,0.22596153846153846,0.914045040398831,0.7061153728805769,True
2019,Singapore Institute of Technology,SIT-Newcastle University,Bachelor of Engineering with Honours in Chemical Engineering,82.2,73.3,3217.0,3200.0,3463.0,3500.0,3200.0,3600.0,False,False,400.0,-37.0,8.900000000000006,0.06876396768093519,0.9312360323190648,0.6026785714285715,0.6884480746791132,0.3269230769230769,0.9312360323190648,0.6087541679109343,True
2019,Singapore Institute of Technology,SIT-Newcastle University,Bachelor of Engineering with Honours in Electrical Power Engineering ^,91.3,82.6,3489.0,3400.0,3542.0,3500.0,3250.0,3600.0,False,False,350.0,42.0,8.700000000000003,0.06016847172081829,0.9398315282791817,0.8058035714285714,0.7969661610268377,0.3269230769230769,0.9398315282791817,0.7035364182092693,True
2019,Singapore Institute of Technology,SIT-Newcastle University,Bachelor of Engineering with Honours in Marine Engineering ^,100.0,100.0,3318.0,3300.0,3393.0,3300.0,3200.0,3521.0,False,False,321.0,93.0,0.0,0.05518308406395049,0.9448169159360496,1.0,1.0,0.28846153846153844,0.9448169159360496,0.813837922005792,True
2019,Singapore Institute of Technology,SIT-Newcastle University,Bachelor of Engineering with Honours in Mechanical Design and Manufacturing Engineering ^,80.0,66.7,3227.0,3100.0,3269.0,3100.0,3050.0,3500.0,False,False,450.0,169.0,13.299999999999997,0.07735946364105209,0.9226405363589479,0.5535714285714285,0.6114352392065344,0.25,0.9226405363589479,0.5503980807872311,True
2019,Singapore Institute of Technology,SIT-Newcastle University,Bachelor of Engineering with Honours in Naval Architecture **,,,,,,,,,True,True,,,,,,,,,,,False
2019,Singapore Institute of Technology,SIT-Newcastle University,Bachelor of Engineering with Honours in Offshore Engineering **,,,,,,,,,True,True,,,,,,,,,,,False
2019,Singapore Institute of Technology,SIT-Trinity College Dublin / Trinity College Dublin,Bachelor in Science (Diagnostic Radiography) **,,,,,,,,,True,True,,,,,,,,,,,False
2019,Singapore Institute of Technology,SIT-Trinity College Dublin / Trinity College Dublin,Bachelor in Science (Occupational Therapy),100.0,100.0,3429.0,3400.0,3466.0,3425.0,3308.0,3650.0,False,False,342.0,41.0,0.0,0.058793192367199584,0.9412068076328004,1.0,1.0,0.3125,0.9412068076328004,0.81930602114492,True
2019,Singapore Institute of Technology,SIT-Trinity College Dublin / Trinity College Dublin,Bachelor in Science (Physiotherapy),98.3,98.3,3479.0,3400.0,3498.0,3400.0,3400.0,3620.0,False,False,220.0,98.0,0.0,0.03782018222451435,0.9621798177754857,0.9620535714285714,0.9801633605600933,0.3076923076923077,0.9621798177754857,0.8039151291859993,True
2019,Singapore Institute of Technology,SIT-Trinity College Dublin / Trinity College Dublin,Bachelor in Science (Radiation Therapy) **,,,,,,,,,True,True,,,,,,,,,,,False
2019,Singapore Institute of Technology,SIT-University of Glasgow,Bachelor of Science with Honours in Nursing,100.0,95.8,3522.0,3500.0,3772.0,3800.0,3450.0,4085.0,False,False,635.0,-28.0,4.200000000000003,0.10916279869348461,0.8908372013065153,1.0,0.9509918319719953,0.38461538461538464,0.8908372013065153,0.815076975941422,True
2019,Singapore Institute of Technology,Technische UniversitÃ¤t MÃ¼nchen,Bachelor of Science in Chemical Engineering,81.8,77.3,3213.0,3100.0,3471.0,3300.0,3110.0,3600.0,False,False,490.0,171.0,4.5,0.0842358604091456,0.9157641395908545,0.5937499999999999,0.73512252042007,0.28846153846153844,0.9157641395908545,0.6081417616800338,True
2019,Singapore Institute of Technology,Technische UniversitÃ¤t MÃ¼nchen,Bachelor of Science in Electrical Engineering & Information Technology **,,,,,,,,,True,True,,,,,,,,,,,False
2019,Singapore Institute of Technology,The Culinary Institute of America,Bachelor of Business Administration in Food Business Management ^,81.0,61.9,2532.0,2350.0,2852.0,2625.0,2200.0,3350.0,False,False,1150.0,227.0,19.1,0.19769640708268868,0.8023035929173113,0.5758928571428571,0.5554259043173861,0.15865384615384615,0.8023035929173113,0.4994046289141312,True
2019,Singapore Institute of Technology,The Glasgow School of Art,Bachelor of Arts with Honours in Communication Design,78.7,55.3,2724.0,2800.0,2832.0,2800.0,2450.0,3000.0,False,False,550.0,32.0,23.400000000000006,0.09455045556128588,0.9054495444387141,0.5245535714285715,0.47841306884480744,0.19230769230769232,0.9054495444387141,0.4847843468247438,True
2019,Singapore Institute of Technology,The Glasgow School of Art,Bachelor of Arts with Honours in Interior Design,87.1,80.6,2692.0,2700.0,2760.0,2700.0,2400.0,3000.0,False,False,600.0,60.0,6.5,0.10314595152140278,0.8968540484785972,0.7120535714285713,0.7736289381563594,0.17307692307692307,0.8968540484785972,0.6235020909164996,True
2019,Singapore Institute of Technology,University of Glasgow,Bachelor of Engineering with Honours in Aeronautical Engineering,77.1,64.6,3500.0,3500.0,3597.0,3500.0,3200.0,4000.0,False,False,800.0,97.0,12.5,0.13752793536187038,0.8624720646381296,0.48883928571428553,0.586931155192532,0.3269230769230769,0.8624720646381296,0.5338327111985339,True
2019,Singapore Institute of Technology,University of Glasgow,Bachelor of Engineering with Honours in Aerospace Systems,82.4,67.6,3863.0,3550.0,3993.0,3700.0,3400.0,4600.0,False,False,1200.0,293.0,14.800000000000011,0.20629190304280556,0.7937080969571945,0.6071428571428572,0.6219369894982496,0.36538461538461536,0.7937080969571945,0.5791263223820651,True
2019,Singapore Institute of Technology,University of Glasgow,Bachelor of Engineering with Honours in Mechanical Design Engineering,97.0,93.9,3569.0,3500.0,3722.0,3500.0,3300.0,3800.0,False,False,500.0,222.0,3.0999999999999943,0.08595495960116899,0.914045040398831,0.9330357142857143,0.9288214702450409,0.3269230769230769,0.914045040398831,0.7773946806498204,True
2019,Singapore Institute of Technology,University of Glasgow,Bachelor of Engineering with Honours in Mechatronics,93.2,83.1,3764.0,3600.0,3793.0,3600.0,3300.0,4000.0,False,False,700.0,193.0,10.100000000000009,0.12033694344163658,0.8796630565583634,0.8482142857142858,0.8028004667444574,0.34615384615384615,0.8796630565583634,0.713792345759839,True
2019,Singapore Institute of Technology,University of Glasgow,Bachelor of Science with Honours in Computing Science,92.3,89.2,4294.0,4000.0,4366.0,4200.0,3700.0,5100.0,False,False,1400.0,166.0,3.0999999999999943,0.24067388688327315,0.7593261131167268,0.8281249999999999,0.8739789964994166,0.46153846153846156,0.7593261131167268,0.7399147313019493,True
2019,Singapore Institute of Technology,University of Liverpool,Bachelor of Arts with Honours in Criminology and Security,80.2,70.4,3647.0,3526.0,3823.0,3695.0,3400.0,4050.0,False,False,650.0,128.0,9.799999999999997,0.11174144748151968,0.8882585525184803,0.5580357142857143,0.6546091015169195,0.3644230769230769,0.8882585525184803,0.5881379968493314,True
2019,Singapore Management University,School of Accountancy (4-year programme) *,Accountancy,96.4,93.7,3753.0,3000.0,3802.0,3050.0,3000.0,4000.0,False,False,1000.0,752.0,2.700000000000003,0.17190991920233797,0.828090080797662,0.9196428571428573,0.926487747957993,0.2403846153846154,0.828090080797662,0.7381488474960581,True
2019,Singapore Management University,School of Accountancy (4-year programme) *,Accountancy (Cum Laude and above),97.9,97.9,4364.0,3500.0,4431.0,3600.0,3000.0,5000.0,False,False,2000.0,831.0,0.0,0.34381983840467595,0.656180161595324,0.9531250000000001,0.9754959159859977,0.34615384615384615,0.656180161595324,0.7635517605735594,True
2019,Singapore Management University,School of Business (4-year programme) *,Business Management,91.0,84.8,4056.0,3600.0,4181.0,3750.0,3300.0,4600.0,False,False,1300.0,431.0,6.200000000000003,0.22348289496303936,0.7765171050369606,0.7991071428571428,0.822637106184364,0.375,0.7765171050369606,0.6967508404679961,True
2019,Singapore Management University,School of Business (4-year programme) *,Business Management (Cum Laude and above),93.0,90.4,4504.0,4000.0,4614.0,4167.0,3600.0,5120.0,False,False,1520.0,447.0,2.5999999999999943,0.26130307718755375,0.7386969228124463,0.84375,0.8879813302217037,0.4551923076923077,0.7386969228124463,0.7441220144114549,True
2019,Singapore Management University,School of Economics (4-year programme) *,Economics,87.1,81.3,4042.0,3800.0,4159.0,3900.0,3500.0,4500.0,False,False,1000.0,259.0,5.799999999999997,0.17190991920233797,0.828090080797662,0.7120535714285713,0.7817969661610268,0.40384615384615385,0.828090080797662,0.6733302118580671,True
2019,Singapore Management University,School of Economics (4-year programme) *,Economics (Cum Laude and above),94.2,89.9,4401.0,4000.0,4520.0,4038.0,3600.0,4600.0,False,False,1000.0,482.0,4.299999999999997,0.17190991920233797,0.828090080797662,0.8705357142857143,0.8821470245040841,0.43038461538461537,0.828090080797662,0.7576144876027426,True
2019,Singapore Management University,School of Information Systems (4-year programme) *,Information Systems,95.1,90.2,4413.0,4166.0,4549.0,4300.0,4000.0,5000.0,False,False,1000.0,249.0,4.8999999999999915,0.17190991920233797,0.828090080797662,0.8906249999999999,0.8856476079346558,0.4807692307692308,0.828090080797662,0.7772876021923536,True
2019,Singapore Management University,School of Information Systems (4-year programme) *,Information Systems (Cum Laude and above),98.0,96.0,5029.0,5000.0,5212.0,5000.0,4300.0,5550.0,False,False,1250.0,212.0,2.0,0.21488739900292247,0.7851126009970775,0.9553571428571429,0.9533255542590432,0.6153846153846154,0.7851126009970775,0.8442178531305713,True
2019,Singapore Management University,School of Social Sciences (4-year programme) *,Social Sciences,92.2,82.8,3523.0,3400.0,3629.0,3500.0,3065.0,4000.0,False,False,935.0,129.0,9.400000000000006,0.16073577445418602,0.839264225545814,0.8258928571428572,0.7992998833138856,0.3269230769230769,0.839264225545814,0.6951782251996642,True
2019,Singapore Management University,School of Social Sciences (4-year programme) *,Social Sciences (Cum Laude and above),92.7,90.2,3599.0,3500.0,3742.0,3500.0,3100.0,4070.0,False,False,970.0,242.0,2.5,0.16675262162626783,0.8332473783737322,0.8370535714285715,0.8856476079346558,0.3269230769230769,0.8332473783737322,0.7235282297957972,True
2019,Singapore Management University,School of Law (4-year programme) *,Law #,99.1,98.2,4942.0,4600.0,5064.0,4900.0,4200.0,5800.0,False,False,1600.0,164.0,0.8999999999999915,0.27505587072374077,0.7249441292762593,0.9799107142857142,0.9789964994165694,0.5961538461538461,0.7249441292762593,0.8454522450405855,True
2019,Singapore Management University,School of Law (4-year programme) *,Law (Cum Laude and above) #,98.6,97.1,5136.0,5000.0,5324.0,5550.0,4500.0,6000.0,False,False,1500.0,-226.0,1.5,0.25786487880350695,0.742135121196493,0.9687499999999999,0.9661610268378062,0.7211538461538461,0.742135121196493,0.8720820377692773,True
2019,Singapore University of Social Sciences,S R Nathan School of Human Development,Bachelor of Human Resource Management,87.1,74.2,2942.0,3000.0,2975.0,3000.0,2800.0,3300.0,False,False,500.0,-25.0,12.899999999999991,0.08595495960116899,0.914045040398831,0.7120535714285713,0.6989498249708285,0.23076923076923078,0.914045040398831,0.6181000826719523,True
2019,Singapore University of Social Sciences,School of Business,Bachelor of Accountancy,91.1,83.3,2880.0,3000.0,2900.0,3000.0,2750.0,3000.0,False,False,250.0,-100.0,7.799999999999997,0.042977479800584494,0.9570225201994155,0.8013392857142856,0.8051341890315052,0.23076923076923078,0.9570225201994155,0.6831877281459572,True
2019,Singapore University of Social Sciences,School of Business,Bachelor of Science in Finance,88.6,88.6,3708.0,3400.0,3722.0,3450.0,3085.0,3750.0,False,False,665.0,272.0,0.0,0.11432009626955475,0.8856799037304453,0.7455357142857142,0.866977829638273,0.3173076923076923,0.8856799037304453,0.6959329718136861,True
2019,Singapore University of Social Sciences,School of Business,Bachelor of Science in Marketing,88.3,70.0,2993.0,3000.0,3169.0,3000.0,2800.0,3400.0,False,False,600.0,169.0,18.299999999999997,0.10314595152140278,0.8968540484785972,0.7388392857142856,0.6499416569428238,0.23076923076923078,0.8968540484785972,0.60885469776123,True
2019,Singapore University of Technology and Design,na,Bachelor of Engineering (Engineering Product Development),84.2,80.2,3991.0,3900.0,4042.0,4000.0,3660.0,4500.0,False,False,840.0,42.0,4.0,0.1444043321299639,0.855595667870036,0.6473214285714286,0.7689614935822637,0.4230769230769231,0.855595667870036,0.6589934575958438,True
2019,Singapore University of Technology and Design,na,Bachelor of Engineering (Information Systems Technology and Design),88.8,85.7,4599.0,4400.0,4636.0,4400.0,3800.0,5000.0,False,False,1200.0,236.0,3.0999999999999943,0.20629190304280556,0.7937080969571945,0.7499999999999999,0.8331388564760794,0.5,0.7937080969571945,0.7189978714864029,True
2019,Singapore University of Technology and Design,na,Bachelor of Engineering (Engineering Systems and Design),89.9,87.3,3944.0,3800.0,4082.0,4000.0,3500.0,4400.0,False,False,900.0,82.0,2.6000000000000085,0.15471892728210418,0.8452810727178959,0.7745535714285715,0.851808634772462,0.4230769230769231,0.8452810727178959,0.7204700535372252,True
2019,Singapore University of Technology and Design,na,Bachelor of Science (Architecture and Sustainable Design),100.0,91.8,3923.0,3897.0,3985.0,3900.0,3600.0,4100.0,False,False,500.0,85.0,8.200000000000003,0.08595495960116899,0.914045040398831,1.0,0.9043173862310385,0.40384615384615385,0.914045040398831,0.8093635103906747,True
2020,Nanyang Technological University,College of Business (Nanyang Business School),Accountancy,96.0,88.7,3213.0,3000.0,3228.0,3000.0,3000.0,3100.0,False,False,100.0,228.0,7.299999999999997,0.017190991920233798,0.9828090080797662,0.9107142857142857,0.868144690781797,0.23076923076923078,0.9828090080797662,0.7387713518530974,True
2020,Nanyang Technological University,College of Business (Nanyang Business School),Accountancy and Business,97.6,91.3,4615.0,4327.0,4704.0,4405.0,3500.0,5000.0,False,False,1500.0,299.0,6.299999999999997,0.25786487880350695,0.742135121196493,0.9464285714285713,0.8984830805134189,0.5009615384615385,0.742135121196493,0.7900341483774557,True
2020,Nanyang Technological University,College of Business (Nanyang Business School),Business,95.2,66.8,3973.0,3750.0,4113.0,3800.0,3300.0,4429.0,False,False,1129.0,313.0,28.400000000000006,0.1940862987794396,0.8059137012205604,0.8928571428571429,0.6126021003500584,0.38461538461538464,0.8059137012205604,0.6686786742990906,True
2020,Nanyang Technological University,College of Business (Nanyang Business School),Double Degree in Business and Computer Engineering/Computing,97.4,97.4,5216.0,5200.0,5537.0,5400.0,5000.0,5750.0,False,False,750.0,137.0,0.0,0.12893243940175347,0.8710675605982465,0.9419642857142858,0.9696616102683782,0.6923076923076923,0.8710675605982465,0.8772248259614591,True
2020,Nanyang Technological University,College of Engineering,Aerospace Engineering,91.2,75.8,4110.0,3980.0,4284.0,4000.0,3800.0,4945.0,False,False,1145.0,284.0,15.400000000000006,0.19683685748667698,0.803163142513323,0.8035714285714286,0.7176196032672112,0.4230769230769231,0.803163142513323,0.6826010116978211,True
2020,Nanyang Technological University,College of Engineering,Bioengineering,89.1,43.6,3428.0,3400.0,3473.0,3450.0,3200.0,3800.0,False,False,600.0,23.0,45.49999999999999,0.10314595152140278,0.8968540484785972,0.7566964285714284,0.3418903150525088,0.3173076923076923,0.8968540484785972,0.5434310534358938,True
2020,Nanyang Technological University,College of Engineering,Chemical and Biomolecular Engineering,95.0,83.0,3732.0,3600.0,3948.0,3900.0,3500.0,4300.0,False,False,800.0,48.0,12.0,0.13752793536187038,0.8624720646381296,0.8883928571428571,0.8016336056009334,0.40384615384615385,0.8624720646381296,0.7373402869803951,True
2020,Nanyang Technological University,College of Engineering,Civil Engineering,95.7,87.0,3458.0,3400.0,3495.0,3500.0,3200.0,3800.0,False,False,600.0,-5.0,8.700000000000003,0.10314595152140278,0.8968540484785972,0.9040178571428572,0.8483080513418904,0.3269230769230769,0.8968540484785972,0.7419566490479831,True
2020,Nanyang Technological University,College of Engineering,Computer Engineering,97.2,94.4,4069.0,4100.0,4136.0,4100.0,3627.0,4845.0,False,False,1218.0,36.0,2.799999999999997,0.20938628158844766,0.7906137184115524,0.9375000000000001,0.9346557759626605,0.4423076923076923,0.7906137184115524,0.7908157136274542,True
2020,Nanyang Technological University,College of Engineering,Computer Science,92.2,86.1,4508.0,4250.0,4558.0,4300.0,3880.0,5000.0,False,False,1120.0,258.0,6.1000000000000085,0.19253910950661854,0.8074608904933814,0.8258928571428572,0.837806301050175,0.4807692307692308,0.8074608904933814,0.7404211887242245,True
2020,Nanyang Technological University,College of Engineering,Double Degree in Engineering and Economics ^,100.0,94.1,4459.0,4450.0,4516.0,4450.0,3825.0,5050.0,False,False,1225.0,66.0,5.900000000000006,0.21058965102286403,0.789410348977136,1.0,0.9311551925320887,0.5096153846153846,0.789410348977136,0.8251619562600432,True
2020,Nanyang Technological University,College of Engineering,Electrical and Electronic Engineering,94.5,75.1,3925.0,3800.0,4004.0,3880.0,3500.0,4370.0,False,False,870.0,124.0,19.400000000000006,0.14956162970603404,0.850438370293966,0.8772321428571429,0.7094515752625437,0.4,0.850438370293966,0.7035708709800008,True
2020,Nanyang Technological University,College of Engineering,Environmental Engineering,90.2,58.5,3364.0,3375.0,3444.0,3450.0,3200.0,3800.0,False,False,600.0,-6.0,31.700000000000003,0.10314595152140278,0.8968540484785972,0.78125,0.5157526254375729,0.3173076923076923,0.8968540484785972,0.6029558179799845,True
2020,Nanyang Technological University,College of Engineering,Information Engineering and Media,96.0,70.0,4085.0,4000.0,4208.0,4000.0,3500.0,4500.0,False,False,1000.0,208.0,26.0,0.17190991920233797,0.828090080797662,0.9107142857142857,0.6499416569428238,0.4230769230769231,0.828090080797662,0.6981795256860128,True
2020,Nanyang Technological University,College of Engineering,Maritime Studies,90.8,78.5,3608.0,3500.0,3646.0,3500.0,3300.0,3875.0,False,False,575.0,146.0,12.299999999999997,0.09884820354134434,0.9011517964586556,0.7946428571428571,0.7491248541423571,0.3269230769230769,0.9011517964586556,0.6800338520851318,True
2020,Nanyang Technological University,College of Engineering,Materials Engineering,91.5,69.0,3613.0,3600.0,3755.0,3700.0,3500.0,4000.0,False,False,500.0,55.0,22.5,0.08595495960116899,0.914045040398831,0.8102678571428571,0.6382730455075846,0.36538461538461536,0.914045040398831,0.6630151807011109,True
2020,Nanyang Technological University,College of Engineering,Mechanical Engineering,91.7,67.5,3861.0,3700.0,3977.0,3850.0,3500.0,4432.0,False,False,932.0,127.0,24.200000000000003,0.160220044696579,0.839779955303421,0.8147321428571429,0.6207701283547258,0.3942307692307692,0.839779955303421,0.6551753669667659,True
2020,Nanyang Technological University,"College of Humanities, Arts & Social Sciences","Art, Design and Media",90.4,35.7,2858.0,2800.0,2925.0,2800.0,2500.0,3300.0,False,False,800.0,125.0,54.7,0.13752793536187038,0.8624720646381296,0.7857142857142858,0.24970828471411904,0.19230769230769232,0.8624720646381296,0.4880745039011639,True
2020,Nanyang Technological University,"College of Humanities, Arts & Social Sciences",Chinese,83.8,63.5,3251.0,3350.0,3310.0,3500.0,3000.0,3500.0,False,False,500.0,-190.0,20.299999999999997,0.08595495960116899,0.914045040398831,0.6383928571428571,0.574095682613769,0.3269230769230769,0.914045040398831,0.5825840872175817,True
2020,Nanyang Technological University,"College of Humanities, Arts & Social Sciences",Communication Studies,94.9,66.7,3378.0,3300.0,3440.0,3340.0,3000.0,3800.0,False,False,800.0,100.0,28.200000000000003,0.13752793536187038,0.8624720646381296,0.8861607142857144,0.6114352392065344,0.29615384615384616,0.8624720646381296,0.6526880572818556,True
2020,Nanyang Technological University,"College of Humanities, Arts & Social Sciences",Economics,91.8,63.5,3756.0,3700.0,3926.0,3797.0,3400.0,4050.0,False,False,650.0,129.0,28.299999999999997,0.11174144748151968,0.8882585525184803,0.8169642857142856,0.574095682613769,0.38403846153846155,0.8882585525184803,0.6465663887608037,True
2020,Nanyang Technological University,"College of Humanities, Arts & Social Sciences",English,90.9,43.2,3507.0,3450.0,3561.0,3450.0,3128.0,3900.0,False,False,772.0,111.0,47.7,0.13271445762420492,0.867285542375795,0.7968750000000001,0.3372228704784131,0.3173076923076923,0.867285542375795,0.5496491155768163,True
2020,Nanyang Technological University,"College of Humanities, Arts & Social Sciences",History,87.2,44.7,3558.0,3575.0,3644.0,3650.0,3250.0,4025.0,False,False,775.0,-6.0,42.5,0.13323018738181194,0.8667698126181881,0.7142857142857143,0.3547257876312719,0.3557692307692308,0.8667698126181881,0.5396612301601318,True
2020,Nanyang Technological University,"College of Humanities, Arts & Social Sciences",Inter-Disciplinary Double Major ^,95.8,50.0,3608.0,3300.0,3797.0,3854.0,3200.0,4500.0,False,False,1300.0,-57.0,45.8,0.22348289496303936,0.7765171050369606,0.9062499999999999,0.4165694282380397,0.395,0.7765171050369606,0.6120733942269561,True
2020,Nanyang Technological University,"College of Humanities, Arts & Social Sciences",Linguistics and Multilingual Studies,96.6,63.8,3371.0,3300.0,3472.0,3350.0,3000.0,3900.0,False,False,900.0,122.0,32.8,0.15471892728210418,0.8452810727178959,0.9241071428571427,0.5775962660443407,0.2980769230769231,0.8452810727178959,0.6518224143473602,True
2020,Nanyang Technological University,"College of Humanities, Arts & Social Sciences",Philosophy,96.3,70.4,3417.0,3300.0,3580.0,3650.0,3300.0,3850.0,False,False,550.0,-70.0,25.89999999999999,0.09455045556128588,0.9054495444387141,0.9174107142857142,0.6546091015169195,0.3557692307692308,0.9054495444387141,0.6963656840989049,True
2020,Nanyang Technological University,"College of Humanities, Arts & Social Sciences",Psychology,83.8,53.5,3315.0,3200.0,3433.0,3300.0,3100.0,3650.0,False,False,550.0,133.0,30.299999999999997,0.09455045556128588,0.9054495444387141,0.6383928571428571,0.4574095682613769,0.28846153846153844,0.9054495444387141,0.5366735439024618,True
2020,Nanyang Technological University,"College of Humanities, Arts & Social Sciences",Public Policy and Global Affairs,92.5,67.5,3989.0,3710.0,4043.0,3800.0,3500.0,4583.0,False,False,1083.0,243.0,25.0,0.18617844249613202,0.813821557503868,0.8325892857142857,0.6207701283547258,0.38461538461538464,0.813821557503868,0.6542349040001297,True
2020,Nanyang Technological University,"College of Humanities, Arts & Social Sciences",Sociology,95.4,66.2,3529.0,3500.0,3598.0,3600.0,3300.0,3800.0,False,False,500.0,-2.0,29.200000000000003,0.08595495960116899,0.914045040398831,0.8973214285714287,0.6056009334889149,0.34615384615384615,0.914045040398831,0.6745219262163893,True
2020,Nanyang Technological University,College of Science,Biological Sciences,88.9,56.7,3319.0,3300.0,3401.0,3325.0,3200.0,3650.0,False,False,450.0,76.0,32.2,0.07735946364105209,0.9226405363589479,0.752232142857143,0.4947491248541424,0.2932692307692308,0.9226405363589479,0.5858077684595355,True
2020,Nanyang Technological University,College of Science,Biomedical Sciences and Chinese Medicine # ^,94.7,84.2,2950.0,3000.0,2969.0,3000.0,2800.0,3150.0,False,False,350.0,-31.0,10.5,0.06016847172081829,0.9398315282791817,0.8816964285714286,0.8156359393232205,0.23076923076923078,0.9398315282791817,0.7078667473025797,True
2020,Nanyang Technological University,College of Science,Chemistry and Biological Chemistry,91.9,45.6,3230.0,3200.0,3345.0,3245.0,3000.0,3635.0,False,False,635.0,100.0,46.300000000000004,0.10916279869348461,0.8908372013065153,0.8191964285714287,0.3652275379229872,0.2778846153846154,0.8908372013065153,0.5584239239904559,True
2020,Nanyang Technological University,College of Science,Environmental Earth Systems Sciences ^,95.5,63.6,3637.0,3550.0,3657.0,3550.0,3400.0,3764.0,False,False,364.0,107.0,31.9,0.06257521058965103,0.937424789410349,0.8995535714285714,0.5752625437572928,0.33653846153846156,0.937424789410349,0.667193168351927,True
2020,Nanyang Technological University,College of Science,Mathematical Sciences,92.4,68.9,3746.0,3600.0,3823.0,3656.0,3300.0,4250.0,False,False,950.0,167.0,23.5,0.16331442324222106,0.836685576757779,0.830357142857143,0.6371061843640607,0.3569230769230769,0.836685576757779,0.6549726039107973,True
2020,Nanyang Technological University,College of Science,Mathematics and Economics,87.1,55.7,3849.0,3832.0,3949.0,3832.0,3500.0,4300.0,False,False,800.0,117.0,31.39999999999999,0.13752793536187038,0.8624720646381296,0.7120535714285713,0.4830805134189032,0.39076923076923076,0.8624720646381296,0.5856033428422694,True
2020,Nanyang Technological University,College of Science,Physics and Applied Physics,92.6,48.5,3643.0,3600.0,3719.0,3700.0,3500.0,3850.0,False,False,350.0,19.0,44.099999999999994,0.06016847172081829,0.9398315282791817,0.8348214285714284,0.3990665110851809,0.36538461538461536,0.9398315282791817,0.6024872649850139,True
2020,Nanyang Technological University,Sports Science and Management,Sports Science and Management,91.5,52.5,3494.0,3240.0,3661.0,3300.0,3000.0,4200.0,False,False,1200.0,361.0,39.0,0.20629190304280556,0.7937080969571945,0.8102678571428571,0.44574095682613774,0.28846153846153844,0.7937080969571945,0.5679742433496622,True
2020,Nanyang Technological University,National Institute of Education (NIE),Arts (with Education),100.0,98.4,3582.0,3798.0,3682.0,3799.0,3600.0,3806.0,False,False,206.0,-117.0,1.5999999999999943,0.035413443355681626,0.9645865566443184,1.0,0.9813302217036174,0.3844230769230769,0.9645865566443184,0.8351928192385021,True
2020,Nanyang Technological University,National Institute of Education (NIE),Science (with Education),100.0,100.0,3660.0,3799.0,3744.0,3800.0,3700.0,4000.0,False,False,300.0,-56.0,0.0,0.05157297576070139,0.9484270242392986,1.0,1.0,0.38461538461538464,0.9484270242392986,0.8384178997897409,True
2020,Nanyang Technological University,Lee Kong Chian School of Medicine,Medicine #,100.0,100.0,4775.0,4700.0,5387.0,5250.0,5000.0,5900.0,False,False,900.0,137.0,0.0,0.15471892728210418,0.8452810727178959,1.0,1.0,0.6634615384615384,0.8452810727178959,0.892657545523069,True
2020,National University of Singapore,Faculty of Arts & Social Sciences,Bachelor of Arts,90.4,39.8,3639.0,3100.0,3868.0,3300.0,2700.0,3600.0,False,False,900.0,568.0,50.60000000000001,0.15471892728210418,0.8452810727178959,0.7857142857142858,0.2975495915985997,0.28846153846153844,0.8452810727178959,0.5238867087169347,True
2020,National University of Singapore,Faculty of Arts & Social Sciences,Bachelor of Arts (Hons),93.1,54.2,3529.0,3500.0,3586.0,3500.0,3300.0,3854.0,False,False,554.0,86.0,38.89999999999999,0.09523809523809523,0.9047619047619048,0.8459821428571427,0.4655775962660444,0.3269230769230769,0.9047619047619048,0.610912976682011,True
2020,National University of Singapore,Faculty of Arts & Social Sciences,Bachelor of Social Sciences,93.5,65.3,3597.0,3500.0,3666.0,3500.0,3345.0,3875.0,False,False,530.0,166.0,28.200000000000003,0.09111225717723913,0.9088877428227609,0.8549107142857143,0.5950991831971996,0.3269230769230769,0.9088877428227609,0.6530668998990575,True
2020,National University of Singapore,Faculty of Dentistry,Bachelor of Dental Surgery,100.0,100.0,4202.0,4200.0,4280.0,4200.0,4200.0,4600.0,False,False,400.0,80.0,0.0,0.06876396768093519,0.9312360323190648,1.0,1.0,0.46153846153846156,0.9312360323190648,0.8550700202324751,True
2020,National University of Singapore,Faculty of Engineering,Bachelor of Engineering (Biomedical Engineering),95.8,53.1,3500.0,3500.0,3577.0,3500.0,3300.0,3740.0,False,False,440.0,77.0,42.699999999999996,0.0756403644490287,0.9243596355509713,0.9062499999999999,0.4527421236872812,0.3269230769230769,0.9243596355509713,0.6280823516695992,True
2020,National University of Singapore,Faculty of Engineering,Bachelor of Engineering (Chemical Engineering),97.0,78.2,3955.0,4000.0,4155.0,4000.0,3700.0,4500.0,False,False,800.0,155.0,18.799999999999997,0.13752793536187038,0.8624720646381296,0.9330357142857143,0.7456242707117854,0.4230769230769231,0.8624720646381296,0.7387380359642001,True
2020,National University of Singapore,Faculty of Engineering,Bachelor of Engineering (Civil Engineering),95.5,86.5,3661.0,3500.0,3739.0,3590.0,3500.0,4050.0,False,False,550.0,149.0,9.0,0.09455045556128588,0.9054495444387141,0.8995535714285714,0.8424737456242707,0.34423076923076923,0.9054495444387141,0.744483319089352,True
2020,National University of Singapore,Faculty of Engineering,Bachelor of Engineering (Electrical Engineering),91.0,75.4,4256.0,4000.0,4370.0,4200.0,3800.0,5000.0,False,False,1200.0,170.0,15.599999999999994,0.20629190304280556,0.7937080969571945,0.7991071428571428,0.7129521586931156,0.46153846153846156,0.7937080969571945,0.688058620393272,True
2020,National University of Singapore,Faculty of Engineering,Bachelor of Engineering (Engineering Science) ^,91.3,73.9,4499.0,4000.0,4584.0,4000.0,3765.0,5000.0,False,False,1235.0,584.0,17.39999999999999,0.2123087502148874,0.7876912497851126,0.8058035714285714,0.6954492415402568,0.4230769230769231,0.7876912497851126,0.6742987621276461,True
2020,National University of Singapore,Faculty of Engineering,Bachelor of Engineering (Environmental Engineering),100.0,63.2,3473.0,3500.0,3572.0,3500.0,3250.0,3875.0,False,False,625.0,72.0,36.8,0.10744369950146124,0.8925563004985387,1.0,0.5705950991831973,0.3269230769230769,0.8925563004985387,0.6867927440605092,True
2020,National University of Singapore,Faculty of Engineering,Bachelor of Engineering (Industrial and Systems Engineering),97.2,93.0,4236.0,4010.0,4337.0,4380.0,3700.0,4800.0,False,False,1100.0,-43.0,4.200000000000003,0.18910091112257177,0.8108990888774282,0.9375000000000001,0.9183197199533255,0.49615384615384617,0.8108990888774282,0.8024192408560734,True
2020,National University of Singapore,Faculty of Engineering,Bachelor of Engineering (Materials Science and Engineering),90.3,66.1,3795.0,3700.0,3922.0,3900.0,3600.0,4200.0,False,False,600.0,22.0,24.200000000000003,0.10314595152140278,0.8968540484785972,0.7834821428571428,0.6044340723453908,0.40384615384615385,0.8968540484785972,0.6518645102940881,True
2020,National University of Singapore,Faculty of Engineering,Bachelor of Engineering (Mechanical Engineering),94.2,69.6,3832.0,3700.0,3946.0,3800.0,3500.0,4200.0,False,False,700.0,146.0,24.60000000000001,0.12033694344163658,0.8796630565583634,0.8705357142857143,0.6452742123687281,0.38461538461538464,0.8796630565583634,0.6828462826339333,True
2020,National University of Singapore,Faculty of Law,Bachelor of Laws #,91.8,86.8,4848.0,4640.0,5009.0,5000.0,4400.0,5600.0,False,False,1200.0,9.0,5.0,0.20629190304280556,0.7937080969571945,0.8169642857142856,0.8459743290548425,0.6153846153846154,0.7937080969571945,0.7717839528204715,True
2020,National University of Singapore,Faculty of Science,Bachelor of Science,86.0,42.1,3195.0,3000.0,3297.0,3100.0,3000.0,3650.0,False,False,650.0,197.0,43.9,0.11174144748151968,0.8882585525184803,0.6875,0.32438739789964993,0.25,0.8882585525184803,0.49930500224766705,True
2020,National University of Singapore,Faculty of Science,Bachelor of Science (Hons),93.1,57.4,3636.0,3500.0,3723.0,3528.0,3300.0,4000.0,False,False,700.0,195.0,35.699999999999996,0.12033694344163658,0.8796630565583634,0.8459821428571427,0.5029171528588097,0.3323076923076923,0.8796630565583634,0.6196961702754633,True
2020,National University of Singapore,Faculty of Science,Bachelor of Science (Computational Biology) ^,80.0,40.0,4563.0,4525.0,4625.0,4650.0,4250.0,5000.0,False,False,750.0,-25.0,40.0,0.12893243940175347,0.8710675605982465,0.5535714285714285,0.2998833138856476,0.5480769230769231,0.8710675605982465,0.5237157875960905,True
2020,National University of Singapore,Faculty of Science,Bachelor of Science (Pharmacy) #,99.3,93.7,3590.0,3600.0,3751.0,3700.0,3500.0,3950.0,False,False,450.0,51.0,5.599999999999994,0.07735946364105209,0.9226405363589479,0.9843749999999999,0.926487747957993,0.36538461538461536,0.9226405363589479,0.803001058687394,True
2020,National University of Singapore,Faculty of Science,Bachelor of Science (Data Science and Analytics) ^,100.0,78.3,4417.0,4125.0,4456.0,4125.0,3900.0,4900.0,False,False,1000.0,331.0,21.700000000000003,0.17190991920233797,0.828090080797662,1.0,0.7467911318553092,0.44711538461538464,0.828090080797662,0.7600296978300881,True
2020,National University of Singapore,NUS Business School,Bachelor of Business Administration ^,96.3,66.7,4910.0,4000.0,5043.0,4150.0,3300.0,6100.0,False,False,2800.0,893.0,29.599999999999994,0.4813477737665463,0.5186522262334536,0.9174107142857142,0.6114352392065344,0.4519230769230769,0.5186522262334536,0.6494323892134618,True
2020,National University of Singapore,NUS Business School,Bachelor of Business Administration (Hons),94.9,80.7,4459.0,4000.0,4579.0,4000.0,3600.0,5000.0,False,False,1400.0,579.0,14.200000000000003,0.24067388688327315,0.7593261131167268,0.8861607142857144,0.7747957992998834,0.4230769230769231,0.7593261131167268,0.7179551018124191,True
2020,National University of Singapore,NUS Business School,Bachelor of Business Administration (Accountancy) ^,90.9,63.6,4443.0,3500.0,4443.0,3500.0,2800.0,5500.0,False,False,2700.0,943.0,27.300000000000004,0.46415678184631254,0.5358432181536874,0.7968750000000001,0.5752625437572928,0.3269230769230769,0.5358432181536874,0.5737485150810102,True
2020,National University of Singapore,NUS Business School,Bachelor of Business Administration (Accountancy) (Hons),96.8,92.1,3951.0,3400.0,4050.0,3500.0,3000.0,4425.0,False,False,1425.0,550.0,4.700000000000003,0.24497163486333162,0.7550283651366684,0.9285714285714285,0.9078179696616102,0.3269230769230769,0.7550283651366684,0.745901843471181,True
2020,National University of Singapore,School of Computing,Bachelor of Computing (Computer Science),97.1,92.6,5576.0,5100.0,5735.0,5243.0,4400.0,6316.0,False,False,1916.0,492.0,4.5,0.3293794051916796,0.6706205948083204,0.935267857142857,0.9136522753792298,0.6621153846153847,0.6706205948083204,0.8207979751317203,True
2020,National University of Singapore,School of Computing,Bachelor of Computing (Information Security) ^,90.9,90.9,4620.0,4650.0,4746.0,5000.0,4200.0,5300.0,False,False,1100.0,-254.0,0.0,0.18910091112257177,0.8108990888774282,0.7968750000000001,0.8938156359393233,0.6153846153846154,0.8108990888774282,0.7826882079595651,True
2020,National University of Singapore,School of Computing,Bachelor of Computing (Information Systems),98.6,93.1,4591.0,4495.0,4764.0,4500.0,4000.0,5400.0,False,False,1400.0,264.0,5.5,0.24067388688327315,0.7593261131167268,0.9687499999999999,0.9194865810968494,0.5192307692307693,0.7593261131167268,0.8101775836042561,True
2020,National University of Singapore,School of Computing,Bachelor of Science (Business Analytics),98.0,84.3,4985.0,5000.0,5094.0,5000.0,4480.0,5800.0,False,False,1320.0,94.0,13.700000000000003,0.22692109334708613,0.7730789066529139,0.9553571428571429,0.8168028004667445,0.6153846153846154,0.7730789066529139,0.8014559728412571,True
2020,National University of Singapore,School of Design & Environment,Bachelor of Arts (Architecture),94.0,91.0,3984.0,4000.0,4058.0,4000.0,3650.0,4300.0,False,False,650.0,58.0,3.0,0.11174144748151968,0.8882585525184803,0.8660714285714286,0.8949824970828472,0.4230769230769231,0.8882585525184803,0.7673241913432856,True
2020,National University of Singapore,School of Design & Environment,Bachelor of Arts (Industrial Design) ^,90.3,22.6,3417.0,3500.0,3417.0,3500.0,3000.0,3500.0,False,False,500.0,-83.0,67.69999999999999,0.08595495960116899,0.914045040398831,0.7834821428571428,0.09684947491248543,0.3269230769230769,0.914045040398831,0.4829370106214823,True
2020,National University of Singapore,School of Design & Environment,Bachelor of Science (Project and Facilities Management),92.2,66.7,3338.0,3200.0,3400.0,3200.0,3000.0,3500.0,False,False,500.0,200.0,25.5,0.08595495960116899,0.914045040398831,0.8258928571428572,0.6114352392065344,0.2692307692307692,0.914045040398831,0.6356128772723344,True
2020,National University of Singapore,School of Design & Environment,Bachelor of Science (Real Estate),95.1,68.6,3609.0,3600.0,3682.0,3630.0,3200.0,4000.0,False,False,800.0,52.0,26.5,0.13752793536187038,0.8624720646381296,0.8906249999999999,0.6336056009334888,0.35192307692307695,0.8624720646381296,0.6746207592065353,True
2020,National University of Singapore,Yong Loo Lin School (Medicine),Bachelor of Medicine and Bachelor of Surgery #,100.0,100.0,4688.0,4700.0,5306.0,5250.0,5000.0,5800.0,False,False,800.0,56.0,0.0,0.13752793536187038,0.8624720646381296,1.0,1.0,0.6634615384615384,0.8624720646381296,0.895236194311104,True
2020,National University of Singapore,Yong Loo Lin School (Medicine),Bachelor of Science (Nursing),97.4,92.2,3269.0,3250.0,3489.0,3500.0,3250.0,3680.0,False,False,430.0,-11.0,5.200000000000003,0.07392126525700533,0.9260787347429946,0.9419642857142858,0.9089848308051343,0.3269230769230769,0.9260787347429946,0.7759273143980444,True
2020,National University of Singapore,Yong Loo Lin School (Medicine),Bachelor of Science (Nursing) (Hons),98.5,97.0,3371.0,3400.0,3616.0,3600.0,3500.0,3750.0,False,False,250.0,16.0,1.5,0.042977479800584494,0.9570225201994155,0.9665178571428571,0.9649941656942824,0.34615384615384615,0.9570225201994155,0.8095454464195156,True
2020,National University of Singapore,YST Conservatory of Music,Bachelor of Music,69.2,15.4,3163.0,3125.0,3238.0,3275.0,3125.0,3350.0,False,False,225.0,-37.0,53.800000000000004,0.038679731820526045,0.9613202681794739,0.3125,0.012835472578763123,0.28365384615384615,0.9613202681794739,0.31271214353901156,True
2020,National University of Singapore,Yale-NUS College,Bachelor of Science with Honours ^,92.6,77.8,5615.0,5350.0,5798.0,5350.0,4225.0,6485.0,False,False,2260.0,448.0,14.799999999999997,0.3885164173972838,0.6114835826027162,0.8348214285714284,0.7409568261376895,0.6826923076923077,0.6114835826027162,0.7351290907262196,True
2020,National University of Singapore,Multi-Disciplinary Programmes,Bachelor of Engineering (Computer Engineering),93.7,81.1,4904.0,5000.0,4977.0,5000.0,4080.0,5500.0,False,False,1420.0,-23.0,12.600000000000009,0.24411208526731992,0.75588791473268,0.859375,0.7794632438739789,0.6153846153846154,0.75588791473268,0.7588808142182495,True
2020,National University of Singapore,Multi-Disciplinary Programmes,Bachelor of Environmental Studies,92.9,47.6,3251.0,3250.0,3409.0,3250.0,3010.0,3750.0,False,False,740.0,159.0,45.300000000000004,0.1272133402097301,0.8727866597902699,0.8415178571428572,0.3885647607934655,0.27884615384615385,0.8727866597902699,0.5696543228109757,True
2020,Singapore Institute of Technology,DigiPen Institute of Technology,Bachelor of Arts in Game Design ^,100.0,78.6,3486.0,3500.0,3575.0,3500.0,3100.0,3600.0,False,False,500.0,75.0,21.400000000000006,0.08595495960116899,0.914045040398831,1.0,0.7502917152858809,0.3269230769230769,0.914045040398831,0.7439250398763582,True
2020,Singapore Institute of Technology,DigiPen Institute of Technology,Bachelor of Fine Arts in Digital Art and Animation,97.1,70.6,2845.0,2835.0,2862.0,2887.0,2675.0,3000.0,False,False,325.0,-25.0,26.5,0.05587072374075984,0.9441292762592401,0.935267857142857,0.6569428238039673,0.20903846153846153,0.9441292762592401,0.6715422111075486,True
2020,Singapore Institute of Technology,DigiPen Institute of Technology,Bachelor of Science in Computer Science and Game Design,97.7,81.8,3960.0,4000.0,3974.0,4000.0,3500.0,4200.0,False,False,700.0,-26.0,15.900000000000006,0.12033694344163658,0.8796630565583634,0.9486607142857143,0.7876312718786465,0.4230769230769231,0.8796630565583634,0.7586062851022934,True
2020,Singapore Institute of Technology,DigiPen Institute of Technology,Bachelor of Science in Computer Science in Real-Time Interactive Simulation,97.6,90.5,4390.0,4200.0,4399.0,4200.0,3880.0,4500.0,False,False,620.0,199.0,7.099999999999994,0.10658414990544954,0.8934158500945505,0.9464285714285713,0.8891481913652275,0.46153846153846156,0.8934158500945505,0.8000700217369376,True
2020,Singapore Institute of Technology,Singapore Institute of Technology (SIT),Bachelor of Accountancy with Honours,97.4,69.8,3107.0,3000.0,3120.0,3000.0,3000.0,3200.0,False,False,200.0,120.0,27.60000000000001,0.034381983840467596,0.9656180161595324,0.9419642857142858,0.6476079346557759,0.23076923076923078,0.9656180161595324,0.679406676227256,True
2020,Singapore Institute of Technology,Singapore Institute of Technology (SIT),Bachelor of Engineering with Honours in Information & Communications Technology (Information Security),100.0,95.9,4023.0,4000.0,4237.0,4300.0,3600.0,4630.0,False,False,1030.0,-63.0,4.099999999999994,0.17706721677840812,0.8229327832215919,1.0,0.9521586931155194,0.4807692307692308,0.8229327832215919,0.8292798331102023,True
2020,Singapore Institute of Technology,Singapore Institute of Technology (SIT),Bachelor of Engineering with Honours in Information & Communications Technology (Software Engineering),96.2,83.0,4275.0,4000.0,4366.0,4000.0,3600.0,4750.0,False,False,1150.0,366.0,13.200000000000003,0.19769640708268868,0.8023035929173113,0.9151785714285715,0.8016336056009334,0.4230769230769231,0.8023035929173113,0.7411584228156789,True
2020,Singapore Institute of Technology,Singapore Institute of Technology (SIT),Bachelor of Engineering with Honours in Pharmaceutical Engineering,94.2,73.9,3329.0,3375.0,3749.0,3740.0,3400.0,4000.0,False,False,600.0,9.0,20.299999999999997,0.10314595152140278,0.8968540484785972,0.8705357142857143,0.6954492415402568,0.3730769230769231,0.8968540484785972,0.6975928247888117,True
2020,Singapore Institute of Technology,Singapore Institute of Technology (SIT),Bachelor of Engineering with Honours in Sustainable Infrastructure Engineering (Building Services),98.1,84.6,3585.0,3500.0,3702.0,3500.0,3375.0,3800.0,False,False,425.0,202.0,13.5,0.07306171566099363,0.9269382843390064,0.9575892857142856,0.8203033838973162,0.3269230769230769,0.9269382843390064,0.7541393127651008,True
2020,Singapore Institute of Technology,Singapore Institute of Technology (SIT),Bachelor of Engineering with Honours in Sustainable Infrastructure Engineering (Land),97.1,77.1,3823.0,3925.0,4203.0,4105.0,3650.0,4370.0,False,False,720.0,98.0,20.0,0.12377514182568335,0.8762248581743166,0.935267857142857,0.7327887981330221,0.44326923076923075,0.8762248581743166,0.7426680330012189,True
2020,Singapore Institute of Technology,Singapore Institute of Technology (SIT),Bachelor of Engineering with Honours in Telematics (Intelligent Transportation Systems Engineering),92.9,55.4,4083.0,4200.0,4135.0,4200.0,3380.0,4800.0,False,False,1420.0,-65.0,37.50000000000001,0.24411208526731992,0.75588791473268,0.8415178571428572,0.4795799299883313,0.46153846153846156,0.75588791473268,0.625097138733874,True
2020,Singapore Institute of Technology,Singapore Institute of Technology (SIT),Bachelor of Hospitality Business with Honours,89.9,47.9,3041.0,3000.0,3148.0,3000.0,2800.0,3400.0,False,False,600.0,148.0,42.00000000000001,0.10314595152140278,0.8968540484785972,0.7745535714285715,0.39206534422403727,0.23076923076923078,0.8968540484785972,0.5422060896598799,True
2020,Singapore Institute of Technology,SIT- DigiPen Institute of Technology,Bachelor of Engineering with Honours in Systems Engineering (ElectroMechanical Systems),95.7,82.6,4044.0,4090.0,4114.0,4185.0,3750.0,4250.0,False,False,500.0,-71.0,13.100000000000009,0.08595495960116899,0.914045040398831,0.9040178571428572,0.7969661610268377,0.45865384615384613,0.914045040398831,0.7620654230491946,True
2020,Singapore Institute of Technology,SIT- Massey University,Bachelor of Food Technology with Honours,95.2,52.4,3060.0,3000.0,3084.0,3000.0,2770.0,3400.0,False,False,630.0,84.0,42.800000000000004,0.10830324909747292,0.8916967509025271,0.8928571428571429,0.4445740956826137,0.23076923076923078,0.8916967509025271,0.5926761918896137,True
2020,Singapore Institute of Technology,SIT- Newcastle University,Bachelor of Engineering with Honours in Chemical Engineering,95.7,47.8,3095.0,3000.0,3242.0,3200.0,3000.0,3500.0,False,False,500.0,42.0,47.900000000000006,0.08595495960116899,0.914045040398831,0.9040178571428572,0.3908984830805134,0.2692307692307692,0.914045040398831,0.5928893504345281,True
2020,Singapore Institute of Technology,SIT- Newcastle University,Bachelor of Engineering with Honours in Electrical Power Engineering,97.9,68.8,3501.0,3500.0,3603.0,3500.0,3400.0,3850.0,False,False,450.0,103.0,29.10000000000001,0.07735946364105209,0.9226405363589479,0.9531250000000001,0.6359393232205367,0.3269230769230769,0.9226405363589479,0.6968461466507725,True
2020,Singapore Institute of Technology,SIT- Newcastle University,Bachelor of Engineering with Honours in Marine Engineering ^,100.0,79.2,3774.0,3650.0,3821.0,3750.0,3300.0,4370.0,False,False,1070.0,71.0,20.799999999999997,0.18394361354650163,0.8160563864534984,1.0,0.7572928821470245,0.375,0.8160563864534984,0.7433463226121321,True
2020,Singapore Institute of Technology,SIT- Newcastle University,Bachelor of Engineering with Honours in Mechanical Design and Manufacturing Engineering,94.6,57.1,3281.0,3300.0,3443.0,3350.0,3025.0,3925.0,False,False,900.0,93.0,37.49999999999999,0.15471892728210418,0.8452810727178959,0.8794642857142856,0.499416569428238,0.2980769230769231,0.8452810727178959,0.6149756482196722,True
2020,Singapore Institute of Technology,SIT- Newcastle University,Bachelor of Engineering with Honours in Naval Architecture ^,78.6,42.9,3217.0,3150.0,3244.0,3200.0,2600.0,3465.0,False,False,865.0,44.0,35.699999999999996,0.14870208011002234,0.8512979198899777,0.5223214285714284,0.3337222870478413,0.2692307692307692,0.8512979198899777,0.4518154949769698,True
2020,Singapore Institute of Technology,SIT- Newcastle University,Bachelor of Engineering with Honours in Offshore Engineering ^,92.3,69.2,3921.0,3800.0,4160.0,4000.0,3750.0,4800.0,False,False,1050.0,160.0,23.099999999999994,0.18050541516245489,0.8194945848375451,0.8281249999999999,0.6406067677946324,0.4230769230769231,0.8194945848375451,0.6693129488332522,True
2020,Singapore Institute of Technology,SIT / SIT-Trinity College Dublin / Trinity College Dublin,Bachelor in Science (Diagnostic Radiography),100.0,100.0,3446.0,3400.0,3685.0,3650.0,3400.0,3859.0,False,False,459.0,35.0,0.0,0.07890665291387312,0.9210933470861269,1.0,1.0,0.3557692307692308,0.9210933470861269,0.8271063097552267,True
2020,Singapore Institute of Technology,SIT / SIT-Trinity College Dublin / Trinity College Dublin,Bachelor in Science (Occupational Therapy),100.0,100.0,3510.0,3400.0,3542.0,3400.0,3364.0,3629.0,False,False,265.0,142.0,0.0,0.045556128588619564,0.9544438714113804,1.0,1.0,0.3076923076923077,0.9544438714113804,0.820089657634784,True
2020,Singapore Institute of Technology,SIT / SIT-Trinity College Dublin / Trinity College Dublin,Bachelor in Science (Physiotherapy),98.2,96.3,3485.0,3480.0,3518.0,3500.0,3400.0,3700.0,False,False,300.0,18.0,1.9000000000000057,0.05157297576070139,0.9484270242392986,0.9598214285714286,0.9568261376896149,0.3269230769230769,0.9484270242392986,0.7989890927449771,True
2020,Singapore Institute of Technology,SIT / SIT-Trinity College Dublin / Trinity College Dublin,Bachelor in Science (Radiation Therapy) ^,100.0,83.3,3380.0,3500.0,3380.0,3500.0,3400.0,3500.0,False,False,100.0,-120.0,16.700000000000003,0.017190991920233798,0.9828090080797662,1.0,0.8051341890315052,0.3269230769230769,0.9828090080797662,0.7706923771521859,True
2020,Singapore Institute of Technology,SIT-University of Glasgow,Bachelor of Engineering with Honours in Civil Engineering,97.9,78.7,3444.0,3400.0,3518.0,3500.0,3200.0,3700.0,False,False,500.0,18.0,19.200000000000003,0.08595495960116899,0.914045040398831,0.9531250000000001,0.751458576429405,0.3269230769230769,0.914045040398831,0.7302125982194154,True
2020,Singapore Institute of Technology,SIT-University of Glasgow,Bachelor of Science with Honours in Nursing,96.2,94.2,3436.0,3270.0,3725.0,3650.0,3405.0,4000.0,False,False,595.0,75.0,2.0,0.1022864019253911,0.8977135980746089,0.9151785714285715,0.9323220536756126,0.3557692307692308,0.8977135980746089,0.7778495349347543,True
2020,Singapore Institute of Technology,Technische UniversitÃ¤t MÃ¼nchen,Bachelor of Science in Chemical Engineering,93.3,48.9,3147.0,3100.0,3387.0,3175.0,2815.0,3650.0,False,False,835.0,212.0,44.4,0.1435447825339522,0.8564552174660478,0.8504464285714285,0.40373395565927644,0.2644230769230769,0.8564552174660478,0.5708281671198878,True
2020,Singapore Institute of Technology,Technische UniversitÃ¤t MÃ¼nchen,Bachelor of Science in Electrical Engineering & Information Technology,94.7,39.5,3760.0,3600.0,3773.0,3600.0,3350.0,4000.0,False,False,650.0,173.0,55.2,0.11174144748151968,0.8882585525184803,0.8816964285714286,0.294049008168028,0.34615384615384615,0.8882585525184803,0.5725008754380705,True
2020,Singapore Institute of Technology,The Culinary Institute of America,Bachelor of Business Administration in Food Business Management,86.0,66.7,2497.0,2475.0,2675.0,2550.0,2300.0,2820.0,False,False,520.0,125.0,19.299999999999997,0.08939315798521574,0.9106068420147843,0.6875,0.6114352392065344,0.14423076923076922,0.9106068420147843,0.5623292903718702,True
2020,Singapore Institute of Technology,The Glasgow School of Art,Bachelor of Arts with Honours in Communication Design,85.7,38.1,2773.0,2800.0,2876.0,2800.0,2500.0,3000.0,False,False,500.0,76.0,47.6,0.08595495960116899,0.914045040398831,0.6808035714285715,0.2777129521586931,0.19230769230769232,0.914045040398831,0.4727386362129271,True
2021,Nanyang Technological University,College of Engineering,Maritime Studies,98.4,95.2,3697.0,3500.0,3763.0,3500.0,3500.0,4000.0,False,False,500.0,263.0,3.200000000000003,0.08595495960116899,0.914045040398831,0.9642857142857144,0.9439906651108518,0.3269230769230769,0.914045040398831,0.7913204391095638,True
2020,Singapore Institute of Technology,The Glasgow School of Art,Bachelor of Arts with Honours in Interior Design,83.9,45.2,2958.0,2500.0,2992.0,2600.0,2500.0,3500.0,False,False,1000.0,392.0,38.7,0.17190991920233797,0.828090080797662,0.6406250000000001,0.3605600933488915,0.15384615384615385,0.828090080797662,0.46303057858585517,True
2020,Singapore Institute of Technology,University of Glasgow,Bachelor of Engineering with Honours in Aeronautical Engineering,91.2,35.3,4127.0,3900.0,4159.0,3921.0,3400.0,5010.0,False,False,1610.0,238.0,55.900000000000006,0.2767749699157641,0.7232250300842359,0.8035714285714286,0.24504084014002328,0.4078846153846154,0.7232250300842359,0.5250385889722248,True
2020,Singapore Institute of Technology,University of Glasgow,Bachelor of Engineering with Honours in Aerospace Systems ^,100.0,37.9,3900.0,3750.0,3940.0,3750.0,3400.0,4600.0,False,False,1200.0,190.0,62.1,0.20629190304280556,0.7937080969571945,1.0,0.27537922987164526,0.375,0.7937080969571945,0.5954199835050727,True
2020,Singapore Institute of Technology,University of Glasgow,Bachelor of Engineering with Honours in Mechanical Design Engineering,95.0,53.3,3461.0,3500.0,3592.0,3500.0,3200.0,3650.0,False,False,450.0,92.0,41.7,0.07735946364105209,0.9226405363589479,0.8883928571428571,0.45507584597432904,0.3269230769230769,0.9226405363589479,0.6231674606197672,True
2020,Singapore Institute of Technology,University of Glasgow,Bachelor of Engineering with Honours in Mechatronics,89.3,58.9,3579.0,3454.0,3690.0,3600.0,3200.0,4000.0,False,False,800.0,90.0,30.4,0.13752793536187038,0.8624720646381296,0.7611607142857142,0.5204200700116686,0.34615384615384615,0.8624720646381296,0.6003835065233958,True
2020,Singapore Institute of Technology,University of Glasgow,Bachelor of Science with Honours in Computing Science,98.6,89.9,4517.0,5000.0,4530.0,5000.0,4000.0,5000.0,False,False,1000.0,-470.0,8.699999999999989,0.17190991920233797,0.828090080797662,0.9687499999999999,0.8821470245040841,0.6153846153846154,0.828090080797662,0.8333287733170284,True
2020,Singapore Institute of Technology,University of Liverpool,Bachelor of Arts with Honours in Criminology and Security,93.7,68.4,3634.0,3480.0,3919.0,3700.0,3400.0,4300.0,False,False,900.0,219.0,25.299999999999997,0.15471892728210418,0.8452810727178959,0.859375,0.6312718786464412,0.36538461538461536,0.8452810727178959,0.6653323783477706,True
2020,Singapore Management University,School of Accountancy (4-year programme) *,Accountancy,94.7,86.0,3636.0,3050.0,3694.0,3100.0,3000.0,4000.0,False,False,1000.0,594.0,8.700000000000003,0.17190991920233797,0.828090080797662,0.8816964285714286,0.8366394399066511,0.25,0.828090080797662,0.7022142726630731,True
2020,Singapore Management University,School of Accountancy (4-year programme) *,Accountancy (Cum Laude and above),96.3,86.1,3979.0,3600.0,4057.0,3744.0,3000.0,4583.0,False,False,1583.0,313.0,10.200000000000003,0.272133402097301,0.727866597902699,0.9174107142857142,0.837806301050175,0.37384615384615383,0.727866597902699,0.72920663274771,True
2020,Singapore Management University,School of Business (4-year programme) *,Business Management,95.8,68.4,4183.0,3800.0,4293.0,3850.0,3440.0,4600.0,False,False,1160.0,443.0,27.39999999999999,0.19941550627471205,0.800584493725288,0.9062499999999999,0.6312718786464412,0.3942307692307692,0.800584493725288,0.6799019299604178,True
2020,Singapore Management University,School of Business (4-year programme) *,Business Management (Cum Laude and above),97.5,78.7,4596.0,4000.0,4688.0,4000.0,3600.0,5000.0,False,False,1400.0,688.0,18.799999999999997,0.24067388688327315,0.7593261131167268,0.9441964285714286,0.751458576429405,0.4230769230769231,0.7593261131167268,0.7283646492369897,True
2020,Singapore Management University,School of Economics (4-year programme) *,Economics,91.5,70.5,4181.0,3750.0,4290.0,3800.0,3400.0,4500.0,False,False,1100.0,490.0,21.0,0.18910091112257177,0.8108990888774282,0.8102678571428571,0.6557759626604435,0.38461538461538464,0.8108990888774282,0.6576018554264506,True
2020,Singapore Management University,School of Economics (4-year programme) *,Economics (Cum Laude and above),94.7,82.9,4670.0,4000.0,4749.0,4000.0,3660.0,5275.0,False,False,1615.0,749.0,11.799999999999997,0.2776345195117758,0.7223654804882242,0.8816964285714286,0.8004667444574096,0.4230769230769231,0.7223654804882242,0.7187730047511158,True
2020,Singapore Management University,School of Information Systems (4-year programme) *,Information Systems,93.1,83.9,4548.0,4500.0,4683.0,4542.0,4000.0,5400.0,False,False,1400.0,141.0,9.199999999999989,0.24067388688327315,0.7593261131167268,0.8459821428571427,0.8121353558926488,0.5273076923076923,0.7593261131167268,0.7431610896693696,True
2020,Singapore Management University,School of Information Systems (4-year programme) *,Information Systems (Cum Laude and above),93.3,93.3,4903.0,5000.0,5064.0,5000.0,4500.0,5416.0,False,False,916.0,64.0,0.0,0.15746948598934157,0.8425305140106585,0.8504464285714285,0.9218203033838973,0.6153846153846154,0.8425305140106585,0.8119057505343503,True
2020,Singapore Management University,School of Social Sciences (4-year programme) *,Social Sciences,89.9,52.8,3540.0,3360.0,3626.0,3500.0,3200.0,4000.0,False,False,800.0,126.0,37.10000000000001,0.13752793536187038,0.8624720646381296,0.7745535714285715,0.4492415402567094,0.3269230769230769,0.8624720646381296,0.5782401124320729,True
2020,Singapore Management University,School of Social Sciences (4-year programme) *,Social Sciences (Cum Laude and above),90.6,65.6,3711.0,3510.0,3784.0,3510.0,3230.0,4200.0,False,False,970.0,274.0,25.0,0.16675262162626783,0.8332473783737322,0.7901785714285713,0.5985997666277713,0.32884615384615384,0.8332473783737322,0.6238321466345009,True
2020,Singapore Management University,School of Law (4-year programme) *,Law #,95.5,91.1,4729.0,4500.0,4804.0,4588.0,4000.0,5600.0,False,False,1600.0,216.0,4.400000000000006,0.27505587072374077,0.7249441292762593,0.8995535714285714,0.896149358226371,0.5361538461538462,0.7249441292762593,0.7814909598263832,True
2020,Singapore Management University,School of Law (4-year programme) *,Law (Cum Laude and above) #,97.0,95.5,5053.0,5000.0,5141.0,5000.0,4500.0,5735.0,False,False,1235.0,141.0,1.5,0.2123087502148874,0.7876912497851126,0.9330357142857143,0.9474912485414235,0.6153846153846154,0.7876912497851126,0.8361579301620621,True
2020,Singapore University of Social Sciences,S R Nathan School of Human Development,Bachelor of Early Childhood Education ^,100.0,88.2,2879.0,3000.0,2879.0,3000.0,2700.0,3016.0,False,False,316.0,-121.0,11.799999999999997,0.0543235344679388,0.9456764655320612,1.0,0.8623103850641775,0.23076923076923078,0.9456764655320612,0.7582368930413701,True
2020,Singapore University of Social Sciences,S R Nathan School of Human Development,Bachelor of Human Resource Management,90.6,22.6,2947.0,2750.0,3051.0,2950.0,2650.0,3300.0,False,False,650.0,101.0,68.0,0.11174144748151968,0.8882585525184803,0.7901785714285713,0.09684947491248543,0.22115384615384615,0.8882585525184803,0.4546356583185506,True
2020,Singapore University of Social Sciences,S R Nathan School of Human Development,Bachelor of Social Work,97.3,89.2,3443.0,3500.0,3486.0,3500.0,3450.0,3655.0,False,False,205.0,-14.0,8.099999999999994,0.03524153343647928,0.9647584665635207,0.9397321428571428,0.8739789964994166,0.3269230769230769,0.9647584665635207,0.7705578810222652,True
2020,Singapore University of Social Sciences,School of Business,Bachelor of Accountancy,94.6,81.7,3059.0,3000.0,3116.0,3000.0,3000.0,3000.0,False,False,0.0,116.0,12.899999999999991,0.0,1.0,0.8794642857142856,0.7864644107351225,0.23076923076923078,1.0,0.7074709166271301,True
2020,Singapore University of Social Sciences,School of Business,Bachelor of Science in Finance ^,100.0,50.0,3537.0,3163.0,3854.0,3163.0,2850.0,4466.0,False,False,1616.0,691.0,50.0,0.27780642943097816,0.7221935705690219,1.0,0.4165694282380397,0.26211538461538464,0.7221935705690219,0.5988287102106113,True
2020,Singapore University of Social Sciences,School of Business,Bachelor of Science in Marketing,92.1,51.3,3126.0,2900.0,3246.0,2900.0,2750.0,3520.0,False,False,770.0,346.0,40.8,0.13237063778580024,0.8676293622141997,0.8236607142857142,0.43173862310385064,0.21153846153846154,0.8676293622141997,0.5596488209336148,True
2020,Singapore University of Social Sciences,School of Business,Bachelor of Science in Supply Chain Management ^,88.0,36.0,3125.0,3100.0,3284.0,3185.0,2950.0,3500.0,False,False,550.0,99.0,52.0,0.09455045556128588,0.9054495444387141,0.7321428571428571,0.2532088681446908,0.26634615384615384,0.9054495444387141,0.49800948771360987,True
2020,Singapore University of Technology and Design,na,Bachelor of Engineering (Engineering Product Development),94.6,82.1,3809.0,3800.0,3901.0,3800.0,3500.0,4150.0,False,False,650.0,101.0,12.5,0.11174144748151968,0.8882585525184803,0.8794642857142856,0.7911318553092181,0.38461538461538464,0.8882585525184803,0.7305714713386693,True
2020,Singapore University of Technology and Design,na,Bachelor of Engineering (Engineering Systems and Design),95.2,77.1,4195.0,3950.0,4287.0,4000.0,3725.0,4900.0,False,False,1175.0,287.0,18.10000000000001,0.20199415506274712,0.7980058449372529,0.8928571428571429,0.7327887981330221,0.4230769230769231,0.7980058449372529,0.7131638898068682,True
2020,Singapore University of Technology and Design,na,Bachelor of Engineering (Information Systems Technology and Design),96.9,85.4,4581.0,4500.0,4734.0,4500.0,4000.0,5000.0,False,False,1000.0,234.0,11.5,0.17190991920233797,0.828090080797662,0.9308035714285715,0.8296382730455076,0.5192307692307693,0.828090080797662,0.7821537577695653,True
2020,Singapore University of Technology and Design,na,Bachelor of Science (Architecture and Sustainable Design),100.0,95.6,3897.0,3800.0,3982.0,3800.0,3500.0,4070.0,False,False,570.0,182.0,4.400000000000006,0.09798865394533264,0.9020113460546674,1.0,0.9486581096849475,0.38461538461538464,0.9020113460546674,0.8160529809675304,True
2021,Nanyang Technological University,College of Business (Nanyang Business School),Accountancy,97.7,93.0,3505.0,3300.0,3539.0,3400.0,3100.0,3500.0,False,False,400.0,139.0,4.700000000000003,0.06876396768093519,0.9312360323190648,0.9486607142857143,0.9183197199533255,0.3076923076923077,0.9312360323190648,0.7767026120426486,True
2021,Nanyang Technological University,College of Business (Nanyang Business School),Accountancy and Business,99.2,96.2,5018.0,4500.0,5173.0,4500.0,3700.0,5858.0,False,False,2158.0,673.0,3.0,0.37098160563864535,0.6290183943613546,0.9821428571428572,0.9556592765460911,0.5192307692307693,0.6290183943613546,0.80550109156858,True
2021,Nanyang Technological University,College of Business (Nanyang Business School),Business,96.2,85.2,4211.0,4000.0,4362.0,4000.0,3500.0,4800.0,False,False,1300.0,362.0,11.0,0.22348289496303936,0.7765171050369606,0.9151785714285715,0.8273045507584598,0.4230769230769231,0.7765171050369606,0.7449917331808842,True
2021,Nanyang Technological University,College of Business (Nanyang Business School),Double Degree in Business and Computer Engineering/Computing,93.8,87.5,6418.0,6300.0,6578.0,6300.0,5250.0,8225.0,False,False,2975.0,278.0,6.299999999999997,0.5114320096269555,0.48856799037304455,0.8616071428571428,0.8541423570595099,0.8653846153846154,0.48856799037304455,0.8043562023771064,True
2021,Nanyang Technological University,College of Engineering,Aerospace Engineering,94.4,87.3,4250.0,4250.0,4321.0,4471.0,3792.0,5000.0,False,False,1208.0,-150.0,7.1000000000000085,0.20766718239642426,0.7923328176035758,0.8750000000000001,0.851808634772462,0.5136538461538461,0.7923328176035758,0.7653059746107366,True
2021,Nanyang Technological University,College of Engineering,Bioengineering,90.9,75.8,3480.0,3483.0,3654.0,3500.0,3300.0,3850.0,False,False,550.0,154.0,15.100000000000009,0.09455045556128588,0.9054495444387141,0.7968750000000001,0.7176196032672112,0.3269230769230769,0.9054495444387141,0.6718965818767397,True
2021,Nanyang Technological University,College of Engineering,Chemical and Biomolecular Engineering,91.1,84.8,3784.0,3600.0,3959.0,3740.0,3600.0,4300.0,False,False,700.0,219.0,6.299999999999997,0.12033694344163658,0.8796630565583634,0.8013392857142856,0.822637106184364,0.3730769230769231,0.8796630565583634,0.7124116068225802,True
2021,Nanyang Technological University,College of Engineering,Civil Engineering,97.7,92.0,3596.0,3500.0,3664.0,3540.0,3400.0,3800.0,False,False,400.0,124.0,5.700000000000003,0.06876396768093519,0.9312360323190648,0.9486607142857143,0.9066511085180864,0.3346153846153846,0.9312360323190648,0.7799327978428462,True
2021,Nanyang Technological University,College of Engineering,Computer Engineering,95.8,89.6,4649.0,4500.0,4847.0,4500.0,4000.0,5000.0,False,False,1000.0,347.0,6.200000000000003,0.17190991920233797,0.828090080797662,0.9062499999999999,0.8786464410735122,0.5192307692307693,0.828090080797662,0.7894901367493952,True
2021,Nanyang Technological University,College of Engineering,Computer Science,97.0,91.0,4871.0,4800.0,4924.0,4800.0,4200.0,5450.0,False,False,1250.0,124.0,6.0,0.21488739900292247,0.7851126009970775,0.9330357142857143,0.8949824970828472,0.5769230769230769,0.7851126009970775,0.8104031227908992,True
2021,Nanyang Technological University,College of Engineering,Double Degree in Engineering and Economics ^,90.9,90.9,4485.0,4580.0,4566.0,4583.0,4530.0,4900.0,False,False,370.0,-17.0,0.0,0.06360667010486505,0.9363933298951349,0.7968750000000001,0.8938156359393233,0.5351923076923077,0.9363933298951349,0.7814642671891441,True
2021,Nanyang Technological University,College of Engineering,Electrical and Electronic Engineering,93.9,88.6,3978.0,3900.0,4069.0,4000.0,3600.0,4400.0,False,False,800.0,69.0,5.300000000000011,0.13752793536187038,0.8624720646381296,0.8638392857142858,0.866977829638273,0.4230769230769231,0.8624720646381296,0.7543851750707178,True
2021,Nanyang Technological University,College of Engineering,Environmental Engineering,96.6,86.2,3422.0,3500.0,3487.0,3500.0,3200.0,3600.0,False,False,400.0,-13.0,10.399999999999991,0.06876396768093519,0.9312360323190648,0.9241071428571427,0.838973162193699,0.3269230769230769,0.9312360323190648,0.7503402655938815,True
2021,Nanyang Technological University,College of Engineering,Information Engineering and Media,95.7,88.6,4247.0,4200.0,4325.0,4200.0,3900.0,4800.0,False,False,900.0,125.0,7.1000000000000085,0.15471892728210418,0.8452810727178959,0.9040178571428572,0.866977829638273,0.46153846153846156,0.8452810727178959,0.7734754823266389,True
2021,Nanyang Technological University,College of Engineering,Materials Engineering,96.3,83.0,3701.0,3600.0,3801.0,3650.0,3500.0,4000.0,False,False,500.0,151.0,13.299999999999997,0.08595495960116899,0.914045040398831,0.9174107142857142,0.8016336056009334,0.3557692307692308,0.914045040398831,0.7417623597181267,True
2021,Nanyang Technological University,College of Engineering,Mechanical Engineering,94.0,86.1,3845.0,3700.0,4006.0,3800.0,3570.0,4400.0,False,False,830.0,206.0,7.900000000000006,0.14268523293794053,0.8573147670620594,0.8660714285714286,0.837806301050175,0.38461538461538464,0.8573147670620594,0.7359143800996361,True
2021,Nanyang Technological University,"College of Humanities, Arts & Social Sciences","Art, Design and Media",86.2,46.6,3146.0,3000.0,3182.0,3000.0,2650.0,3675.0,False,False,1025.0,182.0,39.6,0.17620766718239642,0.8237923328176036,0.6919642857142858,0.37689614935822635,0.23076923076923078,0.8237923328176036,0.5019192881367018,True
2021,Nanyang Technological University,"College of Humanities, Arts & Social Sciences",Chinese,87.0,72.5,3376.0,3250.0,3483.0,3300.0,3053.0,3650.0,False,False,597.0,183.0,14.5,0.10263022176379577,0.8973697782362042,0.7098214285714286,0.6791131855309218,0.28846153846153844,0.8973697782362042,0.6234012355815203,True
2021,Nanyang Technological University,"College of Humanities, Arts & Social Sciences",Communication Studies,96.9,80.8,3463.0,3375.0,3548.0,3500.0,3000.0,3943.0,False,False,943.0,48.0,16.10000000000001,0.16211105380780472,0.8378889461921952,0.9308035714285715,0.7759626604434072,0.3269230769230769,0.8378889461921952,0.7194439807211922,True
2021,Nanyang Technological University,"College of Humanities, Arts & Social Sciences",Economics,93.5,88.3,3658.0,3500.0,3720.0,3650.0,3300.0,4000.0,False,False,700.0,70.0,5.200000000000003,0.12033694344163658,0.8796630565583634,0.8549107142857143,0.8634772462077013,0.3557692307692308,0.8796630565583634,0.7364081543240869,True
2021,Nanyang Technological University,"College of Humanities, Arts & Social Sciences",English,95.5,64.2,3254.0,3300.0,3354.0,3500.0,3000.0,3600.0,False,False,600.0,-146.0,31.299999999999997,0.10314595152140278,0.8968540484785972,0.8995535714285714,0.5822637106184364,0.3269230769230769,0.8968540484785972,0.6608040611166611,True
2021,Nanyang Technological University,"College of Humanities, Arts & Social Sciences",History,82.2,66.7,3724.0,3675.0,3800.0,3675.0,3500.0,4000.0,False,False,500.0,125.0,15.5,0.08595495960116899,0.914045040398831,0.6026785714285715,0.6114352392065344,0.3605769230769231,0.914045040398831,0.5914851300195871,True
2021,Nanyang Technological University,"College of Humanities, Arts & Social Sciences",Inter-Disciplinary Double Major ^,92.9,75.0,3794.0,3650.0,3822.0,3650.0,3450.0,4180.0,False,False,730.0,172.0,17.900000000000006,0.12549424101770673,0.8745057589822933,0.8415178571428572,0.7082847141190198,0.3557692307692308,0.8745057589822933,0.6850589429182148,True
2021,Nanyang Technological University,"College of Humanities, Arts & Social Sciences",Linguistics and Multilingual Studies,87.2,70.2,3351.0,3300.0,3398.0,3300.0,3000.0,3850.0,False,False,850.0,98.0,17.0,0.14612343132198727,0.8538765686780128,0.7142857142857143,0.6522753792298717,0.28846153846153844,0.8538765686780128,0.6101651979717623,True
2021,Nanyang Technological University,"College of Humanities, Arts & Social Sciences",Philosophy,88.5,57.7,3394.0,3400.0,3502.0,3400.0,2915.0,4480.0,False,False,1565.0,102.0,30.799999999999997,0.26903902355165893,0.7309609764483411,0.7433035714285714,0.5064177362893816,0.3076923076923077,0.7309609764483411,0.5614836157057139,True
2021,Nanyang Technological University,"College of Humanities, Arts & Social Sciences",Psychology,91.8,71.8,3342.0,3300.0,3362.0,3350.0,3000.0,3500.0,False,False,500.0,12.0,20.0,0.08595495960116899,0.914045040398831,0.8169642857142856,0.6709451575262544,0.2980769230769231,0.914045040398831,0.6579988198012174,True
2021,Nanyang Technological University,"College of Humanities, Arts & Social Sciences",Public Policy and Global Affairs,83.3,77.1,4024.0,3778.0,4105.0,3804.0,3500.0,4524.0,False,False,1024.0,301.0,6.200000000000003,0.1760357572631941,0.8239642427368059,0.6272321428571428,0.7327887981330221,0.3853846153846154,0.8239642427368059,0.6279470725537242,True
2021,Nanyang Technological University,"College of Humanities, Arts & Social Sciences",Sociology,91.3,69.6,3509.0,3475.0,3567.0,3500.0,3200.0,3940.0,False,False,740.0,67.0,21.700000000000003,0.1272133402097301,0.8727866597902699,0.8058035714285714,0.6452742123687281,0.3269230769230769,0.8727866597902699,0.6479721033384995,True
2021,Nanyang Technological University,College of Science,Biological Sciences / Biomedical Sciences,96.8,81.7,3470.0,3400.0,3569.0,3500.0,3260.0,3800.0,False,False,540.0,69.0,15.099999999999994,0.09283135636926251,0.9071686436307375,0.9285714285714285,0.7864644107351225,0.3269230769230769,0.9071686436307375,0.7323168175673451,True
2021,Nanyang Technological University,College of Science,Biomedical Sciences and Chinese Medicine # ^,90.9,77.3,3023.0,3100.0,3119.0,3100.0,2890.0,3300.0,False,False,410.0,19.0,13.600000000000009,0.07048306687295856,0.9295169331270414,0.7968750000000001,0.73512252042007,0.25,0.9295169331270414,0.6615267960950773,True
2021,Nanyang Technological University,College of Science,Chemistry and Biological Chemistry,90.2,74.4,3367.0,3400.0,3501.0,3400.0,3100.0,3700.0,False,False,600.0,101.0,15.799999999999997,0.10314595152140278,0.8968540484785972,0.78125,0.7012835472578763,0.3076923076923077,0.8968540484785972,0.6562112483722294,True
2021,Nanyang Technological University,College of Science,Environmental Earth Systems Sciences ^,100.0,91.3,3810.0,3892.0,3888.0,3950.0,3500.0,4300.0,False,False,800.0,-62.0,8.700000000000003,0.13752793536187038,0.8624720646381296,1.0,0.8984830805134189,0.41346153846153844,0.8624720646381296,0.8022811184651296,True
2021,Nanyang Technological University,College of Science,Mathematical Sciences / Mathematical Sciences and Economics,91.0,75.6,3939.0,3750.0,4039.0,3806.0,3500.0,4500.0,False,False,1000.0,233.0,15.400000000000006,0.17190991920233797,0.828090080797662,0.7991071428571428,0.7152858809801633,0.38576923076923075,0.828090080797662,0.6749737269631487,True
2021,Nanyang Technological University,College of Science,Physics and Applied Physics,84.5,69.0,3710.0,3570.0,3793.0,3600.0,3384.0,4000.0,False,False,616.0,193.0,15.5,0.10589651022864019,0.8941034897713598,0.6540178571428571,0.6382730455075846,0.34615384615384615,0.8941034897713598,0.608341255799298,True
2021,Nanyang Technological University,Sports Science and Management,Sports Science and Management,86.2,55.4,3292.0,3300.0,3438.0,3300.0,3100.0,3620.0,False,False,520.0,138.0,30.800000000000004,0.08939315798521574,0.9106068420147843,0.6919642857142858,0.4795799299883313,0.28846153846153844,0.9106068420147843,0.5601696756283874,True
2021,Nanyang Technological University,National Institute of Education (NIE),Arts (with Education),100.0,100.0,3563.0,3754.0,3718.0,3780.0,3700.0,3900.0,False,False,200.0,-62.0,0.0,0.034381983840467596,0.9656180161595324,1.0,1.0,0.38076923076923075,0.9656180161595324,0.8400350101162375,True
2021,Nanyang Technological University,National Institute of Education (NIE),Science (with Education) ^,100.0,100.0,3578.0,3776.0,3796.0,3904.0,3727.0,4000.0,False,False,273.0,-108.0,0.0,0.04693140794223827,0.9530685920577617,1.0,1.0,0.4046153846153846,0.9530685920577617,0.8441141349625104,True
2021,Nanyang Technological University,Lee Kong Chian School of Medicine,Medicine #,100.0,100.0,4702.0,4700.0,5404.0,5500.0,5200.0,5800.0,False,False,600.0,-96.0,0.0,0.10314595152140278,0.8968540484785972,1.0,1.0,0.7115384615384616,0.8968540484785972,0.9124127226564049,True
2021,National University of Singapore,Faculty of Arts & Social Sciences,Bachelor of Arts,91.4,70.0,3405.0,3200.0,3600.0,3200.0,2850.0,4100.0,False,False,1250.0,400.0,21.400000000000006,0.21488739900292247,0.7851126009970775,0.8080357142857144,0.6499416569428238,0.2692307692307692,0.7851126009970775,0.6224677938258154,True
2021,National University of Singapore,Faculty of Arts & Social Sciences,Bachelor of Arts (Hons),88.8,68.3,3619.0,3500.0,3731.0,3650.0,3400.0,3983.0,False,False,583.0,81.0,20.5,0.10022348289496304,0.8997765171050369,0.7499999999999999,0.6301050175029171,0.3557692307692308,0.8997765171050369,0.6379402905089383,True
2021,National University of Singapore,Faculty of Arts & Social Sciences,Bachelor of Social Sciences,92.5,78.2,3757.0,3531.0,3850.0,3600.0,3400.0,4100.0,False,False,700.0,250.0,14.299999999999997,0.12033694344163658,0.8796630565583634,0.8325892857142857,0.7456242707117854,0.34615384615384615,0.8796630565583634,0.6919519869500373,True
2021,National University of Singapore,Faculty of Dentistry,Bachelor of Dental Surgery,100.0,100.0,4256.0,4200.0,4286.0,4200.0,4200.0,4600.0,False,False,400.0,86.0,0.0,0.06876396768093519,0.9312360323190648,1.0,1.0,0.46153846153846156,0.9312360323190648,0.8550700202324751,True
2021,National University of Singapore,Faculty of Engineering,Bachelor of Engineering (Biomedical Engineering),94.4,83.3,3610.0,3500.0,3732.0,3600.0,3300.0,4000.0,False,False,700.0,132.0,11.100000000000009,0.12033694344163658,0.8796630565583634,0.8750000000000001,0.8051341890315052,0.34615384615384615,0.8796630565583634,0.7225281767316676,True
2021,National University of Singapore,Faculty of Engineering,Bachelor of Engineering (Chemical Engineering),91.4,84.8,3793.0,3700.0,4023.0,3800.0,3600.0,4300.0,False,False,700.0,223.0,6.6000000000000085,0.12033694344163658,0.8796630565583634,0.8080357142857144,0.822637106184364,0.38461538461538464,0.8796630565583634,0.7173051507786242,True
2021,National University of Singapore,Faculty of Engineering,Bachelor of Engineering (Civil Engineering),97.3,97.3,3780.0,3700.0,3897.0,3700.0,3500.0,4100.0,False,False,600.0,197.0,0.0,0.10314595152140278,0.8968540484785972,0.9397321428571428,0.9684947491248541,0.36538461538461536,0.8968540484785972,0.7983423287125424,True
2021,National University of Singapore,Faculty of Engineering,Bachelor of Engineering (Electrical Engineering),95.1,93.0,4251.0,4000.0,4377.0,4150.0,3900.0,4550.0,False,False,650.0,227.0,2.0999999999999943,0.11174144748151968,0.8882585525184803,0.8906249999999999,0.9183197199533255,0.4519230769230769,0.8882585525184803,0.788902968094539,True
2021,National University of Singapore,Faculty of Engineering,Bachelor of Engineering (Engineering Science) ^,89.5,68.4,4189.0,4500.0,4399.0,4500.0,4000.0,4900.0,False,False,900.0,-101.0,21.099999999999994,0.15471892728210418,0.8452810727178959,0.765625,0.6312718786464412,0.5192307692307693,0.8452810727178959,0.6756689168093091,True
2021,National University of Singapore,Faculty of Engineering,Bachelor of Engineering (Environmental Engineering),97.1,88.6,3572.0,3500.0,3607.0,3500.0,3300.0,3900.0,False,False,600.0,107.0,8.5,0.10314595152140278,0.8968540484785972,0.935267857142857,0.866977829638273,0.3269230769230769,0.8968540484785972,0.7569325825368978,True
2021,National University of Singapore,Faculty of Engineering,Bachelor of Engineering (Industrial and Systems Engineering),96.7,91.8,4237.0,4150.0,4417.0,4500.0,4000.0,4900.0,False,False,900.0,-83.0,4.900000000000006,0.15471892728210418,0.8452810727178959,0.9263392857142858,0.9043173862310385,0.5192307692307693,0.8452810727178959,0.805796854798974,True
2021,National University of Singapore,Faculty of Engineering,Bachelor of Engineering (Materials Science and Engineering),91.7,87.5,3899.0,3775.0,4020.0,3896.0,3600.0,4200.0,False,False,600.0,124.0,4.200000000000003,0.10314595152140278,0.8968540484785972,0.8147321428571429,0.8541423570595099,0.40307692307692305,0.8968540484785972,0.7359596880160161,True
2021,National University of Singapore,Faculty of Engineering,Bachelor of Engineering (Mechanical Engineering),94.5,89.5,3965.0,3800.0,4115.0,3875.0,3500.0,4550.0,False,False,1050.0,240.0,5.0,0.18050541516245489,0.8194945848375451,0.8772321428571429,0.8774795799299884,0.39903846153846156,0.8194945848375451,0.7490973199463865,True
2021,National University of Singapore,Faculty of Law,Bachelor of Laws #,96.5,93.5,5398.0,5150.0,5627.0,5600.0,4500.0,6000.0,False,False,1500.0,27.0,3.0,0.25786487880350695,0.742135121196493,0.921875,0.9241540256709452,0.7307692307692307,0.742135121196493,0.8478212835730652,True
2021,National University of Singapore,Faculty of Science,Bachelor of Science,82.4,56.9,3446.0,3300.0,3627.0,3527.0,3100.0,4000.0,False,False,900.0,100.0,25.500000000000007,0.15471892728210418,0.8452810727178959,0.6071428571428572,0.4970828471411901,0.3321153846153846,0.8452810727178959,0.5410887183467447,True
2021,National University of Singapore,Faculty of Science,Bachelor of Science (Hons),92.2,76.5,3665.0,3500.0,3767.0,3600.0,3400.0,4000.0,False,False,600.0,167.0,15.700000000000003,0.10314595152140278,0.8968540484785972,0.8258928571428572,0.7257876312718786,0.34615384615384615,0.8968540484785972,0.6865707153346718,True
2021,National University of Singapore,Faculty of Science,Bachelor of Science (Computational Biology) ^,100.0,100.0,4655.0,4500.0,4677.0,4500.0,4000.0,5000.0,False,False,1000.0,177.0,0.0,0.17190991920233797,0.828090080797662,1.0,1.0,0.5192307692307693,0.828090080797662,0.8540212044273415,True
2021,National University of Singapore,Faculty of Science,Bachelor of Science (Pharmacy) #,95.9,91.9,3773.0,3760.0,3923.0,3915.0,3636.0,4200.0,False,False,564.0,8.0,4.0,0.09695719443011862,0.9030428055698814,0.908482142857143,0.9054842473745625,0.40673076923076923,0.9030428055698814,0.7813290302126863,True
2021,National University of Singapore,Faculty of Science,Bachelor of Science (Data Science and Analytics),97.7,95.3,4819.0,4500.0,4981.0,4800.0,4200.0,5400.0,False,False,1200.0,181.0,2.4000000000000057,0.20629190304280556,0.7937080969571945,0.9486607142857143,0.9451575262543757,0.5769230769230769,0.7937080969571945,0.8314324559363753,True
2021,National University of Singapore,NUS Business School,Bachelor of Business Administration,94.7,81.6,5199.0,3550.0,5567.0,3700.0,3125.0,7625.0,False,False,4500.0,1867.0,13.100000000000009,0.7735946364105208,0.22640536358947916,0.8816964285714286,0.7852975495915986,0.36538461538461536,0.22640536358947916,0.6254051518334839,True
2021,National University of Singapore,NUS Business School,Bachelor of Business Administration (Hons),98.1,93.5,4828.0,4200.0,4950.0,4347.0,3700.0,5200.0,False,False,1500.0,603.0,4.599999999999994,0.25786487880350695,0.742135121196493,0.9575892857142856,0.9241540256709452,0.48980769230769233,0.742135121196493,0.7982951846719663,True
2021,National University of Singapore,NUS Business School,Bachelor of Business Administration (Accountancy) ^,100.0,100.0,3380.0,3300.0,3515.0,3400.0,3013.0,3750.0,False,False,737.0,115.0,0.0,0.12669761045212308,0.8733023895478769,1.0,1.0,0.3076923076923077,0.8733023895478769,0.8079184353552584,True
2021,National University of Singapore,NUS Business School,Bachelor of Business Administration (Accountancy) (Hons),97.0,96.3,4124.0,3430.0,4194.0,3500.0,3200.0,4600.0,False,False,1400.0,694.0,0.7000000000000028,0.24067388688327315,0.7593261131167268,0.9330357142857143,0.9568261376896149,0.3269230769230769,0.7593261131167268,0.7625882417908769,True
2021,National University of Singapore,School of Computing,Bachelor of Computing (Computer Science),99.1,96.4,5898.0,5800.0,6002.0,6000.0,5000.0,6900.0,False,False,1900.0,2.0,2.6999999999999886,0.3266288464844421,0.6733711535155579,0.9799107142857142,0.9579929988331389,0.8076923076923077,0.6733711535155579,0.8842998638860664,True
2021,National University of Singapore,School of Computing,Bachelor of Computing (Information Security) ^,100.0,100.0,4992.0,5000.0,5095.0,5400.0,4305.0,5500.0,False,False,1195.0,-305.0,0.0,0.2054323534467939,0.7945676465532061,1.0,1.0,0.6923076923076923,0.7945676465532061,0.8922620700599039,True
2021,National University of Singapore,School of Computing,Bachelor of Computing (Information Systems),97.5,96.2,5087.0,5000.0,5217.0,5000.0,4500.0,5400.0,False,False,900.0,217.0,1.2999999999999972,0.15471892728210418,0.8452810727178959,0.9441964285714286,0.9556592765460911,0.6153846153846154,0.8452810727178959,0.8505950262890942,True
2021,National University of Singapore,School of Computing,Bachelor of Science (Business Analytics),100.0,100.0,5437.0,5050.0,5603.0,5400.0,4800.0,6125.0,False,False,1325.0,203.0,0.0,0.22778064294309783,0.7722193570569021,1.0,1.0,0.6923076923076923,0.7722193570569021,0.8889098266354583,True
2021,National University of Singapore,School of Design & Environment,Bachelor of Arts (Architecture),97.7,96.6,4090.0,4000.0,4139.0,4000.0,3600.0,4440.0,False,False,840.0,139.0,1.1000000000000085,0.1444043321299639,0.855595667870036,0.9486607142857143,0.9603267211201867,0.4230769230769231,0.855595667870036,0.8068048115715063,True
2021,National University of Singapore,School of Design & Environment,Bachelor of Arts (Industrial Design),87.5,75.0,4146.0,3825.0,4178.0,3825.0,3200.0,4250.0,False,False,1050.0,353.0,12.5,0.18050541516245489,0.8194945848375451,0.7209821428571428,0.7082847141190198,0.3894230769230769,0.8194945848375451,0.6490600140492497,True
2021,National University of Singapore,School of Design & Environment,Bachelor of Science (Project and Facilities Management),93.1,92.1,3424.0,3450.0,3560.0,3500.0,3200.0,3700.0,False,False,500.0,60.0,1.0,0.08595495960116899,0.914045040398831,0.8459821428571427,0.9078179696616102,0.3269230769230769,0.914045040398831,0.7449775590462198,True
2021,National University of Singapore,School of Design & Environment,Bachelor of Science (Real Estate),94.5,82.4,3692.0,3575.0,3863.0,3700.0,3400.0,4000.0,False,False,600.0,163.0,12.099999999999994,0.10314595152140278,0.8968540484785972,0.8772321428571429,0.7946324387397901,0.36538461538461536,0.8968540484785972,0.7274336355970232,True
2021,National University of Singapore,Yong Loo Lin School (Medicine),Bachelor of Medicine and Bachelor of Surgery # **,,,,,,,,,True,True,,,,,,,,,,,False
2021,National University of Singapore,Yong Loo Lin School (Medicine),Bachelor of Science (Nursing),96.2,93.3,3300.0,3350.0,3530.0,3550.0,3350.0,3750.0,False,False,400.0,-20.0,2.9000000000000057,0.06876396768093519,0.9312360323190648,0.9151785714285715,0.9218203033838973,0.33653846153846156,0.9312360323190648,0.7749196826762158,True
2021,National University of Singapore,Yong Loo Lin School (Medicine),Bachelor of Science (Nursing) (Hons),97.9,96.8,3482.0,3500.0,3750.0,3750.0,3550.0,3950.0,False,False,400.0,0.0,1.1000000000000085,0.06876396768093519,0.9312360323190648,0.9531250000000001,0.9626604434072346,0.375,0.9312360323190648,0.8081710378700301,True
2021,National University of Singapore,YST Conservatory of Music,Bachelor of Music ^,82.4,35.3,3136.0,2958.0,3203.0,3100.0,2915.0,3600.0,False,False,685.0,103.0,47.10000000000001,0.11775829465360152,0.8822417053463985,0.6071428571428572,0.24504084014002328,0.25,0.8822417053463985,0.45049136498682385,True
2021,National University of Singapore,Yale-NUS College,Bachelor of Arts with Honours,88.3,70.8,4344.0,4000.0,4453.0,4000.0,3500.0,5000.0,False,False,1500.0,453.0,17.5,0.25786487880350695,0.742135121196493,0.7388392857142856,0.6592765460910152,0.4230769230769231,0.742135121196493,0.6365242484902949,True
2021,National University of Singapore,Yale-NUS College,Bachelor of Science with Honours,94.6,83.8,4779.0,4500.0,4952.0,4500.0,3800.0,5650.0,False,False,1850.0,452.0,10.799999999999997,0.31803335052432524,0.6819666494756748,0.8794642857142856,0.8109684947491248,0.5192307692307693,0.6819666494756748,0.7392325238680666,True
2021,National University of Singapore,Multi-Disciplinary Programmes,Bachelor of Engineering (Computer Engineering),97.4,91.2,5345.0,5000.0,5473.0,5400.0,4500.0,6200.0,False,False,1700.0,73.0,6.200000000000003,0.29224686264397454,0.7077531373560255,0.9419642857142858,0.897316219369895,0.6923076923076923,0.7077531373560255,0.8310240452055812,True
2021,National University of Singapore,Multi-Disciplinary Programmes,Bachelor of Environmental Studies,97.4,81.6,3544.0,3500.0,3658.0,3650.0,3100.0,3996.0,False,False,896.0,8.0,15.800000000000011,0.15403128760529483,0.8459687123947052,0.9419642857142858,0.7852975495915986,0.3557692307692308,0.8459687123947052,0.7340161651432788,True
2021,Singapore Institute of Technology,DigiPen Institute of Technology,Bachelor of Arts in Game Design ^,100.0,81.5,3457.0,3200.0,3490.0,3300.0,3200.0,3500.0,False,False,300.0,190.0,18.5,0.05157297576070139,0.9484270242392986,1.0,0.7841306884480747,0.28846153846153844,0.9484270242392986,0.7496186447857017,True
2021,Singapore Institute of Technology,DigiPen Institute of Technology,Bachelor of Fine Arts in Digital Art and Animation,80.0,63.3,3081.0,3200.0,3125.0,3200.0,2835.0,3500.0,False,False,665.0,-75.0,16.700000000000003,0.11432009626955475,0.8856799037304453,0.5535714285714285,0.5717619603267211,0.2692307692307692,0.8856799037304453,0.5377596945367039,True
2021,Singapore Institute of Technology,DigiPen Institute of Technology,Bachelor of Science in Computer Science and Game Design,88.2,85.3,4229.0,4000.0,4324.0,4000.0,3700.0,4968.0,False,False,1268.0,324.0,2.9000000000000057,0.21798177754856454,0.7820182224514355,0.7366071428571429,0.8284714119019836,0.4230769230769231,0.7820182224514355,0.692595530564684,True
2021,Singapore Institute of Technology,DigiPen Institute of Technology,Bachelor of Science in Computer Science in Real-Time Interactive Simulation,95.1,92.7,4962.0,4600.0,4984.0,4600.0,4300.0,5175.0,False,False,875.0,384.0,2.3999999999999915,0.15042117930204574,0.8495788206979542,0.8906249999999999,0.9148191365227538,0.5384615384615384,0.8495788206979542,0.8036854486769038,True
2021,Singapore Institute of Technology,Singapore Institute of Technology (SIT),Bachelor of Accountancy with Honours,97.7,86.8,3363.0,3400.0,3431.0,3400.0,3200.0,3460.0,False,False,260.0,31.0,10.900000000000006,0.04469657899260787,0.9553034210073921,0.9486607142857143,0.8459743290548425,0.3076923076923077,0.9553034210073921,0.7586091030763528,True
2021,Singapore Institute of Technology,Singapore Institute of Technology (SIT),Bachelor of Engineering with Honours in Information & Communications Technology (Information Security),100.0,98.2,4934.0,4800.0,5251.0,4950.0,4605.0,5552.0,False,False,947.0,301.0,1.7999999999999972,0.16279869348461407,0.8372013065153859,1.0,0.9789964994165694,0.6057692307692307,0.8372013065153859,0.8707214534945863,True
2021,Singapore Institute of Technology,Singapore Institute of Technology (SIT),Bachelor of Engineering with Honours in Information & Communications Technology (Software Engineering),100.0,98.0,5126.0,5000.0,5215.0,5000.0,4590.0,5500.0,False,False,910.0,215.0,2.0,0.15643802647412755,0.8435619735258725,1.0,0.9766627771295215,0.6153846153846154,0.8435619735258725,0.8733792830138912,True
2021,Singapore Institute of Technology,Singapore Institute of Technology (SIT),Bachelor of Engineering with Honours in Aircraft Systems Engineering,100.0,91.7,3297.0,3200.0,3394.0,3300.0,2500.0,4000.0,False,False,1500.0,94.0,8.299999999999997,0.25786487880350695,0.742135121196493,1.0,0.9031505250875146,0.28846153846153844,0.742135121196493,0.7543808103211128,True
2021,Singapore Institute of Technology,Singapore Institute of Technology (SIT),Bachelor of Engineering with Honours in Pharmaceutical Engineering,98.3,87.9,3423.0,3500.0,3736.0,3600.0,3300.0,4000.0,False,False,700.0,136.0,10.399999999999991,0.12033694344163658,0.8796630565583634,0.9620535714285714,0.8588098016336057,0.34615384615384615,0.8796630565583634,0.7647469319408692,True
2021,Singapore Institute of Technology,Singapore Institute of Technology (SIT),Bachelor of Engineering with Honours in Sustainable Infrastructure Engineering (Building Services),98.0,96.1,3707.0,3600.0,3773.0,3680.0,3500.0,3950.0,False,False,450.0,93.0,1.9000000000000057,0.07735946364105209,0.9226405363589479,0.9553571428571429,0.954492415402567,0.36153846153846153,0.9226405363589479,0.8017355633163705,True
2021,Singapore Institute of Technology,Singapore Institute of Technology (SIT),Bachelor of Engineering with Honours in Sustainable Infrastructure Engineering (Land) ^,96.3,88.9,3606.0,3500.0,3788.0,3700.0,3485.0,4250.0,False,False,765.0,88.0,7.3999999999999915,0.13151108818978854,0.8684889118102115,0.9174107142857142,0.8704784130688449,0.36538461538461536,0.8684889118102115,0.7579862288240533,True
2021,Singapore Institute of Technology,Singapore Institute of Technology (SIT),Bachelor of Engineering with Honours in Telematics (Intelligent Transportation Systems Engineering),97.5,85.0,4086.0,4000.0,4146.0,4000.0,3850.0,4500.0,False,False,650.0,146.0,12.5,0.11174144748151968,0.8882585525184803,0.9441964285714286,0.8249708284714119,0.4230769230769231,0.8882585525184803,0.769758190759855,True
2021,Singapore Institute of Technology,Singapore Institute of Technology (SIT),Bachelor of Hospitality Business with Honours,96.1,80.3,3037.0,3000.0,3216.0,3000.0,2800.0,3500.0,False,False,700.0,216.0,15.799999999999997,0.12033694344163658,0.8796630565583634,0.9129464285714285,0.7701283547257876,0.23076923076923078,0.8796630565583634,0.694564201165227,True
2021,Singapore Institute of Technology,Singapore Institute of Technology (SIT),Bachelor of Science (Diagnostic Radiography),100.0,100.0,3670.0,3500.0,3880.0,3700.0,3500.0,4025.0,False,False,525.0,180.0,0.0,0.09025270758122744,0.9097472924187726,1.0,1.0,0.36538461538461536,0.9097472924187726,0.8278082477089697,True
2021,Singapore Institute of Technology,Singapore Institute of Technology (SIT),Bachelor of Science (Occupational Therapy),100.0,98.3,3521.0,3500.0,3546.0,3500.0,3400.0,3690.0,False,False,290.0,46.0,1.7000000000000028,0.04985387656867801,0.950146123431322,1.0,0.9801633605600933,0.3269230769230769,0.950146123431322,0.8183016959134956,True
2021,Singapore Institute of Technology,Singapore Institute of Technology (SIT),Bachelor of Science (Radiation Therapy) ^,100.0,100.0,3310.0,3500.0,3328.0,3500.0,3000.0,3500.0,False,False,500.0,-172.0,0.0,0.08595495960116899,0.914045040398831,1.0,1.0,0.3269230769230769,0.914045040398831,0.818837525290594,True
2021,Singapore Institute of Technology,SIT- DigiPen Institute of Technology,Bachelor of Engineering with Honours in Systems Engineering (ElectroMechanical Systems),100.0,95.1,4086.0,4000.0,4402.0,4370.0,3700.0,4900.0,False,False,1200.0,32.0,4.900000000000006,0.20629190304280556,0.7937080969571945,1.0,0.9428238039673278,0.49423076923076925,0.7937080969571945,0.8254610480414698,True
2021,Singapore Institute of Technology,SIT- Massey University,Bachelor of Food Technology with Honours,96.4,89.1,3221.0,3300.0,3322.0,3300.0,3000.0,3500.0,False,False,500.0,22.0,7.300000000000011,0.08595495960116899,0.914045040398831,0.9196428571428573,0.8728121353558926,0.28846153846153844,0.914045040398831,0.7469586384248341,True
2021,Singapore Institute of Technology,SIT- Newcastle University,Bachelor of Engineering with Honours in Chemical Engineering,79.2,64.2,3466.0,3500.0,3836.0,3700.0,3350.0,4200.0,False,False,850.0,136.0,15.0,0.14612343132198727,0.8538765686780128,0.5357142857142857,0.5822637106184364,0.36538461538461536,0.8538765686780128,0.5548210380476724,True
2021,Singapore Institute of Technology,SIT- Newcastle University,Bachelor of Engineering with Honours in Electrical Power Engineering,98.3,84.5,3583.0,3500.0,3691.0,3600.0,3500.0,3850.0,False,False,350.0,91.0,13.799999999999997,0.06016847172081829,0.9398315282791817,0.9620535714285714,0.8191365227537923,0.34615384615384615,0.9398315282791817,0.7618702190350479,True
2021,Singapore Institute of Technology,SIT- Newcastle University,Bachelor of Engineering with Honours in Marine Engineering ^,100.0,90.5,3598.0,3500.0,3819.0,3750.0,3400.0,4250.0,False,False,850.0,69.0,9.5,0.14612343132198727,0.8538765686780128,1.0,0.8891481913652275,0.375,0.8538765686780128,0.7885759427112702,True
2021,Singapore Institute of Technology,SIT- Newcastle University,Bachelor of Engineering with Honours in Mechanical Design and Manufacturing Engineering,93.4,90.2,3646.0,3600.0,3787.0,3650.0,3600.0,4000.0,False,False,400.0,137.0,3.200000000000003,0.06876396768093519,0.9312360323190648,0.8526785714285715,0.8856476079346558,0.3557692307692308,0.9312360323190648,0.7501255663491356,True
2021,Singapore Institute of Technology,SIT- Newcastle University,Bachelor of Engineering with Honours in Naval Architecture ^,100.0,95.7,3476.0,3300.0,3592.0,3400.0,3250.0,3850.0,False,False,600.0,192.0,4.299999999999997,0.10314595152140278,0.8968540484785972,1.0,0.9498249708284714,0.3076923076923077,0.8968540484785972,0.7963986754434079,True
2021,Singapore Institute of Technology,SIT- Newcastle University,Bachelor of Engineering with Honours in Offshore Engineering ^,82.4,70.6,3513.0,3500.0,3575.0,3550.0,3350.0,3850.0,False,False,500.0,25.0,11.800000000000011,0.08595495960116899,0.914045040398831,0.6071428571428572,0.6569428238039673,0.33653846153846156,0.914045040398831,0.6004670757284873,True
2021,Singapore Institute of Technology,SIT-Trinity College Dublin,Bachelor of Science (Physiotherapy),97.9,96.8,3516.0,3500.0,3591.0,3525.0,3400.0,3800.0,False,False,400.0,66.0,1.1000000000000085,0.06876396768093519,0.9312360323190648,0.9531250000000001,0.9626604434072346,0.3317307692307692,0.9312360323190648,0.7973537301777224,True
2021,Singapore Institute of Technology,SIT-University of Glasgow,Bachelor of Engineering with Honours in Civil Engineering,92.8,92.8,3650.0,3600.0,3719.0,3675.0,3500.0,3933.0,False,False,433.0,44.0,0.0,0.07443699501461234,0.9255630049853877,0.8392857142857142,0.9159859976662776,0.3605769230769231,0.9255630049853877,0.7555601951026365,True
2021,Singapore Institute of Technology,SIT-University of Glasgow,Bachelor of Science with Honours in Nursing,98.3,86.4,3403.0,3350.0,3697.0,3700.0,3350.0,3990.0,False,False,640.0,-3.0,11.899999999999991,0.11002234828949631,0.8899776517105037,0.9620535714285714,0.8413068844807469,0.36538461538461536,0.8899776517105037,0.7658509383755249,True
2021,Singapore Institute of Technology,Technische UniversitÃ¤t MÃ¼nchen,Bachelor of Science in Chemical Engineering,95.7,87.0,3495.0,3500.0,3645.0,3557.0,3400.0,3865.0,False,False,465.0,88.0,8.700000000000003,0.07993811242908716,0.9200618875709128,0.9040178571428572,0.8483080513418904,0.3378846153846154,0.9200618875709128,0.748178209527215,True
2021,Singapore Institute of Technology,Technische UniversitÃ¤t MÃ¼nchen,Bachelor of Science in Electrical Engineering & Information Technology ^,81.5,74.1,3649.0,3600.0,3806.0,3700.0,3250.0,4265.0,False,False,1015.0,106.0,7.400000000000006,0.17448856799037304,0.825511432009627,0.5870535714285714,0.6977829638273045,0.36538461538461536,0.825511432009627,0.6006238292243606,True
2021,Singapore Institute of Technology,The Culinary Institute of America,Bachelor of Business Administration in Food Business Management,91.9,67.7,2647.0,2500.0,2817.0,2700.0,2500.0,3100.0,False,False,600.0,117.0,24.200000000000003,0.10314595152140278,0.8968540484785972,0.8191964285714287,0.6231038506417736,0.17307692307692307,0.8968540484785972,0.6104874218049811,True
2021,Singapore Institute of Technology,The Glasgow School of Art,Bachelor of Arts with Honours in Communication Design,94.4,59.3,2951.0,3000.0,2989.0,3000.0,2700.0,3200.0,False,False,500.0,-11.0,35.10000000000001,0.08595495960116899,0.914045040398831,0.8750000000000001,0.5250875145857643,0.23076923076923078,0.914045040398831,0.6148253181278616,True
2021,Singapore Institute of Technology,The Glasgow School of Art,Bachelor of Arts with Honours in Interior Design,94.3,65.7,2761.0,3000.0,2807.0,3000.0,2500.0,3100.0,False,False,600.0,-193.0,28.599999999999994,0.10314595152140278,0.8968540484785972,0.8727678571428571,0.5997666277712953,0.23076923076923078,0.8968540484785972,0.633980760438343,True
2021,Singapore Institute of Technology,University of Liverpool,Bachelor of Arts with Honours in Criminology and Security,95.5,81.8,3807.0,3600.0,4001.0,3850.0,3400.0,4500.0,False,False,1100.0,151.0,13.700000000000003,0.18910091112257177,0.8108990888774282,0.8995535714285714,0.7876312718786465,0.3942307692307692,0.8108990888774282,0.7263480086314718,True
2021,Singapore Management University,School of Accountancy (4-year programme) *,Accountancy,98.7,93.0,3751.0,3400.0,3814.0,3400.0,3200.0,4000.0,False,False,800.0,414.0,5.700000000000003,0.13752793536187038,0.8624720646381296,0.9709821428571429,0.9183197199533255,0.3076923076923077,0.8624720646381296,0.7730844454619369,True
2021,Singapore Management University,School of Accountancy (4-year programme) *,Accountancy (Cum Laude and above),97.9,92.6,4161.0,3700.0,4213.0,3850.0,3300.0,4600.0,False,False,1300.0,363.0,5.300000000000011,0.22348289496303936,0.7765171050369606,0.9531250000000001,0.9136522753792298,0.3942307692307692,0.7765171050369606,0.7750684406770054,True
2021,Singapore Management University,School of Business (4-year programme) *,Business Management,96.6,86.0,4229.0,4000.0,4371.0,4000.0,3500.0,4650.0,False,False,1150.0,371.0,10.599999999999994,0.19769640708268868,0.8023035929173113,0.9241071428571427,0.8366394399066511,0.4230769230769231,0.8023035929173113,0.7543387445359656,True
2021,Singapore Management University,School of Business (4-year programme) *,Business Management (Cum Laude and above),96.6,90.3,4705.0,4333.0,4855.0,4480.0,3800.0,5043.0,False,False,1243.0,375.0,6.299999999999997,0.2136840295685061,0.7863159704314939,0.9241071428571427,0.8868144690781796,0.5153846153846153,0.7863159704314939,0.7900700329914747,True
2021,Singapore Management University,School of Economics (4-year programme) *,Economics,91.8,83.5,4641.0,4275.0,4777.0,4435.0,3800.0,5250.0,False,False,1450.0,342.0,8.299999999999997,0.24926938284339006,0.7507306171566099,0.8169642857142856,0.8074679113185531,0.5067307692307692,0.7507306171566099,0.7266219439910354,True
2021,Singapore Management University,School of Economics (4-year programme) *,Economics (Cum Laude and above),94.1,91.2,5209.0,4750.0,5310.0,4900.0,4191.0,5810.0,False,False,1619.0,410.0,2.8999999999999915,0.27832215918858516,0.7216778408114148,0.8683035714285713,0.897316219369895,0.5961538461538461,0.7216778408114148,0.7869760748997138,True
2021,Singapore Management University,School of Information Systems (4-year programme) *,Information Systems,98.2,94.6,4774.0,4860.0,4906.0,5000.0,4200.0,5350.0,False,False,1150.0,-94.0,3.6000000000000085,0.19769640708268868,0.8023035929173113,0.9598214285714286,0.9369894982497082,0.6153846153846154,0.8023035929173113,0.8432349708300916,True
2021,Singapore Management University,School of Information Systems (4-year programme) *,Information Systems (Cum Laude and above),97.4,93.6,5317.0,5050.0,5499.0,5350.0,5000.0,5833.0,False,False,833.0,149.0,3.8000000000000114,0.14320096269554752,0.8567990373044525,0.9419642857142858,0.925320886814469,0.6826923076923077,0.8567990373044525,0.8593784842773713,True
2021,Singapore Management University,School of Social Sciences (4-year programme) *,Social Sciences,94.1,77.1,3656.0,3465.0,3836.0,3600.0,3200.0,4010.0,False,False,810.0,236.0,17.0,0.13924703455389376,0.8607529654461062,0.8683035714285713,0.7327887981330221,0.34615384615384615,0.8607529654461062,0.6959791172238555,True
2021,Singapore Management University,School of Social Sciences (4-year programme) *,Social Sciences (Cum Laude and above),96.9,86.2,3856.0,3500.0,4063.0,3763.0,3350.0,4500.0,False,False,1150.0,300.0,10.700000000000003,0.19769640708268868,0.8023035929173113,0.9308035714285715,0.838973162193699,0.3775,0.8023035929173113,0.7456535590242778,True
2021,Singapore Management University,School of Law (4-year programme) *,Law #,100.0,98.3,5319.0,5500.0,5433.0,5600.0,4500.0,6000.0,False,False,1500.0,-167.0,1.7000000000000028,0.25786487880350695,0.742135121196493,1.0,0.9801633605600933,0.7307692307692307,0.742135121196493,0.8880615840398096,True
2021,Singapore Management University,School of Law (4-year programme) *,Law (Cum Laude and above) #,100.0,98.8,5613.0,5600.0,5754.0,5800.0,5025.0,6000.0,False,False,975.0,-46.0,1.2000000000000028,0.16761217122227953,0.8323878287777204,1.0,0.9859976662777129,0.7692307692307693,0.8323878287777204,0.9129651665076642,True
2021,Singapore University of Social Sciences,S R Nathan School of Human Development,Bachelor of Early Childhood Education,93.0,88.4,2949.0,3000.0,2963.0,3000.0,2800.0,3100.0,False,False,300.0,-37.0,4.599999999999994,0.05157297576070139,0.9484270242392986,0.84375,0.8646441073512253,0.23076923076923078,0.9484270242392986,0.7124745935335701,True
2021,Singapore University of Social Sciences,S R Nathan School of Human Development,Bachelor of Human Resource Management,95.6,80.9,3249.0,3200.0,3412.0,3200.0,3000.0,3500.0,False,False,500.0,212.0,14.699999999999989,0.08595495960116899,0.914045040398831,0.9017857142857142,0.7771295215869313,0.2692307692307692,0.914045040398831,0.7080890191293105,True
2021,Singapore University of Social Sciences,S R Nathan School of Human Development,Bachelor of Social Work,94.7,86.8,3432.0,3530.0,3461.0,3530.0,3400.0,3580.0,False,False,180.0,-69.0,7.900000000000006,0.030943785456420837,0.9690562145435792,0.8816964285714286,0.8459743290548425,0.3326923076923077,0.9690562145435792,0.7468327363924951,True
2021,Singapore University of Social Sciences,School of Business,Bachelor of Accountancy,98.6,89.0,3199.0,3200.0,3231.0,3200.0,3000.0,3400.0,False,False,400.0,31.0,9.599999999999994,0.06876396768093519,0.9312360323190648,0.9687499999999999,0.8716452742123687,0.2692307692307692,0.9312360323190648,0.7591116794192626,True
2021,Singapore University of Social Sciences,School of Business,Bachelor of Science in Business Analytics,93.5,83.9,4218.0,3800.0,4372.0,3800.0,3350.0,4900.0,False,False,1550.0,572.0,9.599999999999994,0.2664603747636239,0.7335396252363762,0.8549107142857143,0.8121353558926488,0.38461538461538464,0.7335396252363762,0.7062986109928115,True
2021,Singapore University of Social Sciences,School of Business,Bachelor of Science in Finance,84.4,56.3,3856.0,3500.0,3862.0,3500.0,3300.0,4350.0,False,False,1050.0,362.0,28.10000000000001,0.18050541516245489,0.8194945848375451,0.6517857142857144,0.49008168028004667,0.3269230769230769,0.8194945848375451,0.5472151753261293,True
2021,Singapore University of Social Sciences,School of Business,Bachelor of Science in Marketing,92.4,63.6,3303.0,3200.0,3411.0,3275.0,2820.0,3600.0,False,False,780.0,136.0,28.800000000000004,0.13408973697782361,0.8659102630221764,0.830357142857143,0.5752625437572928,0.28365384615384615,0.8659102630221764,0.6224859069761188,True
2021,Singapore University of Social Sciences,School of Business,Bachelor of Science in Supply Chain Management,97.4,79.5,3245.0,3200.0,3381.0,3300.0,3025.0,3500.0,False,False,475.0,81.0,17.900000000000006,0.08165721162111053,0.9183427883788895,0.9419642857142858,0.7607934655775963,0.28846153846153844,0.9183427883788895,0.7206941282597826,True
2021,Singapore University of Technology and Design,na,Bachelor of Engineering (Computer Science and Design),98.3,96.7,4936.0,4800.0,5030.0,4800.0,4400.0,5414.0,False,False,1014.0,230.0,1.5999999999999943,0.1743166580711707,0.8256833419288293,0.9620535714285714,0.9614935822637106,0.5769230769230769,0.8256833419288293,0.8451474166277781,True
2021,Singapore University of Technology and Design,na,Bachelor of Engineering (Engineering Product Development),89.9,85.5,4047.0,4000.0,4141.0,4000.0,3750.0,4500.0,False,False,750.0,141.0,4.400000000000006,0.12893243940175347,0.8710675605982465,0.7745535714285715,0.8308051341890315,0.4230769230769231,0.8710675605982465,0.7180369765442486,True
2021,Singapore University of Technology and Design,na,Bachelor of Engineering (Engineering Systems and Design),95.5,90.9,4542.0,4500.0,4778.0,4700.0,3900.0,5000.0,False,False,1100.0,78.0,4.599999999999994,0.18910091112257177,0.8108990888774282,0.8995535714285714,0.8938156359393233,0.5576923076923077,0.8108990888774282,0.7990687024650596,True
2021,Singapore University of Technology and Design,na,Bachelor of Science (Architecture and Sustainable Design),96.6,89.7,3800.0,3801.0,3842.0,3875.0,3430.0,4200.0,False,False,770.0,-33.0,6.8999999999999915,0.13237063778580024,0.8676293622141997,0.9241071428571427,0.8798133022170362,0.39903846153846156,0.8676293622141997,0.771080153238999,True
2022,National University of Singapore,Faculty of Arts & Social Sciences,Bachelor of Arts,88.5,76.9,3808.0,3670.0,3928.0,3700.0,3500.0,4000.0,False,False,500.0,228.0,11.599999999999994,0.08595495960116899,0.914045040398831,0.7433035714285714,0.7304550758459744,0.36538461538461536,0.914045040398831,0.6705805040883421,True
2022,National University of Singapore,Faculty of Arts & Social Sciences,Bachelor of Arts (Hons),87.5,74.4,3889.0,3850.0,4034.0,4000.0,3500.0,4390.0,False,False,890.0,34.0,13.099999999999994,0.1529998280900808,0.8470001719099192,0.7209821428571428,0.7012835472578763,0.4230769230769231,0.8470001719099192,0.6594989635902243,True
2022,National University of Singapore,Faculty of Arts & Social Sciences,Bachelor of Social Sciences,92.3,81.1,3935.0,3650.0,4056.0,3795.0,3500.0,4350.0,False,False,850.0,261.0,11.200000000000003,0.14612343132198727,0.8538765686780128,0.8281249999999999,0.7794632438739789,0.3836538461538462,0.8538765686780128,0.7062714200023571,True
2022,National University of Singapore,Faculty of Dentistry,Bachelor of Dental Surgery,100.0,100.0,4331.0,4200.0,4331.0,4200.0,4200.0,4600.0,False,False,400.0,131.0,0.0,0.06876396768093519,0.9312360323190648,1.0,1.0,0.46153846153846156,0.9312360323190648,0.8550700202324751,True
2022,National University of Singapore,Faculty of Law,Bachelor of Laws #,97.3,94.6,5935.0,6000.0,6182.0,6400.0,5500.0,6800.0,False,False,1300.0,-218.0,2.700000000000003,0.22348289496303936,0.7765171050369606,0.9397321428571428,0.9369894982497082,0.8846153846153846,0.7765171050369606,0.9006479042414455,True
2022,National University of Singapore,Faculty of Science,Bachelor of Science ^,85.2,63.0,3630.0,3500.0,3823.0,3600.0,3500.0,4000.0,False,False,500.0,223.0,22.200000000000003,0.08595495960116899,0.914045040398831,0.6696428571428572,0.5682613768961494,0.34615384615384615,0.914045040398831,0.5950164878099882,True
2022,National University of Singapore,Faculty of Science,Bachelor of Science (Hons),90.6,80.1,4040.0,3720.0,4174.0,3850.0,3500.0,4500.0,False,False,1000.0,324.0,10.5,0.17190991920233797,0.828090080797662,0.7901785714285713,0.7677946324387397,0.3942307692307692,0.828090080797662,0.6901631655875349,True
2022,National University of Singapore,Faculty of Science,Bachelor of Science (Computational Biology)**,,,,,,,,,True,True,,,,,,,,,,,False
2022,National University of Singapore,Faculty of Science,Bachelor of Science (Pharmacy) #,98.4,95.1,3829.0,3798.0,4053.0,4000.0,3750.0,4250.0,False,False,500.0,53.0,3.3000000000000114,0.08595495960116899,0.914045040398831,0.9642857142857144,0.9428238039673278,0.4230769230769231,0.914045040398831,0.815008842304968,True
2022,National University of Singapore,Faculty of Science,Bachelor of Science (Pharmaceutical Science) (Hons) ^,94.1,76.5,3769.0,3700.0,3808.0,3700.0,3400.0,4350.0,False,False,950.0,108.0,17.599999999999994,0.16331442324222106,0.836685576757779,0.8683035714285713,0.7257876312718786,0.36538461538461536,0.836685576757779,0.6950763511699556,True
2022,National University of Singapore,Faculty of Science,Bachelor of Science (Data Science and Analytics),96.8,96.8,5562.0,5500.0,5616.0,5500.0,4628.0,6100.0,False,False,1472.0,116.0,0.0,0.2530514010658415,0.7469485989341584,0.9285714285714285,0.9626604434072346,0.7115384615384616,0.7469485989341584,0.857296466818338,True
2022,National University of Singapore,NUS Business School,Bachelor of Business Administration,87.9,78.8,5653.0,5000.0,6026.0,5100.0,4000.0,7000.0,False,False,3000.0,926.0,9.100000000000009,0.5157297576070139,0.4842702423929861,0.7299107142857144,0.7526254375729288,0.6346153846153846,0.4842702423929861,0.6760552280703871,True
2022,National University of Singapore,NUS Business School,Bachelor of Business Administration (Hons),97.1,95.7,5346.0,4600.0,5519.0,4696.0,4000.0,5938.0,False,False,1938.0,823.0,1.3999999999999915,0.333161423414131,0.666838576585869,0.935267857142857,0.9498249708284714,0.556923076923077,0.666838576585869,0.804784404110048,True
2022,National University of Singapore,NUS Business School,Bachelor of Business Administration (Accountancy) ^,93.3,93.3,5494.0,3800.0,5560.0,3800.0,3400.0,5500.0,False,False,2100.0,1760.0,0.0,0.36101083032490977,0.6389891696750902,0.8504464285714285,0.9218203033838973,0.38461538461538464,0.6389891696750902,0.7236822411917074,True
2022,National University of Singapore,NUS Business School,Bachelor of Business Administration (Accountancy) (Hons),99.3,97.9,4619.0,4000.0,4668.0,4000.0,3600.0,5000.0,False,False,1400.0,668.0,1.3999999999999915,0.24067388688327315,0.7593261131167268,0.9843749999999999,0.9754959159859977,0.4230769230769231,0.7593261131167268,0.807629422532539,True
2022,National University of Singapore,NUS Business School,Bachelor of Science (Real Estate),99.0,95.1,3924.0,3800.0,4062.0,3850.0,3600.0,4400.0,False,False,800.0,212.0,3.9000000000000057,0.13752793536187038,0.8624720646381296,0.9776785714285714,0.9428238039673278,0.3942307692307692,0.8624720646381296,0.8040792146221815,True
2022,National University of Singapore,School of Computing,Bachelor of Computing (Computer Science),96.8,96.1,6954.0,6500.0,7121.0,6600.0,5341.0,7583.0,False,False,2242.0,521.0,0.7000000000000028,0.3854220388516417,0.6145779611483583,0.9285714285714285,0.954492415402567,0.9230769230769231,0.6145779611483583,0.8878750781336833,True
2022,National University of Singapore,School of Computing,Bachelor of Computing (Information Security),94.6,91.1,5274.0,5400.0,5660.0,5500.0,4800.0,6475.0,False,False,1675.0,160.0,3.5,0.2879491146639161,0.7120508853360838,0.8794642857142856,0.896149358226371,0.7115384615384616,0.7120508853360838,0.817376341367225,True
2022,National University of Singapore,School of Computing,Bachelor of Computing (Information Systems),95.3,93.0,5551.0,5300.0,5672.0,5500.0,4800.0,6250.0,False,False,1450.0,172.0,2.299999999999997,0.24926938284339006,0.7507306171566099,0.8950892857142857,0.9183197199533255,0.7115384615384616,0.7507306171566099,0.8345169096583902,True
2022,National University of Singapore,School of Computing,Bachelor of Science (Business Analytics),96.2,95.2,5845.0,5500.0,5966.0,5500.0,5000.0,6600.0,False,False,1600.0,466.0,1.0,0.27505587072374077,0.7249441292762593,0.9151785714285715,0.9439906651108518,0.7115384615384616,0.7249441292762593,0.8443770057378813,True
2022,National University of Singapore,College of Design and Engineering,Bachelor of Engineering (Biomedical Engineering),97.2,91.6,4140.0,3800.0,4268.0,4000.0,3500.0,5000.0,False,False,1500.0,268.0,5.6000000000000085,0.25786487880350695,0.742135121196493,0.9375000000000001,0.9019836639439907,0.4230769230769231,0.742135121196493,0.7689345981319018,True
2022,National University of Singapore,College of Design and Engineering,Bachelor of Engineering (Chemical Engineering),96.6,95.5,4487.0,4400.0,4690.0,4675.0,4018.0,5100.0,False,False,1082.0,15.0,1.0999999999999943,0.1860065325769297,0.8139934674230703,0.9241071428571427,0.9474912485414235,0.5528846153846154,0.8139934674230703,0.8217996913791843,True
2022,National University of Singapore,College of Design and Engineering,Bachelor of Engineering (Civil Engineering),93.8,88.9,3979.0,3921.0,4139.0,4000.0,3700.0,4400.0,False,False,700.0,139.0,4.8999999999999915,0.12033694344163658,0.8796630565583634,0.8616071428571428,0.8704784130688449,0.4230769230769231,0.8796630565583634,0.7573443560307815,True
2022,National University of Singapore,College of Design and Engineering,Bachelor of Engineering (Electrical Engineering),92.2,90.7,4730.0,4700.0,4913.0,4800.0,4380.0,5500.0,False,False,1120.0,113.0,1.5,0.19253910950661854,0.8074608904933814,0.8258928571428572,0.8914819136522755,0.5769230769230769,0.8074608904933814,0.7805623340433161,True
2022,National University of Singapore,College of Design and Engineering,Bachelor of Engineering (Engineering Science) ^,100.0,100.0,4622.0,4450.0,4659.0,4450.0,4080.0,5000.0,False,False,920.0,209.0,0.0,0.15815712566615095,0.8418428743338491,1.0,1.0,0.5096153846153846,0.8418428743338491,0.8536802773039235,True
2022,National University of Singapore,College of Design and Engineering,Bachelor of Engineering (Environmental Engineering),87.1,83.9,4252.0,4000.0,4496.0,4200.0,3850.0,5000.0,False,False,1150.0,296.0,3.1999999999999886,0.19769640708268868,0.8023035929173113,0.7120535714285713,0.8121353558926488,0.46153846153846156,0.8023035929173113,0.6929868325185782,True
2022,National University of Singapore,College of Design and Engineering,Bachelor of Engineering (Industrial and Systems Engineering),92.9,92.9,5137.0,5000.0,5281.0,5000.0,4290.0,5650.0,False,False,1360.0,281.0,0.0,0.23379749011517964,0.7662025098848204,0.8415178571428572,0.9171528588098017,0.6153846153846154,0.7662025098848204,0.7963777451146745,True
2022,National University of Singapore,College of Design and Engineering,Bachelor of Engineering (Materials Science and Engineering),92.9,87.1,4384.0,4360.0,4539.0,4500.0,3850.0,5000.0,False,False,1150.0,39.0,5.800000000000011,0.19769640708268868,0.8023035929173113,0.8415178571428572,0.8494749124854142,0.5192307692307693,0.8023035929173113,0.7574510621337704,True
2022,National University of Singapore,College of Design and Engineering,Bachelor of Engineering (Mechanical Engineering),96.2,91.9,4594.0,4400.0,4780.0,4525.0,4000.0,5200.0,False,False,1200.0,255.0,4.299999999999997,0.20629190304280556,0.7937080969571945,0.9151785714285715,0.9054842473745625,0.5240384615384616,0.7937080969571945,0.7962646755691347,True
2022,National University of Singapore,College of Design and Engineering,Bachelor of Arts (Architecture) #,96.0,92.0,4360.0,4300.0,4481.0,4400.0,4000.0,4800.0,False,False,800.0,81.0,4.0,0.13752793536187038,0.8624720646381296,0.9107142857142857,0.9066511085180864,0.5,0.8624720646381296,0.799580427965431,True
2022,National University of Singapore,College of Design and Engineering,Bachelor of Arts (Industrial Design),66.7,43.3,4239.0,4500.0,4270.0,4500.0,3500.0,4500.0,False,False,1000.0,-230.0,23.400000000000006,0.17190991920233797,0.828090080797662,0.2566964285714286,0.3383897316219369,0.5192307692307693,0.828090080797662,0.4325470524853512,True
2022,National University of Singapore,College of Design and Engineering,Bachelor of Science (Project and Facilities Management),98.4,92.0,3612.0,3500.0,3670.0,3555.0,3375.0,3855.0,False,False,480.0,115.0,6.400000000000006,0.08251676121712223,0.9174832387828777,0.9642857142857144,0.9066511085180864,0.3375,0.9174832387828777,0.7832785326585718,True
2022,National University of Singapore,Yong Loo Lin School (Medicine),Bachelor of Medicine and Bachelor of Surgery # **,,,,,,,,,True,True,,,,,,,,,,,False
2022,National University of Singapore,Yong Loo Lin School (Medicine),Bachelor of Science (Nursing),94.8,91.3,3426.0,3350.0,3656.0,3600.0,3500.0,3825.0,False,False,325.0,56.0,3.5,0.05587072374075984,0.9441292762592401,0.8839285714285714,0.8984830805134189,0.34615384615384615,0.9441292762592401,0.7628813485599446,True
2022,National University of Singapore,Yong Loo Lin School (Medicine),Bachelor of Science (Nursing) (Hons),100.0,99.0,3575.0,3550.0,3834.0,3850.0,3650.0,4000.0,False,False,350.0,-16.0,1.0,0.06016847172081829,0.9398315282791817,1.0,0.9883313885647608,0.3942307692307692,0.9398315282791817,0.8360318381189977,True
2022,National University of Singapore,YST Conservatory of Music,Bachelor of Music ^,85.7,28.6,3661.0,3590.0,3661.0,3590.0,3350.0,3973.0,False,False,623.0,71.0,57.1,0.10709987966305656,0.8929001203369434,0.6808035714285715,0.16686114352392065,0.34423076923076923,0.8929001203369434,0.47429212484398153,True
2022,National University of Singapore,Yale-NUS College,Bachelor of Arts with Honours,87.3,80.5,5130.0,4500.0,5418.0,4600.0,3800.0,6000.0,False,False,2200.0,818.0,6.799999999999997,0.37820182224514354,0.6217981777548565,0.7165178571428571,0.7724620770128355,0.5384615384615384,0.6217981777548565,0.6745790915253209,True
2022,National University of Singapore,Yale-NUS College,Bachelor of Science with Honours,96.3,88.9,6764.0,5875.0,6879.0,6038.0,4500.0,9000.0,False,False,4500.0,841.0,7.3999999999999915,0.7735946364105208,0.22640536358947916,0.9174107142857142,0.8704784130688449,0.815,0.22640536358947916,0.7740775427447896,True
2022,National University of Singapore,Multi-Disciplinary Programmes,Bachelor of Engineering (Computer Engineering),94.5,92.7,6183.0,5900.0,6367.0,6000.0,5300.0,6800.0,False,False,1500.0,367.0,1.7999999999999972,0.25786487880350695,0.742135121196493,0.8772321428571429,0.9148191365227538,0.8076923076923077,0.742135121196493,0.8508587289165198,True
2022,National University of Singapore,Multi-Disciplinary Programmes,Bachelor of Environmental Studies,91.9,78.4,3999.0,3800.0,4000.0,3800.0,3500.0,4000.0,False,False,500.0,200.0,13.5,0.08595495960116899,0.914045040398831,0.8191964285714287,0.7479579929988333,0.38461538461538464,0.914045040398831,0.7034069286847493,True
2022,Nanyang Technological University,College of Business (Nanyang Business School),Accountancy,98.3,97.6,3965.0,3600.0,4031.0,3600.0,3600.0,4300.0,False,False,700.0,431.0,0.7000000000000028,0.12033694344163658,0.8796630565583634,0.9620535714285714,0.9719953325554258,0.34615384615384615,0.8796630565583634,0.7987025912174153,True
2022,Nanyang Technological University,College of Business (Nanyang Business School),Accountancy and Business,98.0,96.9,5473.0,4833.0,5580.0,4942.0,4167.0,6230.0,False,False,2063.0,638.0,1.0999999999999943,0.35465016331442323,0.6453498366855768,0.9553571428571429,0.9638273045507585,0.6042307692307692,0.6453498366855768,0.8236155020328991,True
2022,Nanyang Technological University,College of Business (Nanyang Business School),Business,94.5,86.5,4407.0,4000.0,4503.0,4015.0,3600.0,4800.0,False,False,1200.0,488.0,8.0,0.20629190304280556,0.7937080969571945,0.8772321428571429,0.8424737456242707,0.42596153846153845,0.7937080969571945,0.7414583657033879,True
2022,Nanyang Technological University,College of Business (Nanyang Business School),Double Degree in Business and Computer Engineering/Computing,100.0,100.0,6307.0,6000.0,6627.0,6500.0,6000.0,7500.0,False,False,1500.0,127.0,0.0,0.25786487880350695,0.742135121196493,1.0,1.0,0.9038461538461539,0.742135121196493,0.9372818066410123,True
2022,Nanyang Technological University,College of Engineering,Aerospace Engineering,94.0,93.0,4752.0,4800.0,4899.0,5000.0,4160.0,5500.0,False,False,1340.0,-101.0,1.0,0.2303592917311329,0.7696407082688671,0.8660714285714286,0.9183197199533255,0.6153846153846154,0.7696407082688671,0.8046096046439101,True
2022,Nanyang Technological University,College of Engineering,Bioengineering,93.9,90.9,4160.0,4000.0,4419.0,4200.0,3600.0,5250.0,False,False,1650.0,219.0,3.0,0.28365136668385765,0.7163486333161424,0.8638392857142858,0.8938156359393233,0.46153846153846156,0.7163486333161424,0.7501333868781195,True
2022,Nanyang Technological University,College of Engineering,Chemical and Biomolecular Engineering,96.6,93.3,4580.0,4500.0,4733.0,4800.0,4028.0,5100.0,False,False,1072.0,-67.0,3.299999999999997,0.1842874333849063,0.8157125666150937,0.9241071428571427,0.9218203033838973,0.5769230769230769,0.8157125666150937,0.8203658880953453,True
2022,Nanyang Technological University,College of Engineering,Civil Engineering,91.6,88.4,3699.0,3600.0,3788.0,3650.0,3500.0,3975.0,False,False,475.0,138.0,3.1999999999999886,0.08165721162111053,0.9183427883788895,0.8124999999999999,0.8646441073512253,0.3557692307692308,0.9183427883788895,0.7298369581545087,True
2022,Nanyang Technological University,College of Engineering,Computer Engineering,87.0,85.2,5366.0,5285.0,5463.0,5295.0,4500.0,6215.0,False,False,1715.0,168.0,1.7999999999999972,0.29482551143200963,0.7051744885679904,0.7098214285714286,0.8273045507584598,0.6721153846153847,0.7051744885679904,0.7349428132380111,True
2022,Nanyang Technological University,College of Engineering,Computer Science,94.0,91.7,5515.0,5400.0,5699.0,5500.0,4900.0,6420.0,False,False,1520.0,199.0,2.299999999999997,0.26130307718755375,0.7386969228124463,0.8660714285714286,0.9031505250875146,0.7115384615384616,0.7386969228124463,0.8194557399041653,True
2022,Nanyang Technological University,College of Engineering,Data Science and Artificial Intelligence ^,88.2,82.4,6647.0,5625.0,6749.0,5625.0,5000.0,7500.0,False,False,2500.0,1124.0,5.799999999999997,0.42977479800584495,0.570225201994155,0.7366071428571429,0.7946324387397901,0.7355769230769231,0.570225201994155,0.7287998855474339,True
2022,Nanyang Technological University,College of Engineering,Double Degree in Engineering and Economics ^,100.0,100.0,5150.0,5000.0,5344.0,5000.0,4700.0,5815.0,False,False,1115.0,344.0,0.0,0.19167955991060684,0.8083204400893932,1.0,1.0,0.6153846153846154,0.8083204400893932,0.8750942198595628,True
2022,Nanyang Technological University,College of Engineering,Electrical and Electronic Engineering,92.4,90.2,4595.0,4500.0,4723.0,4558.0,4100.0,5000.0,False,False,900.0,165.0,2.200000000000003,0.15471892728210418,0.8452810727178959,0.830357142857143,0.8856476079346558,0.5303846153846153,0.8452810727178959,0.7741897399913779,True
2022,Nanyang Technological University,College of Engineering,Environmental Engineering,93.5,90.3,3988.0,3800.0,4139.0,3900.0,3700.0,4500.0,False,False,800.0,239.0,3.200000000000003,0.13752793536187038,0.8624720646381296,0.8549107142857143,0.8868144690781796,0.40384615384615385,0.8624720646381296,0.7528499031664261,True
2022,Nanyang Technological University,College of Engineering,Information Engineering and Media,95.3,93.8,5080.0,4950.0,5187.0,4950.0,4500.0,5500.0,False,False,1000.0,237.0,1.5,0.17190991920233797,0.828090080797662,0.8950892857142857,0.9276546091015169,0.6057692307692307,0.828090080797662,0.8224789882566976,True
2022,Nanyang Technological University,College of Engineering,Maritime Studies,96.7,95.1,3842.0,3740.0,3860.0,3740.0,3500.0,4060.0,False,False,560.0,120.0,1.6000000000000085,0.09626955475330927,0.9037304452466908,0.9263392857142858,0.9428238039673278,0.3730769230769231,0.9037304452466908,0.7895777244607185,True
2022,Nanyang Technological University,College of Engineering,Materials Engineering,94.9,92.6,4300.0,4300.0,4522.0,4500.0,3800.0,5000.0,False,False,1200.0,22.0,2.3000000000000114,0.20629190304280556,0.7937080969571945,0.8861607142857144,0.9136522753792298,0.5192307692307693,0.7937080969571945,0.7888078037507547,True
2022,Nanyang Technological University,College of Engineering,Mechanical Engineering,95.0,91.3,4381.0,4200.0,4537.0,4500.0,3944.0,5000.0,False,False,1056.0,37.0,3.700000000000003,0.1815368746776689,0.8184631253223311,0.8883928571428571,0.8984830805134189,0.5192307692307693,0.8184631253223311,0.7886399424029247,True
2022,Nanyang Technological University,"College of Humanities, Arts & Social Sciences","Art, Design and Media",89.5,63.2,3303.0,3200.0,3372.0,3200.0,3000.0,3600.0,False,False,600.0,172.0,26.299999999999997,0.10314595152140278,0.8968540484785972,0.765625,0.5705950991831973,0.2692307692307692,0.8968540484785972,0.602701829334441,True
2022,Nanyang Technological University,"College of Humanities, Arts & Social Sciences",Chinese,91.8,70.5,3408.0,3300.0,3566.0,3600.0,3060.0,4015.0,False,False,955.0,-34.0,21.299999999999997,0.16417397283823276,0.8358260271617672,0.8169642857142856,0.6557759626604435,0.34615384615384615,0.8358260271617672,0.6537344401251454,True
2022,Nanyang Technological University,"College of Humanities, Arts & Social Sciences",Communication Studies,94.2,79.7,3674.0,3500.0,3739.0,3500.0,3200.0,4200.0,False,False,1000.0,239.0,14.5,0.17190991920233797,0.828090080797662,0.8705357142857143,0.7631271878646442,0.3269230769230769,0.828090080797662,0.696043151995526,True
2022,Nanyang Technological University,"College of Humanities, Arts & Social Sciences",Economics,88.7,81.7,4187.0,4000.0,4270.0,4000.0,3600.0,4550.0,False,False,950.0,270.0,7.0,0.16331442324222106,0.836685576757779,0.7477678571428572,0.7864644107351225,0.4230769230769231,0.836685576757779,0.6915417476462915,True
2022,Nanyang Technological University,"College of Humanities, Arts & Social Sciences",English,94.9,77.2,3574.0,3500.0,3699.0,3748.0,3200.0,4200.0,False,False,1000.0,-49.0,17.700000000000003,0.17190991920233797,0.828090080797662,0.8861607142857144,0.7339556592765462,0.37461538461538463,0.828090080797662,0.7039022703421736,True
2022,Nanyang Technological University,"College of Humanities, Arts & Social Sciences",History,86.5,80.8,3819.0,3800.0,3966.0,4000.0,3500.0,4250.0,False,False,750.0,-34.0,5.700000000000003,0.12893243940175347,0.8710675605982465,0.6986607142857143,0.7759626604434072,0.4230769230769231,0.8710675605982465,0.6788163772777042,True
2022,Nanyang Technological University,"College of Humanities, Arts & Social Sciences",Inter-Disciplinary Double Major8,87.9,66.7,4135.0,4200.0,4258.0,4271.0,3650.0,4750.0,False,False,1100.0,-13.0,21.200000000000003,0.18910091112257177,0.8108990888774282,0.7299107142857144,0.6114352392065344,0.4751923076923077,0.8108990888774282,0.6428367263023658,True
2022,Nanyang Technological University,"College of Humanities, Arts & Social Sciences",Linguistics and Multilingual Studies,94.1,72.5,3452.0,3400.0,3513.0,3500.0,3150.0,3810.0,False,False,660.0,13.0,21.599999999999994,0.11346054667354306,0.8865394533264569,0.8683035714285713,0.6791131855309218,0.3269230769230769,0.8865394533264569,0.6789367143175856,True
2022,Nanyang Technological University,"College of Humanities, Arts & Social Sciences",Philosophy ^,78.3,69.6,3476.0,3300.0,3515.0,3450.0,3000.0,3700.0,False,False,700.0,65.0,8.700000000000003,0.12033694344163658,0.8796630565583634,0.5156249999999999,0.6452742123687281,0.3173076923076923,0.8796630565583634,0.559546145271296,True
2022,Nanyang Technological University,"College of Humanities, Arts & Social Sciences",Psychology,79.8,69.7,3688.0,3635.0,3743.0,3668.0,3300.0,4015.0,False,False,715.0,75.0,10.099999999999994,0.12291559222967165,0.8770844077703284,0.5491071428571428,0.6464410735122521,0.35923076923076924,0.8770844077703284,0.58003481838406,True
2022,Nanyang Technological University,"College of Humanities, Arts & Social Sciences",Public Policy and Global Affairs,97.9,95.7,4122.0,4088.0,4167.0,4123.0,3650.0,4500.0,False,False,850.0,44.0,2.200000000000003,0.14612343132198727,0.8538765686780128,0.9531250000000001,0.9498249708284714,0.4467307692307692,0.8538765686780128,0.8106491688579357,True
2022,Nanyang Technological University,"College of Humanities, Arts & Social Sciences",Sociology,92.9,87.1,3816.0,3789.0,3904.0,3800.0,3450.0,4200.0,False,False,750.0,104.0,5.800000000000011,0.12893243940175347,0.8710675605982465,0.8415178571428572,0.8494749124854142,0.38461538461538464,0.8710675605982465,0.7341118111320646,True
2022,Nanyang Technological University,College of Science,Biological and Biomedical Sciences,93.9,83.2,3688.0,3600.0,3808.0,3600.0,3400.0,4100.0,False,False,700.0,208.0,10.700000000000003,0.12033694344163658,0.8796630565583634,0.8638392857142858,0.8039673278879814,0.34615384615384615,0.8796630565583634,0.7188299041028962,True
2022,Nanyang Technological University,College of Science,Biological Sciences and Psychology ^,71.4,50.0,4057.0,3800.0,4264.0,4050.0,3700.0,4300.0,False,False,600.0,214.0,21.400000000000006,0.10314595152140278,0.8968540484785972,0.36160714285714296,0.4165694282380397,0.4326923076923077,0.8968540484785972,0.47615415552342133,True
2022,Nanyang Technological University,College of Science,Biomedical Sciences and Chinese Medicine # ^,100.0,90.0,3300.0,3100.0,3415.0,3175.0,3080.0,3300.0,False,False,220.0,240.0,10.0,0.03782018222451435,0.9621798177754857,1.0,0.8833138856476079,0.2644230769230769,0.9621798177754857,0.7754269075913744,True
2022,Nanyang Technological University,College of Science,Chemistry and Biological Chemistry,90.8,84.0,3759.0,3600.0,3863.0,3700.0,3400.0,4200.0,False,False,800.0,163.0,6.799999999999997,0.13752793536187038,0.8624720646381296,0.7946428571428571,0.8133022170361727,0.36538461538461536,0.8624720646381296,0.7031004857955823,True
2022,Nanyang Technological University,College of Science,Environmental Earth Systems Sciences ^,100.0,88.0,4406.0,4008.0,4545.0,4023.0,3600.0,4959.0,False,False,1359.0,522.0,12.0,0.23362558019597732,0.7663744198040227,1.0,0.8599766627771295,0.4275,0.7663744198040227,0.7798241618037421,True
2022,Nanyang Technological University,College of Science,Mathematical Sciences / Mathematical Sciences and Economics,86.5,79.4,4352.0,4250.0,4436.0,4300.0,3799.0,4800.0,False,False,1001.0,136.0,7.099999999999994,0.17208182912154033,0.8279181708784596,0.6986607142857143,0.7596266044340724,0.4807692307692308,0.8279181708784596,0.6818662289400126,True
2022,Nanyang Technological University,College of Science,Physics and Applied Physics,91.5,84.7,3917.0,4000.0,4067.0,4000.0,3683.0,4575.0,False,False,892.0,67.0,6.799999999999997,0.15334364792848548,0.8466563520715145,0.8102678571428571,0.8214702450408402,0.4230769230769231,0.8466563520715145,0.7222891142350671,True
2022,Nanyang Technological University,National Institute of Education (NIE),Arts (with Education),100.0,100.0,3684.0,4000.0,4025.0,4129.0,3750.0,4300.0,False,False,550.0,-104.0,0.0,0.09455045556128588,0.9054495444387141,1.0,1.0,0.4478846153846154,0.9054495444387141,0.8477885855119609,True
2022,Nanyang Technological University,National Institute of Education (NIE),Science (with Education) ^,100.0,100.0,4106.0,4275.0,4211.0,4300.0,4000.0,4470.0,False,False,470.0,-89.0,0.0,0.08079766202509885,0.9192023379749011,1.0,1.0,0.4807692307692308,0.9192023379749011,0.8580726583885429,True
2022,Nanyang Technological University,National Institute of Education (NIE),Sports Science and Management,100.0,74.4,3657.0,3350.0,3762.0,3350.0,3200.0,4266.0,False,False,1066.0,412.0,25.599999999999994,0.18325597386969228,0.8167440261303077,1.0,0.7012835472578763,0.2980769230769231,0.8167440261303077,0.7074158988661398,True
2022,Nanyang Technological University,Lee Kong Chian School of Medicine,Medicine #,100.0,100.0,4779.0,4700.0,5532.0,5600.0,5199.0,6000.0,False,False,801.0,-68.0,0.0,0.1376998452810727,0.8623001547189273,1.0,1.0,0.7307692307692307,0.8623001547189273,0.9120373309001468,True
2022,Singapore Management University,School of Accountancy (4-year programme) *,Accountancy,98.1,96.1,4432.0,3800.0,4497.0,3825.0,3600.0,4600.0,False,False,1000.0,672.0,2.0,0.17190991920233797,0.828090080797662,0.9575892857142856,0.954492415402567,0.3894230769230769,0.828090080797662,0.7951937916854742,True
2022,Singapore Management University,School of Accountancy (4-year programme) *,Accountancy (Cum Laude and above),100.0,98.0,5040.0,4000.0,5097.0,4025.0,3600.0,5500.0,False,False,1900.0,1072.0,2.0,0.3266288464844421,0.6733711535155579,1.0,0.9766627771295215,0.42788461538461536,0.6733711535155579,0.800975660012344,True
2022,Singapore Management University,School of Business (4-year programme) *,Business Management,94.3,86.5,4744.0,4208.0,4937.0,4400.0,3700.0,5200.0,False,False,1500.0,537.0,7.799999999999997,0.25786487880350695,0.742135121196493,0.8727678571428571,0.8424737456242707,0.5,0.742135121196493,0.7508927490096123,True
2022,Singapore Management University,School of Business (4-year programme) *,Business Management (Cum Laude and above),97.4,93.1,5409.0,4600.0,5630.0,4800.0,4050.0,6084.0,False,False,2034.0,830.0,4.300000000000011,0.34966477565755544,0.6503352243424445,0.9419642857142858,0.9194865810968494,0.5769230769230769,0.6503352243424445,0.8002163129254765,True
2022,Singapore Management University,School of Economics (4-year programme) *,Economics,97.2,89.9,4665.0,4500.0,4824.0,4500.0,4000.0,5200.0,False,False,1200.0,324.0,7.299999999999997,0.20629190304280556,0.7937080969571945,0.9375000000000001,0.8821470245040841,0.5192307692307693,0.7937080969571945,0.7947580142024967,True
2022,Singapore Management University,School of Economics (4-year programme) *,Economics (Cum Laude and above),100.0,98.6,5021.0,4500.0,5169.0,4500.0,4091.0,5700.0,False,False,1609.0,669.0,1.4000000000000057,0.2766030599965618,0.7233969400034381,1.0,0.983663943990665,0.5192307692307693,0.7233969400034381,0.8334164165054074,True
2022,Singapore Management University,School of Information Systems (4-year programme) *,Information Systems,95.1,93.4,5333.0,5235.0,5472.0,5400.0,4700.0,6166.0,False,False,1466.0,72.0,1.6999999999999886,0.25201994155062746,0.7479800584493725,0.8906249999999999,0.9229871645274214,0.6923076923076923,0.7479800584493725,0.8293575812025554,True
2022,Singapore Management University,School of Information Systems (4-year programme) *,Information Systems (Cum Laude and above),96.0,94.4,5702.0,5500.0,5799.0,5638.0,4900.0,6500.0,False,False,1600.0,161.0,1.5999999999999943,0.27505587072374077,0.7249441292762593,0.9107142857142857,0.9346557759626605,0.7380769230769231,0.7249441292762593,0.8468718686637534,True
2022,Singapore Management University,School of Social Sciences (4-year programme) *,Social Sciences,91.4,83.3,4076.0,3843.0,4265.0,4000.0,3500.0,4600.0,False,False,1100.0,265.0,8.100000000000009,0.18910091112257177,0.8108990888774282,0.8080357142857144,0.8051341890315052,0.4230769230769231,0.8108990888774282,0.7113550650960109,True
2022,Singapore Management University,School of Social Sciences (4-year programme) *,Social Sciences (Cum Laude and above),94.3,88.6,4351.0,4008.0,4576.0,4316.0,3795.0,4900.0,False,False,1105.0,260.0,5.700000000000003,0.18996046071858347,0.8100395392814166,0.8727678571428571,0.866977829638273,0.48384615384615387,0.8100395392814166,0.76439117538809,True
2022,Singapore Management University,School of Law (4-year programme) *,Law #,94.1,91.1,6063.0,6000.0,6221.0,6375.0,5500.0,6800.0,False,False,1300.0,-154.0,3.0,0.22348289496303936,0.7765171050369606,0.8683035714285713,0.896149358226371,0.8798076923076923,0.7765171050369606,0.8657653677289499,True
2022,Singapore Management University,School of Law (4-year programme) *,Law (Cum Laude and above) #,92.4,92.4,6226.0,6338.0,6429.0,6400.0,6000.0,7000.0,False,False,1000.0,29.0,0.0,0.17190991920233797,0.828090080797662,0.830357142857143,0.9113185530921821,0.8846153846153846,0.828090080797662,0.867870067058293,True
2022,Singapore University of Technology and Design,na,Bachelor of Engineering (Computer Science and Design),91.2,86.8,5539.0,5000.0,5725.0,5190.0,4600.0,6600.0,False,False,2000.0,535.0,4.400000000000006,0.34381983840467595,0.656180161595324,0.8035714285714286,0.8459743290548425,0.6519230769230769,0.656180161595324,0.7562715207579491,True
2022,Singapore University of Technology and Design,na,Bachelor of Engineering (Engineering Product Development),94.9,92.3,4266.0,4150.0,4408.0,4200.0,3900.0,5000.0,False,False,1100.0,208.0,2.6000000000000085,0.18910091112257177,0.8108990888774282,0.8861607142857144,0.9101516919486581,0.46153846153846156,0.8108990888774282,0.7759132005865413,True
2022,Singapore University of Technology and Design,na,Bachelor of Engineering (Engineering Systems and Design),89.5,86.0,4929.0,4500.0,5046.0,4500.0,4000.0,5300.0,False,False,1300.0,546.0,3.5,0.22348289496303936,0.7765171050369606,0.765625,0.8366394399066511,0.5192307692307693,0.7765171050369606,0.7269645900352317,True
2022,Singapore University of Technology and Design,na,Bachelor of Science (Architecture and Sustainable Design) ###,90.6,84.9,4281.0,4100.0,4335.0,4100.0,3900.0,4500.0,False,False,600.0,235.0,5.699999999999989,0.10314595152140278,0.8968540484785972,0.7901785714285713,0.8238039673278881,0.4423076923076923,0.8968540484785972,0.7292997919756504,True
2022,Singapore University of Social Sciences,S R Nathan School of Human Development,Bachelor of Early Childhood Education,88.1,79.7,3090.0,3100.0,3188.0,3200.0,3000.0,3338.0,False,False,338.0,-12.0,8.399999999999991,0.058105552690390236,0.9418944473096098,0.7343749999999999,0.7631271878646442,0.2692307692307692,0.9418944473096098,0.6578425157635269,True
2022,Singapore University of Social Sciences,S R Nathan School of Human Development,Bachelor of Human Resource Management,93.8,75.0,3749.0,3525.0,3874.0,3588.0,3250.0,4000.0,False,False,750.0,286.0,18.799999999999997,0.12893243940175347,0.8710675605982465,0.8616071428571428,0.7082847141190198,0.34384615384615386,0.8710675605982465,0.6875892296441242,True
2022,Singapore University of Social Sciences,S R Nathan School of Human Development,Bachelor of Social Work,91.9,80.6,3529.0,3640.0,3536.0,3640.0,3500.0,3640.0,False,False,140.0,-104.0,11.300000000000011,0.024067388688327317,0.9759326113116726,0.8191964285714287,0.7736289381563594,0.35384615384615387,0.9759326113116726,0.7126990401766258,True
2022,Singapore University of Social Sciences,School of Business,Bachelor of Accountancy,96.4,94.6,3576.0,3600.0,3635.0,3600.0,3500.0,3663.0,False,False,163.0,35.0,1.8000000000000114,0.02802131682998109,0.9719786831700189,0.9196428571428573,0.9369894982497082,0.34615384615384615,0.9719786831700189,0.789324970631734,True
2022,Singapore University of Social Sciences,School of Business,Bachelor of Science in Business Analytics,93.0,86.0,4432.0,4500.0,4540.0,4660.0,4000.0,5000.0,False,False,1000.0,-120.0,7.0,0.17190991920233797,0.828090080797662,0.84375,0.8366394399066511,0.55,0.828090080797662,0.7658303440916445,True
2022,Singapore University of Social Sciences,School of Business,Bachelor of Science in Finance,97.2,86.1,4149.0,4000.0,4483.0,4000.0,3800.0,5250.0,False,False,1450.0,483.0,11.100000000000009,0.24926938284339006,0.7507306171566099,0.9375000000000001,0.837806301050175,0.4230769230769231,0.7507306171566099,0.7509707136577747,True
2022,Singapore University of Social Sciences,School of Business,Bachelor of Science in Marketing,87.2,75.6,3664.0,3500.0,3827.0,3600.0,3220.0,4100.0,False,False,880.0,227.0,11.600000000000009,0.1512807288980574,0.8487192711019426,0.7142857142857143,0.7152858809801633,0.34615384615384615,0.8487192711019426,0.6427178307835162,True
2022,Singapore University of Social Sciences,School of Business,Bachelor of Science in Supply Chain Management,98.4,90.6,3629.0,3500.0,3702.0,3500.0,3300.0,3900.0,False,False,600.0,202.0,7.800000000000011,0.10314595152140278,0.8968540484785972,0.9642857142857144,0.8903150525087514,0.3269230769230769,0.8968540484785972,0.7726391065408986,True
2022,Singapore University of Social Sciences,School of Law,Bachelor of Law **,,,,,,,,,True,True,,,,,,,,,,,False
2022,Singapore Institute of Technology,DigiPen Institute of Technology,Bachelor of Arts in Game Design ^,67.9,60.7,3847.0,3500.0,3884.0,3600.0,3400.0,4250.0,False,False,850.0,284.0,7.200000000000003,0.14612343132198727,0.8538765686780128,0.28348214285714296,0.5414235705950993,0.34615384615384615,0.8538765686780128,0.4620916608758361,True
2022,Singapore Institute of Technology,DigiPen Institute of Technology,Bachelor of Fine Arts in Digital Art and Animation,77.1,54.3,3606.0,3500.0,3628.0,3500.0,3000.0,3825.0,False,False,825.0,128.0,22.799999999999997,0.14182568334192883,0.8581743166580712,0.48883928571428553,0.46674445740956827,0.3269230769230769,0.8581743166580712,0.497132039666636,True
2022,Singapore Institute of Technology,DigiPen Institute of Technology,Bachelor of Science in Computer Science and Game Design,90.6,84.4,4593.0,4375.0,4681.0,4490.0,4250.0,5200.0,False,False,950.0,191.0,6.199999999999989,0.16331442324222106,0.836685576757779,0.7901785714285713,0.8179696616102684,0.5173076923076924,0.836685576757779,0.7372742295022419,True
2022,Singapore Institute of Technology,DigiPen Institute of Technology,Bachelor of Science in Computer Science in Real-Time Interactive Simulation,100.0,95.6,5576.0,5500.0,5679.0,5500.0,4700.0,6656.0,False,False,1956.0,179.0,4.400000000000006,0.33625580195977306,0.663744198040227,1.0,0.9486581096849475,0.7115384615384616,0.663744198040227,0.8620436779961336,True
2022,Singapore Institute of Technology,Singapore Institute of Technology (SIT),Bachelor of Accountancy with Honours,91.8,91.8,3812.0,3600.0,3841.0,3600.0,3600.0,4000.0,False,False,400.0,241.0,0.0,0.06876396768093519,0.9312360323190648,0.8169642857142856,0.9043173862310385,0.34615384615384615,0.9312360323190648,0.7426083679699186,True
2022,Singapore Institute of Technology,Singapore Institute of Technology (SIT),Bachelor of Engineering with Honours in Information & Communications Technology (Information Security),98.0,96.0,4798.0,4800.0,4927.0,4800.0,4216.0,5563.0,False,False,1347.0,127.0,2.0,0.23156266116554924,0.7684373388344508,0.9553571428571429,0.9533255542590432,0.5769230769230769,0.7684373388344508,0.8321011791907926,True
2022,Singapore Institute of Technology,Singapore Institute of Technology (SIT),Bachelor of Engineering with Honours in Information & Communications Technology (Software Engineering),98.1,98.1,5169.0,5000.0,5313.0,5200.0,4798.0,5900.0,False,False,1102.0,113.0,0.0,0.18944473096097644,0.8105552690390235,0.9575892857142856,0.9778296382730455,0.6538461538461539,0.8105552690390235,0.8656705060135912,True
2022,Singapore Institute of Technology,Singapore Institute of Technology (SIT),Bachelor of Engineering with Honours in Aircraft Systems Engineering,91.2,85.3,4102.0,4400.0,4168.0,4400.0,3000.0,4900.0,False,False,1900.0,-232.0,5.900000000000006,0.3266288464844421,0.6733711535155579,0.8035714285714286,0.8284714119019836,0.5,0.6733711535155579,0.7156185251693573,True
2022,Singapore Institute of Technology,Singapore Institute of Technology (SIT),Bachelor of Engineering with Honours in Pharmaceutical Engineering,96.6,91.5,3791.0,3755.0,4085.0,3955.0,3503.0,4300.0,False,False,797.0,130.0,5.099999999999994,0.13701220560426336,0.8629877943957367,0.9241071428571427,0.9008168028004667,0.41442307692307695,0.8629877943957367,0.7805311220874126,True
2022,Singapore Institute of Technology,Singapore Institute of Technology (SIT),Bachelor of Engineering with Honours in Sustainable Infrastructure Engineering (Building Services),100.0,97.6,3819.0,3725.0,3879.0,3775.0,3585.0,4050.0,False,False,465.0,104.0,2.4000000000000057,0.07993811242908716,0.9200618875709128,1.0,0.9719953325554258,0.3798076923076923,0.9200618875709128,0.8245598059791878,True
2022,Singapore Institute of Technology,Singapore Institute of Technology (SIT),Bachelor of Engineering with Honours in Sustainable Infrastructure Engineering (Land),93.3,93.3,4115.0,3700.0,4303.0,4000.0,3700.0,4800.0,False,False,1100.0,303.0,0.0,0.18910091112257177,0.8108990888774282,0.8504464285714285,0.9218203033838973,0.4230769230769231,0.8108990888774282,0.7590841136874427,True
2022,Singapore Institute of Technology,Singapore Institute of Technology (SIT),Bachelor of Engineering with Honours in Telematics (Intelligent Transportation Systems Engineering),81.4,65.1,4341.0,4500.0,4400.0,4688.0,4033.0,4800.0,False,False,767.0,-288.0,16.30000000000001,0.13185490802819322,0.8681450919718068,0.5848214285714287,0.5927654609101516,0.5553846153846154,0.8681450919718068,0.6223439844863989,True
2022,Singapore Institute of Technology,Singapore Institute of Technology (SIT),Bachelor of Hospitality Business with Honours,95.5,90.0,3237.0,3200.0,3469.0,3300.0,3000.0,3740.0,False,False,740.0,169.0,5.5,0.1272133402097301,0.8727866597902699,0.8995535714285714,0.8833138856476079,0.28846153846153844,0.8727866597902699,0.7378936207067788,True
2022,Singapore Institute of Technology,Singapore Institute of Technology (SIT),Bachelor of Science (Air Transport Management),90.0,80.0,3888.0,3700.0,4159.0,3980.0,3501.0,4365.0,False,False,864.0,179.0,10.0,0.14853017019082002,0.85146982980918,0.7767857142857143,0.7666277712952159,0.41923076923076924,0.85146982980918,0.6955522124533483,True
2022,Singapore Institute of Technology,Singapore Institute of Technology (SIT),Bachelor of Science (Diagnostic Radiography),100.0,100.0,3558.0,3500.0,3836.0,3800.0,3650.0,3990.0,False,False,340.0,36.0,0.0,0.05844937252879491,0.9415506274712051,1.0,1.0,0.38461538461538464,0.9415506274712051,0.8373864402745269,True
2022,Singapore Institute of Technology,Singapore Institute of Technology (SIT),Bachelor of Science (Occupational Therapy),97.1,95.7,3605.0,3600.0,3630.0,3669.0,3500.0,3800.0,False,False,300.0,-39.0,1.3999999999999915,0.05157297576070139,0.9484270242392986,0.935267857142857,0.9498249708284714,0.3594230769230769,0.9484270242392986,0.7976476712580625,True
2022,Singapore Institute of Technology,Singapore Institute of Technology (SIT),Bachelor of Science (Radiation Therapy) ^,90.9,90.9,3615.0,3600.0,3768.0,3775.0,3500.0,4060.0,False,False,560.0,-7.0,0.0,0.09626955475330927,0.9037304452466908,0.7968750000000001,0.8938156359393233,0.3798076923076923,0.9037304452466908,0.7377186806457238,True
2022,Singapore Institute of Technology,SIT- DigiPen Institute of Technology,Bachelor of Engineering with Honours in Systems Engineering (ElectroMechanical Systems),92.7,92.7,4843.0,4800.0,4913.0,4800.0,4574.0,5500.0,False,False,926.0,113.0,0.0,0.15918858518136497,0.840811414818635,0.8370535714285715,0.9148191365227538,0.5769230769230769,0.840811414818635,0.795914293838962,True
2022,Singapore Institute of Technology,SIT- Massey University,Bachelor of Food Technology with Honours,93.2,81.8,3272.0,3300.0,3380.0,3300.0,3050.0,3600.0,False,False,550.0,80.0,11.400000000000006,0.09455045556128588,0.9054495444387141,0.8482142857142858,0.7876312718786465,0.28846153846153844,0.9054495444387141,0.6986864835590714,True
2022,Singapore Institute of Technology,SIT- Newcastle University,Bachelor of Engineering with Honours in Chemical Engineering,79.7,70.3,3936.0,3900.0,4216.0,4100.0,3785.0,4650.0,False,False,865.0,116.0,9.400000000000006,0.14870208011002234,0.8512979198899777,0.546875,0.6534422403733956,0.4423076923076923,0.8512979198899777,0.5983667831724384,True
2022,Singapore Institute of Technology,SIT- Newcastle University,Bachelor of Engineering with Honours in Electrical Power Engineering,86.4,84.7,4104.0,4000.0,4180.0,4100.0,3700.0,4510.0,False,False,810.0,80.0,1.7000000000000028,0.13924703455389376,0.8607529654461062,0.6964285714285715,0.8214702450408402,0.4423076923076923,0.8607529654461062,0.6950595128346625,True
2022,Singapore Institute of Technology,SIT- Newcastle University,Bachelor of Engineering with Honours in Marine Engineering,93.5,93.5,4069.0,3800.0,4211.0,3900.0,3750.0,4400.0,False,False,650.0,311.0,0.0,0.11174144748151968,0.8882585525184803,0.8549107142857143,0.9241540256709452,0.40384615384615385,0.8882585525184803,0.7679197433263083,True
2022,Singapore Institute of Technology,SIT- Newcastle University,Bachelor of Engineering with Honours in Mechanical Design and Manufacturing Engineering,88.5,80.3,4084.0,4000.0,4292.0,4100.0,3710.0,4500.0,False,False,790.0,192.0,8.200000000000003,0.135808836169847,0.8641911638301529,0.7433035714285714,0.7701283547257876,0.4423076923076923,0.8641911638301529,0.6942351754977538,True
2022,Singapore Institute of Technology,SIT- Newcastle University,Bachelor of Engineering with Honours in Naval Architecture ^,100.0,100.0,4390.0,3900.0,4540.0,4000.0,3800.0,5650.0,False,False,1850.0,540.0,0.0,0.31803335052432524,0.6819666494756748,1.0,1.0,0.4230769230769231,0.6819666494756748,0.8080642281905819,True
2022,Singapore Institute of Technology,SIT- Newcastle University,Bachelor of Engineering with Honours in Offshore Engineering ^,90.5,85.7,3556.0,3500.0,3798.0,3675.0,3500.0,3900.0,False,False,400.0,123.0,4.799999999999997,0.06876396768093519,0.9312360323190648,0.7879464285714286,0.8331388564760794,0.3605769230769231,0.9312360323190648,0.7161552211313429,True
2022,Singapore Institute of Technology,SIT-Trinity College Dublin,Bachelor in Science (Physiotherapy),98.1,98.1,3639.0,3630.0,3697.0,3674.0,3500.0,3850.0,False,False,350.0,23.0,0.0,0.06016847172081829,0.9398315282791817,0.9575892857142856,0.9778296382730455,0.36038461538461536,0.9398315282791817,0.8116965602842304,True
2022,Singapore Institute of Technology,SIT-University of Glasgow,Bachelor of Engineering with Honours in Aerospace Engineering,74.3,62.9,4085.0,3750.0,4372.0,4200.0,3500.0,4400.0,False,False,900.0,172.0,11.399999999999999,0.15471892728210418,0.8452810727178959,0.4263392857142856,0.5670945157526254,0.46153846153846156,0.8452810727178959,0.5402069167323731,True
2022,Singapore Institute of Technology,SIT-University of Glasgow,Bachelor of Engineering with Honours in Civil Engineering,90.1,87.3,3932.0,3800.0,4006.0,3800.0,3700.0,4300.0,False,False,600.0,206.0,2.799999999999997,0.10314595152140278,0.8968540484785972,0.779017857142857,0.851808634772462,0.38461538461538464,0.8968540484785972,0.7199299010002314,True
2022,Singapore Institute of Technology,SIT-University of Glasgow,Bachelor of Engineering with Honours in Mechanical Engineering,82.9,77.6,4070.0,3900.0,4236.0,4000.0,3800.0,4500.0,False,False,700.0,236.0,5.300000000000011,0.12033694344163658,0.8796630565583634,0.6183035714285715,0.7386231038506417,0.4230769230769231,0.8796630565583634,0.6447966918367491,True
2022,Singapore Institute of Technology,SIT-University of Glasgow,Bachelor of Science with Honours in Computing Science,91.2,86.8,4980.0,5000.0,5113.0,5000.0,4800.0,5500.0,False,False,700.0,113.0,4.400000000000006,0.12033694344163658,0.8796630565583634,0.8035714285714286,0.8459743290548425,0.6153846153846154,0.8796630565583634,0.7806593396177897,True
2022,Singapore Institute of Technology,SIT-University of Glasgow,Bachelor of Science with Honours in Nursing,98.6,88.4,3511.0,3458.0,3797.0,3800.0,3500.0,4100.0,False,False,600.0,-3.0,10.199999999999989,0.10314595152140278,0.8968540484785972,0.9687499999999999,0.8646441073512253,0.38461538461538464,0.8968540484785972,0.7807001856310032,True
2022,Singapore Institute of Technology,Technische UniversitÃ¤t MÃ¼nchen,Bachelor of Science in Chemical Engineering,94.1,85.3,3704.0,3600.0,4002.0,3950.0,3600.0,4300.0,False,False,700.0,52.0,8.799999999999997,0.12033694344163658,0.8796630565583634,0.8683035714285713,0.8284714119019836,0.41346153846153844,0.8796630565583634,0.7443473380983056,True
2022,Singapore Institute of Technology,Technische UniversitÃ¤t MÃ¼nchen,Bachelor of Science in Electrical Engineering & Information Technology ^,95.0,85.0,4522.0,4200.0,4606.0,4280.0,4000.0,4800.0,False,False,800.0,326.0,10.0,0.13752793536187038,0.8624720646381296,0.8883928571428571,0.8249708284714119,0.47692307692307695,0.8624720646381296,0.7626106846107694,True
2022,Singapore Institute of Technology,The Culinary Institute of America,Bachelor of Business Administration in Food Business Management ^,89.5,78.9,2609.0,2450.0,2969.0,3050.0,2300.0,3500.0,False,False,1200.0,-81.0,10.599999999999994,0.20629190304280556,0.7937080969571945,0.765625,0.7537922987164528,0.2403846153846154,0.7937080969571945,0.6349775580046688,True
2022,Singapore Institute of Technology,University of Liverpool,Bachelor of Arts with Honours in Criminology and Security,90.5,85.7,4278.0,4050.0,4533.0,4561.0,4000.0,5293.0,False,False,1293.0,-28.0,4.799999999999997,0.222279525528623,0.777720474471377,0.7879464285714286,0.8331388564760794,0.5309615384615385,0.777720474471377,0.7357240413003436,True
2023,National University of Singapore,Faculty of Arts & Social Sciences,Bachelor of Arts,80.0,66.0,3942.0,3700.0,4291.0,3745.0,3400.0,5000.0,False,False,1600.0,546.0,14.0,0.27505587072374077,0.7249441292762593,0.5535714285714285,0.603267211201867,0.37403846153846154,0.7249441292762593,0.5493028267080429,True
2023,National University of Singapore,Faculty of Arts & Social Sciences,Bachelor of Arts (Hons),87.0,74.0,3926.0,3930.0,4083.0,4008.0,3500.0,4500.0,False,False,1000.0,75.0,13.0,0.17190991920233797,0.828090080797662,0.7098214285714286,0.6966161026837806,0.4246153846153846,0.828090080797662,0.6522986176500581,True
2023,National University of Singapore,Faculty of Arts & Social Sciences,Bachelor of Social Sciences,89.0,81.0,4173.0,4000.0,4304.0,4015.0,3720.0,4500.0,False,False,780.0,289.0,8.0,0.13408973697782361,0.8659102630221764,0.7544642857142857,0.7782963827304551,0.42596153846153845,0.8659102630221764,0.6962051246021332,True
2023,National University of Singapore,Faculty of Dentistry,Bachelor of Dental Surgery,100.0,100.0,4586.0,4550.0,4589.0,4550.0,4500.0,4950.0,False,False,450.0,39.0,0.0,0.07735946364105209,0.9226405363589479,1.0,1.0,0.5288461538461539,0.9226405363589479,0.8706076189153806,True
2023,National University of Singapore,Faculty of Law,Bachelor of Laws#,97.0,97.0,7051.0,7000.0,7244.0,7000.0,6000.0,7100.0,False,False,1100.0,244.0,0.0,0.18910091112257177,0.8108990888774282,0.9330357142857143,0.9649941656942824,1.0,0.8108990888774282,0.9410438273256132,True
2023,National University of Singapore,Faculty of Science,Bachelor of Science^,88.0,71.0,4492.0,4100.0,4642.0,4250.0,3650.0,4800.0,False,False,1150.0,392.0,17.0,0.19769640708268868,0.8023035929173113,0.7321428571428571,0.661610268378063,0.47115384615384615,0.8023035929173113,0.6562599381323343,True
2023,National University of Singapore,Faculty of Science,Bachelor of Science (Hons),90.0,82.0,4180.0,3985.0,4290.0,4000.0,3600.0,4500.0,False,False,900.0,290.0,8.0,0.15471892728210418,0.8452810727178959,0.7767857142857143,0.7899649941656943,0.4230769230769231,0.8452810727178959,0.7025866042123378,True
2023,National University of Singapore,Faculty of Science,Bachelor of Science (Computational Biology)**,,,,,,,,,True,True,,,,,,,,,,,False
2023,National University of Singapore,Faculty of Science,Bachelor of Science (Pharmacy)#**,,,,,,,,,True,True,,,,,,,,,,,False
2023,National University of Singapore,Faculty of Science,Bachelor of Science (Pharmaceutical Science) (Hons),97.0,93.0,3892.0,3700.0,3999.0,3900.0,3625.0,4200.0,False,False,575.0,99.0,4.0,0.09884820354134434,0.9011517964586556,0.9330357142857143,0.9183197199533255,0.40384615384615385,0.9011517964586556,0.7915409382020487,True
2023,National University of Singapore,Faculty of Science,Bachelor of Science (Data Science and Analytics),83.0,80.0,4999.0,5000.0,5166.0,5000.0,4500.0,5500.0,False,False,1000.0,166.0,3.0,0.17190991920233797,0.828090080797662,0.6205357142857143,0.7666277712952159,0.6153846153846154,0.828090080797662,0.6942087116400821,True
2023,National University of Singapore,NUS Business School,Bachelor of Business Administration,88.0,78.0,5707.0,5000.0,6002.0,5167.0,4077.0,7500.0,False,False,3423.0,835.0,10.0,0.5884476534296029,0.4115523465703971,0.7321428571428571,0.7432905484247375,0.6475,0.4115523465703971,0.6662378736558379,True
2023,National University of Singapore,NUS Business School,Bachelor of Business Administration (Hons),95.0,91.0,5256.0,4600.0,5413.0,4800.0,4000.0,5800.0,False,False,1800.0,613.0,4.0,0.30943785456420836,0.6905621454357916,0.8883928571428571,0.8949824970828472,0.5769230769230769,0.6905621454357916,0.7828276973138493,True
2023,National University of Singapore,NUS Business School,Bachelor of Business Administration (Accountancy)^,92.0,77.0,3813.0,3600.0,4199.0,3600.0,3520.0,3820.0,False,False,300.0,599.0,15.0,0.05157297576070139,0.9484270242392986,0.8214285714285714,0.7316219369894983,0.34615384615384615,0.9484270242392986,0.6947176676997773,True
2023,National University of Singapore,NUS Business School,Bachelor of Business Administration (Accountancy) (Hons),97.0,94.0,4769.0,4000.0,4850.0,4200.0,3600.0,5450.0,False,False,1850.0,650.0,3.0,0.31803335052432524,0.6819666494756748,0.9330357142857143,0.9299883313885647,0.46153846153846156,0.6819666494756748,0.7765868265082503,True
2023,National University of Singapore,NUS Business School,Bachelor of Science (Real Estate),92.0,87.0,4097.0,4000.0,4239.0,4000.0,3800.0,4500.0,False,False,700.0,239.0,5.0,0.12033694344163658,0.8796630565583634,0.8214285714285714,0.8483080513418904,0.4230769230769231,0.8796630565583634,0.7386396760841237,True
2023,National University of Singapore,School of Computing,Bachelor of Computing (Computer Science),92.0,92.0,6673.0,6181.0,6877.0,6333.0,5500.0,7700.0,False,False,2200.0,544.0,0.0,0.37820182224514354,0.6217981777548565,0.8214285714285714,0.9066511085180864,0.8717307692307692,0.6217981777548565,0.8296263229549181,True
2023,National University of Singapore,School of Computing,Bachelor of Computing (Information Security),90.0,90.0,5433.0,5451.0,5707.0,5500.0,5000.0,6210.0,False,False,1210.0,207.0,0.0,0.20801100223482896,0.7919889977651711,0.7767857142857143,0.8833138856476079,0.7115384615384616,0.7919889977651711,0.7947128450293877,True
2023,National University of Singapore,School of Computing,Bachelor of Computing (Information Systems),91.0,91.0,5707.0,5500.0,5937.0,5500.0,5000.0,6000.0,False,False,1000.0,437.0,0.0,0.17190991920233797,0.828090080797662,0.7991071428571428,0.8949824970828472,0.7115384615384616,0.828090080797662,0.8103250194862617,True
2023,National University of Singapore,School of Computing,Bachelor of Science (Business Analytics),94.0,93.0,5895.0,5500.0,6030.0,5500.0,5000.0,6600.0,False,False,1600.0,530.0,1.0,0.27505587072374077,0.7249441292762593,0.8660714285714286,0.9183197199533255,0.7115384615384616,0.7249441292762593,0.8219435793334805,True
2023,National University of Singapore,College of Design and Engineering,Bachelor of Engineering (Biomedical Engineering),88.0,81.0,4123.0,4000.0,4243.0,4100.0,3740.0,4600.0,False,False,860.0,143.0,7.0,0.14784253051401067,0.8521574694859894,0.7321428571428571,0.7782963827304551,0.4423076923076923,0.8521574694859894,0.6915323154618152,True
2023,National University of Singapore,College of Design and Engineering,Bachelor of Engineering (Chemical Engineering),86.0,81.0,4374.0,4200.0,4602.0,4405.0,4000.0,4760.0,False,False,760.0,197.0,5.0,0.13065153859377687,0.8693484614062231,0.6875,0.7782963827304551,0.5009615384615385,0.8693484614062231,0.6953815686454545,True
2023,National University of Singapore,College of Design and Engineering,Bachelor of Engineering (Civil Engineering),94.0,88.0,3966.0,3900.0,4139.0,4000.0,3800.0,4500.0,False,False,700.0,139.0,6.0,0.12033694344163658,0.8796630565583634,0.8660714285714286,0.8599766627771295,0.4230769230769231,0.8796630565583634,0.7555331166575526,True
2023,National University of Singapore,College of Design and Engineering,Bachelor of Engineering (Electrical Engineering),92.0,90.0,4790.0,4675.0,4918.0,4800.0,4340.0,5350.0,False,False,1010.0,118.0,2.0,0.17362901839436135,0.8263709816056386,0.8214285714285714,0.8833138856476079,0.5769230769230769,0.8263709816056386,0.7796091535944689,True
2023,National University of Singapore,College of Design and Engineering,Bachelor of Engineering (Engineering Science),78.0,78.0,4504.0,4200.0,4605.0,4500.0,4000.0,5200.0,False,False,1200.0,105.0,0.0,0.20629190304280556,0.7937080969571945,0.5089285714285714,0.7432905484247375,0.5192307692307693,0.7937080969571945,0.6245296428072642,True
2023,National University of Singapore,College of Design and Engineering,Bachelor of Engineering (Environmental Engineering),77.0,74.0,4199.0,4200.0,4299.0,4243.0,3900.0,4588.0,False,False,688.0,56.0,3.0,0.11827402441120853,0.8817259755887915,0.48660714285714285,0.6966161026837806,0.4698076923076923,0.8817259755887915,0.6046777930775189,True
2023,National University of Singapore,College of Design and Engineering,Bachelor of Engineering (Industrial and Systems Engineering),95.0,95.0,4483.0,4500.0,4744.0,4600.0,4280.0,4990.0,False,False,710.0,144.0,0.0,0.12205604263365996,0.87794395736634,0.8883928571428571,0.941656942823804,0.5384615384615384,0.87794395736634,0.815321918210334,True
2023,National University of Singapore,College of Design and Engineering,Bachelor of Engineering (Materials Science and Engineering),83.0,76.0,4253.0,4200.0,4371.0,4346.0,4000.0,4700.0,False,False,700.0,25.0,7.0,0.12033694344163658,0.8796630565583634,0.6205357142857143,0.7199533255542591,0.4896153846153846,0.8796630565583634,0.6565000165895927,True
2023,National University of Singapore,College of Design and Engineering,Bachelor of Engineering (Mechanical Engineering),89.0,88.0,4578.0,4320.0,4722.0,4490.0,4030.0,5046.0,False,False,1016.0,232.0,1.0,0.1746604779095754,0.8253395220904246,0.7544642857142857,0.8599766627771295,0.5173076923076924,0.8253395220904246,0.7374601359379113,True
2023,National University of Singapore,College of Design and Engineering,Bachelor of Arts (Architecture)#**,,,,,,,,,True,True,,,,,,,,,,,False
2023,National University of Singapore,College of Design and Engineering,Bachelor of Landscape Architecture^,94.0,94.0,3438.0,3450.0,3506.0,3450.0,3350.0,3500.0,False,False,150.0,56.0,0.0,0.025786487880350695,0.9742135121196493,0.8660714285714286,0.9299883313885647,0.3173076923076923,0.9742135121196493,0.7642768778828684,True
2023,National University of Singapore,College of Design and Engineering,Bachelor of Arts (Industrial Design),86.0,71.0,4104.0,4000.0,4139.0,4000.0,3600.0,4500.0,False,False,900.0,139.0,15.0,0.15471892728210418,0.8452810727178959,0.6875,0.661610268378063,0.4230769230769231,0.8452810727178959,0.6372944721903341,True
2023,National University of Singapore,College of Design and Engineering,Bachelor of Science (Project and Facilities Management),87.0,84.0,3907.0,3800.0,4000.0,3855.0,3650.0,4299.0,False,False,649.0,145.0,3.0,0.11156953756231734,0.8884304624376826,0.7098214285714286,0.8133022170361727,0.3951923076923077,0.8884304624376826,0.6889997399710097,True
2023,National University of Singapore,Yong Loo Lin School (Medicine),Bachelor of Medicine and Bachelor of Surgery#**,,,,,,,,,True,True,,,,,,,,,,,False
2023,National University of Singapore,Yong Loo Lin School (Medicine),Bachelor of Science (Nursing),98.0,95.0,3627.0,3550.0,3923.0,3850.0,3500.0,4200.0,False,False,700.0,73.0,3.0,0.12033694344163658,0.8796630565583634,0.9553571428571429,0.941656942823804,0.3942307692307692,0.8796630565583634,0.7996113764957308,True
2023,National University of Singapore,Yong Loo Lin School (Medicine),Bachelor of Science (Nursing) (Hons),98.0,97.0,3690.0,3750.0,3981.0,4000.0,3700.0,4250.0,False,False,550.0,-19.0,1.0,0.09455045556128588,0.9054495444387141,0.9553571428571429,0.9649941656942824,0.4230769230769231,0.9054495444387141,0.8176920550004654,True
2023,National University of Singapore,YST Conservatory of Music,Bachelor of Music,71.0,50.0,3766.0,3800.0,4053.0,4000.0,3400.0,4500.0,False,False,1100.0,53.0,21.0,0.18910091112257177,0.8108990888774282,0.3526785714285714,0.4165694282380397,0.4230769230769231,0.8108990888774282,0.45817849400082833,True
2023,National University of Singapore,Yale-NUS College,Bachelor of Arts with Honours,91.0,85.0,4785.0,4200.0,4908.0,4250.0,3850.0,5500.0,False,False,1650.0,658.0,6.0,0.28365136668385765,0.7163486333161424,0.7991071428571428,0.8249708284714119,0.47115384615384615,0.7163486333161424,0.7124641479344493,True
2023,National University of Singapore,Yale-NUS College,Bachelor of Science with Honours,83.0,83.0,5381.0,4500.0,5490.0,4600.0,4100.0,6372.0,False,False,2272.0,890.0,0.0,0.39057933642771187,0.6094206635722881,0.6205357142857143,0.8016336056009334,0.5384615384615384,0.6094206635722881,0.6526792801172221,True
2023,National University of Singapore,Multi-Disciplinary Programmes,Bachelor of Engineering (Computer Engineering),90.0,86.0,5529.0,5450.0,5737.0,5595.0,4900.0,6355.0,False,False,1455.0,142.0,4.0,0.25012893243940176,0.7498710675605982,0.7767857142857143,0.8366394399066511,0.7298076923076923,0.7498710675605982,0.7789601294687224,True
2023,National University of Singapore,Multi-Disciplinary Programmes,Bachelor of Environmental Studies,97.0,94.0,4002.0,4000.0,4142.0,4000.0,3600.0,4400.0,False,False,800.0,142.0,3.0,0.13752793536187038,0.8624720646381296,0.9330357142857143,0.9299883313885647,0.4230769230769231,0.8624720646381296,0.7940472541672339,True
2023,Nanyang Technological University,College of Business (Nanyang Business School),Accountancy,96.6,95.5,4067.0,3600.0,4119.0,3600.0,3600.0,4000.0,False,False,400.0,519.0,1.0999999999999943,0.06876396768093519,0.9312360323190648,0.9241071428571427,0.9474912485414235,0.34615384615384615,0.9312360323190648,0.7877033838058912,True
2023,Nanyang Technological University,College of Business (Nanyang Business School),Accountancy and Business,97.2,95.4,4957.0,4500.0,5030.0,4650.0,4000.0,5344.0,False,False,1344.0,380.0,1.7999999999999972,0.23104693140794225,0.7689530685920578,0.9375000000000001,0.9463243873978997,0.5480769230769231,0.7689530685920578,0.8175095072774093,True
2023,Nanyang Technological University,College of Business (Nanyang Business School),Business,91.8,85.2,4472.0,4100.0,4609.0,4255.0,3800.0,5000.0,False,False,1200.0,354.0,6.599999999999994,0.20629190304280556,0.7937080969571945,0.8169642857142856,0.8273045507584598,0.4721153846153846,0.7937080969571945,0.7303657116392489,True
2023,Nanyang Technological University,College of Business (Nanyang Business School),Double Degree in Business and Computer Engineering/Computing,94.7,89.5,6616.0,6200.0,6799.0,6210.0,5500.0,7000.0,False,False,1500.0,589.0,5.200000000000003,0.25786487880350695,0.742135121196493,0.8816964285714286,0.8774795799299884,0.8480769230769231,0.742135121196493,0.8510923014991297,True
2023,Nanyang Technological University,College of Engineering,Aerospace Engineering,87.5,83.8,4715.0,4500.0,4845.0,4763.0,4150.0,5700.0,False,False,1550.0,82.0,3.700000000000003,0.2664603747636239,0.7335396252363762,0.7209821428571428,0.8109684947491248,0.5698076923076923,0.7335396252363762,0.7120680581442598,True
2023,Nanyang Technological University,College of Engineering,Bioengineering,86.7,80.0,3945.0,4000.0,4077.0,4043.0,3775.0,4450.0,False,False,675.0,34.0,6.700000000000003,0.11603919546157813,0.8839608045384219,0.703125,0.7666277712952159,0.4313461538461538,0.8839608045384219,0.6813564905308664,True
2023,Nanyang Technological University,College of Engineering,Chemical and Biomolecular Engineering,92.0,87.0,4019.0,4000.0,4299.0,4200.0,3950.0,4550.0,False,False,600.0,99.0,5.0,0.10314595152140278,0.8968540484785972,0.8214285714285714,0.8483080513418904,0.46153846153846156,0.8968540484785972,0.7508337094875435,True
2023,Nanyang Technological University,College of Engineering,Civil Engineering,97.5,95.0,3905.0,3850.0,4012.0,4000.0,3600.0,4232.0,False,False,632.0,12.0,2.5,0.1086470689358776,0.8913529310641224,0.9441964285714286,0.941656942823804,0.4230769230769231,0.8913529310641224,0.8052281818474188,True
2023,Nanyang Technological University,College of Engineering,Computer Engineering,89.3,87.5,5512.0,5400.0,5631.0,5400.0,4700.0,6200.0,False,False,1500.0,231.0,1.7999999999999972,0.25786487880350695,0.742135121196493,0.7611607142857142,0.8541423570595099,0.6923076923076923,0.742135121196493,0.7689881126599641,True
2023,Nanyang Technological University,College of Engineering,Computer Science,88.3,86.5,5334.0,5200.0,5440.0,5200.0,4800.0,6000.0,False,False,1200.0,240.0,1.7999999999999972,0.20629190304280556,0.7937080969571945,0.7388392857142856,0.8424737456242707,0.6538461538461539,0.7937080969571945,0.7569116624066845,True
2023,Nanyang Technological University,College of Engineering,Data Science and Artificial Intelligence,83.3,83.3,5319.0,5250.0,5352.0,5250.0,4600.0,6250.0,False,False,1650.0,102.0,0.0,0.28365136668385765,0.7163486333161424,0.6272321428571428,0.8051341890315052,0.6634615384615384,0.7163486333161424,0.7030275791794004,True
2023,Nanyang Technological University,College of Engineering,Double Degree in Engineering and Economics^,100.0,100.0,5517.0,5285.0,5812.0,5405.0,4900.0,6500.0,False,False,1600.0,407.0,0.0,0.27505587072374077,0.7249441292762593,1.0,1.0,0.6932692307692307,0.7249441292762593,0.8820589270837466,True
2023,Nanyang Technological University,College of Engineering,Electrical and Electronic Engineering,87.1,85.6,4713.0,4650.0,4803.0,4800.0,4200.0,5100.0,False,False,900.0,3.0,1.5,0.15471892728210418,0.8452810727178959,0.7120535714285713,0.8319719953325554,0.5769230769230769,0.8452810727178959,0.7342306001667916,True
2023,Nanyang Technological University,College of Engineering,Environmental Engineering,60.6,54.5,3967.0,3850.0,4099.0,4115.0,3800.0,4337.0,False,False,537.0,-16.0,6.100000000000001,0.09231562661165549,0.9076843733883445,0.12053571428571426,0.46907817969661614,0.44519230769230766,0.9076843733883445,0.4243349011260277,True
2023,Nanyang Technological University,College of Engineering,Information Engineering and Media,75.0,69.1,4761.0,4800.0,4857.0,4800.0,4400.0,5100.0,False,False,700.0,57.0,5.900000000000006,0.12033694344163658,0.8796630565583634,0.4419642857142857,0.6394399066511085,0.5769230769230769,0.8796630565583634,0.6006014854241419,True
2023,Nanyang Technological University,College of Engineering,Maritime Studies,93.8,92.3,4223.0,4200.0,4302.0,4200.0,4000.0,4500.0,False,False,500.0,102.0,1.5,0.08595495960116899,0.914045040398831,0.8616071428571428,0.9101516919486581,0.46153846153846156,0.914045040398831,0.7840190218861802,True
2023,Nanyang Technological University,College of Engineering,Materials Engineering,83.1,77.9,4216.0,4200.0,4351.0,4200.0,3900.0,4645.0,False,False,745.0,151.0,5.199999999999989,0.1280728898057418,0.8719271101942582,0.622767857142857,0.7421236872812136,0.46153846153846156,0.8719271101942582,0.6556411452409753,True
2023,Nanyang Technological University,College of Engineering,Mechanical Engineering,85.0,82.5,4379.0,4250.0,4481.0,4400.0,4000.0,4864.0,False,False,864.0,81.0,2.5,0.14853017019082002,0.85146982980918,0.6651785714285714,0.7957992998833139,0.5,0.85146982980918,0.6910138358649426,True
2023,Nanyang Technological University,"College of Humanities, Arts & Social Sciences","Art, Design and Media",80.6,52.4,3471.0,3498.0,3515.0,3498.0,3000.0,3755.0,False,False,755.0,17.0,28.199999999999996,0.12979198899776517,0.8702080110022348,0.5669642857142856,0.4445740956826137,0.32653846153846156,0.8702080110022348,0.5156273314540203,True
2023,Nanyang Technological University,"College of Humanities, Arts & Social Sciences",Chinese,83.6,70.9,3927.0,4015.0,4007.0,4090.0,3450.0,4530.0,False,False,1080.0,-83.0,12.699999999999989,0.18566271273852503,0.8143372872614749,0.6339285714285713,0.6604434072345392,0.4403846153846154,0.8143372872614749,0.6205583405343083,True
2023,Nanyang Technological University,"College of Humanities, Arts & Social Sciences",Communication Studies,88.7,77.4,3625.0,3600.0,3719.0,3675.0,3350.0,4000.0,False,False,650.0,44.0,11.299999999999997,0.11174144748151968,0.8882585525184803,0.7477678571428572,0.736289381563594,0.3605769230769231,0.8882585525184803,0.6686001852589382,True
2023,Nanyang Technological University,"College of Humanities, Arts & Social Sciences",Economics,80.6,70.9,4411.0,4150.0,4561.0,4314.0,4000.0,4975.0,False,False,975.0,247.0,9.699999999999989,0.16761217122227953,0.8323878287777204,0.5669642857142856,0.6604434072345392,0.48346153846153844,0.8323878287777204,0.6139458668166901,True
2023,Nanyang Technological University,"College of Humanities, Arts & Social Sciences",English,83.3,63.0,3698.0,3500.0,3803.0,3775.0,3300.0,4180.0,False,False,880.0,28.0,20.299999999999997,0.1512807288980574,0.8487192711019426,0.6272321428571428,0.5682613768961494,0.3798076923076923,0.8487192711019426,0.5809078696682021,True
2023,Nanyang Technological University,"College of Humanities, Arts & Social Sciences",History,88.5,73.1,4105.0,4200.0,4233.0,4200.0,3800.0,4500.0,False,False,700.0,33.0,15.400000000000006,0.12033694344163658,0.8796630565583634,0.7433035714285714,0.6861143523920653,0.46153846153846156,0.8796630565583634,0.6761594510145609,True
2023,Nanyang Technological University,"College of Humanities, Arts & Social Sciences",Interdisciplinary Double Major,88.9,85.2,4065.0,4000.0,4085.0,4000.0,3500.0,4300.0,False,False,800.0,85.0,3.700000000000003,0.13752793536187038,0.8624720646381296,0.752232142857143,0.8273045507584598,0.4230769230769231,0.8624720646381296,0.709001048549631,True
2023,Nanyang Technological University,"College of Humanities, Arts & Social Sciences",Linguistics and Multilingual Studies,80.4,56.9,3803.0,3800.0,3899.0,3950.0,3500.0,4238.0,False,False,738.0,-51.0,23.500000000000007,0.12686952037132543,0.8731304796286745,0.5625000000000001,0.4970828471411901,0.41346153846153844,0.8731304796286745,0.5522098107020428,True
2023,Nanyang Technological University,"College of Humanities, Arts & Social Sciences",Philosophy,87.9,78.8,3864.0,3992.0,4056.0,4000.0,3500.0,4550.0,False,False,1050.0,56.0,9.100000000000009,0.18050541516245489,0.8194945848375451,0.7299107142857144,0.7526254375729288,0.4230769230769231,0.8194945848375451,0.6734542640524555,True
2023,Nanyang Technological University,"College of Humanities, Arts & Social Sciences",Psychology,83.2,68.4,3882.0,3800.0,3913.0,4000.0,3550.0,4268.0,False,False,718.0,-87.0,14.799999999999997,0.12343132198727867,0.8765686780127213,0.625,0.6312718786464412,0.4230769230769231,0.8765686780127213,0.6141360960650712,True
2023,Nanyang Technological University,"College of Humanities, Arts & Social Sciences",Public Policy and Global Affairs,85.1,83.0,4317.0,4200.0,4401.0,4202.0,3800.0,5124.0,False,False,1324.0,199.0,2.0999999999999943,0.22760873302389548,0.7723912669761045,0.6674107142857142,0.8016336056009334,0.46192307692307694,0.7723912669761045,0.6720527552431792,True
2023,Nanyang Technological University,"College of Humanities, Arts & Social Sciences",Sociology,86.4,74.1,3849.0,3800.0,3994.0,4008.0,3540.0,4400.0,False,False,860.0,-14.0,12.300000000000011,0.14784253051401067,0.8521574694859894,0.6964285714285715,0.6977829638273045,0.4246153846153846,0.8521574694859894,0.6522409271535073,True
2023,Nanyang Technological University,College of Science,Biological and Biomedical Sciences,88.1,83.9,3963.0,3850.0,4116.0,3980.0,3575.0,4300.0,False,False,725.0,136.0,4.199999999999989,0.12463469142169503,0.875365308578305,0.7343749999999999,0.8121353558926488,0.41923076923076924,0.875365308578305,0.7000655953622327,True
2023,Nanyang Technological University,College of Science,Biomedical Sciences and Chinese Medicine#^,96.3,85.2,3297.0,3350.0,3358.0,3350.0,3200.0,3600.0,False,False,400.0,8.0,11.099999999999994,0.06876396768093519,0.9312360323190648,0.9174107142857142,0.8273045507584598,0.2980769230769231,0.9312360323190648,0.7376192151303426,True
2023,Nanyang Technological University,College of Science,Chemistry and Biological Chemistry,80.4,66.4,3822.0,3725.0,3941.0,3800.0,3500.0,4200.0,False,False,700.0,141.0,14.0,0.12033694344163658,0.8796630565583634,0.5625000000000001,0.6079346557759627,0.38461538461538464,0.8796630565583634,0.5792337013703894,True
2023,Nanyang Technological University,College of Science,Environmental Earth Systems Science,96.3,96.3,4171.0,4038.0,4202.0,4138.0,3750.0,4650.0,False,False,900.0,64.0,0.0,0.15471892728210418,0.8452810727178959,0.9174107142857142,0.9568261376896149,0.44961538461538464,0.8452810727178959,0.8014670626541293,True
2023,Nanyang Technological University,College of Science,Mathematics and Mathematical Sciences,80.2,73.3,4545.0,4200.0,4574.0,4250.0,3800.0,4800.0,False,False,1000.0,324.0,6.900000000000006,0.17190991920233797,0.828090080797662,0.5580357142857143,0.6884480746791132,0.47115384615384615,0.828090080797662,0.615947110347559,True
2023,Nanyang Technological University,College of Science,Physics and Applied Physics,80.9,72.3,3904.0,4000.0,4076.0,4000.0,3905.0,4400.0,False,False,495.0,76.0,8.600000000000009,0.0850954100051573,0.9149045899948427,0.5736607142857144,0.676779463243874,0.4230769230769231,0.9149045899948427,0.6181369725273337,True
2023,Nanyang Technological University,National Institute of Education (NIE),Arts (and Education),100.0,100.0,4023.0,4000.0,4185.0,4200.0,3948.0,4600.0,False,False,652.0,-15.0,0.0,0.11208526731992435,0.8879147326800756,1.0,1.0,0.46153846153846156,0.8879147326800756,0.8485718252866268,True
2023,Nanyang Technological University,National Institute of Education (NIE),Science (and Education)^,100.0,100.0,3907.0,4000.0,4370.0,4300.0,4000.0,4651.0,False,False,651.0,70.0,0.0,0.11191335740072202,0.8880866425992779,1.0,1.0,0.4807692307692308,0.8880866425992779,0.8534053040821994,True
2023,Nanyang Technological University,National Institute of Education (NIE),Sports Science and Management,92.5,71.7,3692.0,3623.0,3837.0,3850.0,3250.0,4319.0,False,False,1069.0,-13.0,20.799999999999997,0.1837717036272993,0.8162282963727007,0.8325892857142857,0.6697782963827305,0.3942307692307692,0.8162282963727007,0.6717022113927023,True
2023,Nanyang Technological University,Lee Kong Chian School of Medicine,Medicine#**,,,,,,,,,True,True,,,,,,,,,,,False
2023,Singapore Management University,School of Accountancy (4-year programme) *,Accountancy,95.5,94.7,4404.0,3800.0,4463.0,3900.0,3600.0,4700.0,False,False,1100.0,563.0,0.7999999999999972,0.18910091112257177,0.8108990888774282,0.8995535714285714,0.9381563593932323,0.40384615384615385,0.8108990888774282,0.7739093810396936,True
2023,Singapore Management University,School of Accountancy (4-year programme) *,Cum Laude and above,96.0,94.9,5017.0,4500.0,5069.0,4500.0,3850.0,5400.0,False,False,1550.0,569.0,1.0999999999999943,0.2664603747636239,0.7335396252363762,0.9107142857142857,0.9404900816802801,0.5192307692307693,0.7335396252363762,0.7951999463115184,True
2023,Singapore Management University,School of Business (4-year programme) *,Business Management,92.4,86.8,4668.0,4200.0,4795.0,4436.0,3800.0,5200.0,False,False,1400.0,359.0,5.6000000000000085,0.24067388688327315,0.7593261131167268,0.830357142857143,0.8459743290548425,0.5069230769230769,0.7593261131167268,0.7435291277718739,True
2023,Singapore Management University,School of Business (4-year programme) *,Cum Laude and above,95.5,92.0,5097.0,4600.0,5244.0,4875.0,4000.0,5500.0,False,False,1500.0,369.0,3.5,0.25786487880350695,0.742135121196493,0.8995535714285714,0.9066511085180864,0.5913461538461539,0.742135121196493,0.8010182106250097,True
2023,Singapore Management University,School of Economics (4-year programme) *,Economics,93.4,91.3,4849.0,4500.0,4937.0,4500.0,4000.0,5254.0,False,False,1254.0,437.0,2.1000000000000085,0.21557503867973182,0.7844249613202682,0.8526785714285715,0.8984830805134189,0.5192307692307693,0.7844249613202682,0.7728199320883297,True
2023,Singapore Management University,School of Economics (4-year programme) *,Cum Laude and above,95.7,95.7,5495.0,4833.0,5565.0,4833.0,4300.0,6000.0,False,False,1700.0,732.0,0.0,0.29224686264397454,0.7077531373560255,0.9040178571428572,0.9498249708284714,0.5832692307692308,0.7077531373560255,0.8081331266871101,True
2023,Singapore Management University,School of Computing & Information Systems (4-year programme) ï¿½ Information Systems *,Information Systems,92.3,88.4,5381.0,5250.0,5530.0,5400.0,4800.0,6250.0,False,False,1450.0,130.0,3.8999999999999915,0.24926938284339006,0.7507306171566099,0.8281249999999999,0.8646441073512253,0.6923076923076923,0.7507306171566099,0.793517247855782,True
2023,Singapore Management University,School of Computing & Information Systems (4-year programme) ï¿½ Information Systems *,Cum Laude and above,95.0,93.5,5710.0,5500.0,5866.0,5625.0,5000.0,6666.0,False,False,1666.0,241.0,1.5,0.28640192539109505,0.713598074608905,0.8883928571428571,0.9241540256709452,0.7355769230769231,0.713598074608905,0.8346980068047072,True
2023,Singapore Management University,School of Computing & Information Systems (4-year programme) ï¿½ Computer Science *,Computer Science,92.7,92.7,5762.0,5513.0,6120.0,5800.0,5100.0,6500.0,False,False,1400.0,320.0,0.0,0.24067388688327315,0.7593261131167268,0.8370535714285715,0.9148191365227538,0.7692307692307693,0.7593261131167268,0.8317684216605988,True
2023,Singapore Management University,School of Computing & Information Systems (4-year programme) ï¿½ Computer Science *,Cum Laude and above,94.1,94.1,6470.0,6250.0,6902.0,6250.0,5500.0,7752.0,False,False,2252.0,652.0,0.0,0.3871411380436651,0.6128588619563349,0.8683035714285713,0.9311551925320887,0.8557692307692307,0.6128588619563349,0.8457087661739559,True
2023,Singapore Management University,School of Social Sciences (4-year programme) *,Social Sciences,87.0,81.5,4185.0,3900.0,4330.0,4000.0,3600.0,4780.0,False,False,1180.0,330.0,5.5,0.20285370465875882,0.7971462953412412,0.7098214285714286,0.7841306884480747,0.4230769230769231,0.7971462953412412,0.6735268101762679,True
2023,Singapore Management University,School of Social Sciences (4-year programme) *,Cum Laude and above,86.8,81.3,4398.0,4150.0,4547.0,4312.0,3700.0,5000.0,False,False,1300.0,235.0,5.5,0.22348289496303936,0.7765171050369606,0.7053571428571428,0.7817969661610268,0.48307692307692307,0.7765171050369606,0.6833930292302257,True
2023,Singapore Management University,School of Law (4-year programme) *,Law#,99.2,99.2,6375.0,6500.0,6509.0,7000.0,5800.0,7000.0,False,False,1200.0,-491.0,0.0,0.20629190304280556,0.7937080969571945,0.9821428571428572,0.9906651108518086,1.0,0.7937080969571945,0.960898604941979,True
2023,Singapore Management University,School of Law (4-year programme) *,Cum Laude and above#,98.9,98.9,6553.0,7000.0,6690.0,7000.0,6200.0,7000.0,False,False,800.0,-310.0,0.0,0.13752793536187038,0.8624720646381296,0.9754464285714287,0.987164527421237,1.0,0.8624720646381296,0.9681540964935191,True
2023,Singapore University of Social Sciences,S R Nathan School of Human Development,Bachelor of Early Childhood Education,83.9,73.2,3270.0,3300.0,3328.0,3400.0,3097.0,3525.0,False,False,428.0,-72.0,10.700000000000003,0.07357744541860066,0.9264225545813993,0.6406250000000001,0.6872812135355894,0.3076923076923077,0.9264225545813993,0.6142583241709636,True
2023,Singapore University of Social Sciences,S R Nathan School of Human Development,Bachelor of Human Resource Management,88.6,75.9,3530.0,3500.0,3650.0,3500.0,3310.0,3904.0,False,False,594.0,150.0,12.699999999999989,0.10211449200618876,0.8978855079938113,0.7455357142857142,0.7187864644107352,0.3269230769230769,0.8978855079938113,0.6557102490387757,True
2023,Singapore University of Social Sciences,S R Nathan School of Human Development,Bachelor of Social Work**,,,,,,,,,True,True,,,,,,,,,,,False
2023,Singapore University of Social Sciences,School of Business,Bachelor of Accountancy,94.1,94.1,3560.0,3600.0,3601.0,3600.0,3500.0,3600.0,False,False,100.0,1.0,0.0,0.017190991920233798,0.9828090080797662,0.8683035714285713,0.9311551925320887,0.34615384615384615,0.9828090080797662,0.7737974419386244,True
2023,Singapore University of Social Sciences,School of Business,Bachelor of Science in Business Analytics,83.3,83.3,4670.0,4500.0,4840.0,4800.0,4300.0,5200.0,False,False,900.0,40.0,0.0,0.15471892728210418,0.8452810727178959,0.6272321428571428,0.8051341890315052,0.5769230769230769,0.8452810727178959,0.700732829705048,True
2023,Singapore University of Social Sciences,School of Business,Bachelor of Science in Finance,86.0,81.4,4674.0,4500.0,4965.0,4500.0,4000.0,5200.0,False,False,1200.0,465.0,4.599999999999994,0.20629190304280556,0.7937080969571945,0.6875,0.7829638273045508,0.5192307692307693,0.7937080969571945,0.6900030550426367,True
2023,Singapore University of Social Sciences,School of Business,Bachelor of Science in Marketing,85.4,67.5,3670.0,3500.0,3896.0,3600.0,3400.0,4040.0,False,False,640.0,296.0,17.900000000000006,0.11002234828949631,0.8899776517105037,0.674107142857143,0.6207701283547258,0.34615384615384615,0.8899776517105037,0.6084982906585977,True
2023,Singapore University of Social Sciences,School of Business,Bachelor of Science in Supply Chain Management,94.2,91.3,3883.0,3900.0,4038.0,4000.0,3600.0,4363.0,False,False,763.0,38.0,2.9000000000000057,0.13116726835138387,0.8688327316486162,0.8705357142857143,0.8984830805134189,0.4230769230769231,0.8688327316486162,0.7667997789562631,True
2023,Singapore University of Social Sciences,School of Humanities and Behavioural Sciences,Bachelor of Public Safety and Security^,100.0,100.0,4383.0,4330.0,4709.0,4691.0,3875.0,5300.0,False,False,1425.0,18.0,0.0,0.24497163486333162,0.7550283651366684,1.0,1.0,0.5559615384615385,0.7550283651366684,0.8522446393858848,True
2023,Singapore University of Social Sciences,School of Law,Bachelor of Law#**,,,,,,,,,True,True,,,,,,,,,,,False
2023,Singapore Institute of Technology,Culinary Institute of America,Bachelor of Business Administration in Food Business Management,90.5,66.7,3078.0,2900.0,3344.0,3100.0,2800.0,4000.0,False,False,1200.0,244.0,23.799999999999997,0.20629190304280556,0.7937080969571945,0.7879464285714286,0.6114352392065344,0.25,0.7937080969571945,0.601370714876968,True
2023,Singapore Institute of Technology,DigiPen Institute of Technology,Bachelor of Arts in Game Design^,86.4,81.8,3718.0,3600.0,3721.0,3600.0,3300.0,4000.0,False,False,700.0,121.0,4.6000000000000085,0.12033694344163658,0.8796630565583634,0.6964285714285715,0.7876312718786465,0.34615384615384615,0.8796630565583634,0.6637058730143814,True
2023,Singapore Institute of Technology,DigiPen Institute of Technology,Bachelor of Fine Arts in Digital Art and Animation,84.0,44.0,3330.0,3200.0,3330.0,3200.0,3000.0,3300.0,False,False,300.0,130.0,40.0,0.05157297576070139,0.9484270242392986,0.6428571428571428,0.3465577596266044,0.2692307692307692,0.9484270242392986,0.5063962166887113,True
2023,Singapore Institute of Technology,DigiPen Institute of Technology,Bachelor of Science in Computer Science and Game Design,88.2,86.3,4890.0,4900.0,4912.0,4900.0,4400.0,5500.0,False,False,1100.0,12.0,1.9000000000000057,0.18910091112257177,0.8108990888774282,0.7366071428571429,0.8401400233372228,0.5961538461538461,0.8108990888774282,0.7436974747283855,True
2023,Singapore Institute of Technology,DigiPen Institute of Technology,Bachelor of Science in Computer Science in Real-Time Interactive Simulation,79.5,79.5,5204.0,5000.0,5260.0,5000.0,4700.0,5700.0,False,False,1000.0,260.0,0.0,0.17190991920233797,0.828090080797662,0.5424107142857143,0.7607934655775963,0.6153846153846154,0.828090080797662,0.6690209199247963,True
2023,Singapore Institute of Technology,Singapore Institute of Technology (SIT),Bachelor of Accountancy with Honours,92.7,87.8,3745.0,3600.0,3797.0,3620.0,3600.0,4000.0,False,False,400.0,177.0,4.900000000000006,0.06876396768093519,0.9312360323190648,0.8370535714285715,0.8576429404900816,0.35,0.9312360323190648,0.7355943584234557,True
2023,Singapore Institute of Technology,Singapore Institute of Technology (SIT),Bachelor of Engineering with Honours in Aircraft Systems Engineering,85.2,66.7,4109.0,4400.0,4117.0,4400.0,3650.0,4800.0,False,False,1150.0,-283.0,18.5,0.19769640708268868,0.8023035929173113,0.6696428571428572,0.6114352392065344,0.5,0.8023035929173113,0.6296689678424141,True
2023,Singapore Institute of Technology,Singapore Institute of Technology (SIT),Bachelor of Engineering with Honours in Information & Communications Technology (Information Security),94.4,93.0,5157.0,5000.0,5392.0,5200.0,4750.0,6050.0,False,False,1300.0,192.0,1.4000000000000057,0.22348289496303936,0.7765171050369606,0.8750000000000001,0.9183197199533255,0.6538461538461539,0.7765171050369606,0.8179350202030802,True
2023,Singapore Institute of Technology,Singapore Institute of Technology (SIT),Bachelor of Engineering with Honours in Information & Communications Technology (Software Engineering),88.7,82.3,5000.0,4900.0,5131.0,5000.0,4800.0,5500.0,False,False,700.0,131.0,6.400000000000006,0.12033694344163658,0.8796630565583634,0.7477678571428572,0.793465577596266,0.6153846153846154,0.8796630565583634,0.7481656427516453,True
2023,Singapore Institute of Technology,Singapore Institute of Technology (SIT),Bachelor of Engineering with Honours in Pharmaceutical Engineering,91.2,87.7,3756.0,3700.0,4208.0,4150.0,3640.0,4700.0,False,False,1060.0,58.0,3.5,0.18222451435447826,0.8177754856455217,0.8035714285714286,0.8564760793465578,0.4519230769230769,0.8177754856455217,0.7336613444529934,True
2023,Singapore Institute of Technology,Singapore Institute of Technology (SIT),Bachelor of Engineering with Honours in Sustainable Infrastructure Engineering (Building Services),92.5,90.0,3727.0,3700.0,3842.0,3800.0,3600.0,4200.0,False,False,600.0,42.0,2.5,0.10314595152140278,0.8968540484785972,0.8325892857142857,0.8833138856476079,0.38461538461538464,0.8968540484785972,0.7454529048342038,True
2023,Singapore Institute of Technology,Singapore Institute of Technology (SIT),Bachelor of Engineering with Honours in Sustainable Infrastructure (Land),88.5,80.8,4007.0,3800.0,4220.0,4200.0,3850.0,4300.0,False,False,450.0,20.0,7.700000000000003,0.07735946364105209,0.9226405363589479,0.7433035714285714,0.7759626604434072,0.46153846153846156,0.9226405363589479,0.7095605654000512,True
2023,Singapore Institute of Technology,Singapore Institute of Technology (SIT),Bachelor of Engineering with Honours in Telematics (Intelligent Transportation Systems Engineering),85.7,81.0,4437.0,4500.0,4642.0,4725.0,4200.0,4900.0,False,False,700.0,-83.0,4.700000000000003,0.12033694344163658,0.8796630565583634,0.6808035714285715,0.7782963827304551,0.5625,0.8796630565583634,0.7103044447314625,True
2023,Singapore Institute of Technology,Singapore Institute of Technology (SIT),Bachelor of Hospitality Business with Honours,93.5,77.8,3405.0,3400.0,3595.0,3500.0,3089.0,3900.0,False,False,811.0,95.0,15.700000000000003,0.1394189444730961,0.8605810555269039,0.8549107142857143,0.7409568261376895,0.3269230769230769,0.8605810555269039,0.689578189686826,True
2023,Singapore Institute of Technology,Singapore Institute of Technology (SIT),Bachelor of Science with Honours in Air Transport Management,85.7,83.7,3675.0,3700.0,3830.0,3720.0,3472.0,4100.0,False,False,628.0,110.0,2.0,0.10795942925906825,0.8920405707409318,0.6808035714285715,0.809801633605601,0.36923076923076925,0.8920405707409318,0.6732953394290839,True
2023,Singapore Institute of Technology,Singapore Institute of Technology (SIT),Bachelor of Science with Honours in Diagnostic Radiography,100.0,100.0,3884.0,3850.0,4126.0,4050.0,3900.0,4300.0,False,False,400.0,76.0,0.0,0.06876396768093519,0.9312360323190648,1.0,1.0,0.4326923076923077,0.9312360323190648,0.8478584817709367,True
2023,Singapore Institute of Technology,Singapore Institute of Technology (SIT),Bachelor of Science with Honours in Dietetics and Nutrition^,100.0,100.0,3629.0,3550.0,3637.0,3575.0,3500.0,3850.0,False,False,350.0,62.0,0.0,0.06016847172081829,0.9398315282791817,1.0,1.0,0.34134615384615385,0.9398315282791817,0.8263112677034157,True
2023,Singapore Institute of Technology,Singapore Institute of Technology (SIT),Bachelor of Science with Honours in Digital Communications and Integrated Media,93.2,61.4,3824.0,3750.0,3912.0,3780.0,3500.0,4126.0,False,False,626.0,132.0,31.800000000000004,0.10761560942066357,0.8923843905793364,0.8482142857142858,0.5495915985997666,0.38076923076923075,0.8923843905793364,0.6483917315734239,True
2023,Singapore Institute of Technology,Singapore Institute of Technology (SIT),Bachelor of Science with Honours in Occupational Therapy,100.0,98.6,3786.0,3800.0,3824.0,3800.0,3700.0,3900.0,False,False,200.0,24.0,1.4000000000000057,0.034381983840467596,0.9656180161595324,1.0,0.983663943990665,0.38461538461538464,0.9656180161595324,0.8360957317749754,True
2023,Singapore Institute of Technology,Singapore Institute of Technology (SIT),Bachelor of Science with Honours in Radiation Therapy^,90.9,90.9,4030.0,3850.0,4030.0,3850.0,3850.0,4235.0,False,False,385.0,180.0,0.0,0.06618531889290012,0.9338146811070999,0.7968750000000001,0.8938156359393233,0.3942307692307692,0.9338146811070999,0.7458370852555543,True
2023,Singapore Institute of Technology,SIT- DigiPen Institute of Technology,Bachelor of Engineering with Honours in Systems Engineering (Electromechanical Systems),89.2,81.1,4743.0,4500.0,4848.0,4705.0,4400.0,5000.0,False,False,600.0,143.0,8.100000000000009,0.10314595152140278,0.8968540484785972,0.7589285714285715,0.7794632438739789,0.5586538461538462,0.8968540484785972,0.7357091134010162,True
2023,Singapore Institute of Technology,SIT- Massey University,Bachelor of Food Technology with Honours,87.5,72.9,3514.0,3500.0,3587.0,3500.0,3200.0,4000.0,False,False,800.0,87.0,14.599999999999994,0.13752793536187038,0.8624720646381296,0.7209821428571428,0.6837806301050176,0.3269230769230769,0.8624720646381296,0.6325304108151368,True
2023,Singapore Institute of Technology,SIT- Newcastle University,Bachelor of Engineering with Honours in Chemical Engineering,75.9,74.1,3930.0,3925.0,4082.0,4000.0,3700.0,4250.0,False,False,550.0,82.0,1.8000000000000114,0.09455045556128588,0.9054495444387141,0.4620535714285715,0.6977829638273045,0.4230769230769231,0.9054495444387141,0.5895376230118007,True
2023,Singapore Institute of Technology,SIT- Newcastle University,Bachelor of Engineering with Honours in Electrical Power Engineering,81.2,76.8,4131.0,3950.0,4229.0,4000.0,3725.0,4500.0,False,False,775.0,229.0,4.400000000000006,0.13323018738181194,0.8667698126181881,0.5803571428571429,0.7292882147024504,0.4230769230769231,0.8667698126181881,0.628678309929837,True
2023,Singapore Institute of Technology,SIT- Newcastle University,Bachelor of Engineering with Honours in Marine Engineering,90.6,90.6,4475.0,4200.0,4634.0,4400.0,4000.0,5000.0,False,False,1000.0,234.0,0.0,0.17190991920233797,0.828090080797662,0.7901785714285713,0.8903150525087514,0.5,0.828090080797662,0.753361599300846,True
2023,Singapore Institute of Technology,SIT- Newcastle University,Bachelor of Engineering with Honours in Mechanical Design and Manufacturing Engineering,79.2,69.4,4151.0,4200.0,4304.0,4200.0,4000.0,4600.0,False,False,600.0,104.0,9.799999999999997,0.10314595152140278,0.8968540484785972,0.5357142857142857,0.6429404900816803,0.46153846153846156,0.8968540484785972,0.6035091553951948,True
2023,Singapore Institute of Technology,SIT- Newcastle University,Bachelor of Engineering with Honours in Naval Architecture^,94.4,77.8,4332.0,4450.0,4349.0,4450.0,3700.0,4700.0,False,False,1000.0,-101.0,16.60000000000001,0.17190991920233797,0.828090080797662,0.8750000000000001,0.7409568261376895,0.5096153846153846,0.828090080797662,0.7364044061148023,True
2023,Singapore Institute of Technology,SIT- Newcastle University,Bachelor of Engineering with Honours in Offshore Engineering,86.4,81.8,4400.0,4200.0,4418.0,4200.0,3800.0,4900.0,False,False,1100.0,218.0,4.6000000000000085,0.18910091112257177,0.8108990888774282,0.6964285714285715,0.7876312718786465,0.46153846153846156,0.8108990888774282,0.682237431708395,True
2023,Singapore Institute of Technology,SIT-Trinity College Dublin,Bachelor of Science with Honours in Physiotherapy,98.5,95.4,3823.0,3800.0,3874.0,3850.0,3660.0,4050.0,False,False,390.0,24.0,3.0999999999999943,0.06704486848891181,0.9329551315110882,0.9665178571428571,0.9463243873978997,0.3942307692307692,0.9329551315110882,0.8123536353965827,True
2023,Singapore Institute of Technology,SIT-University of Glasgow,Bachelor of Engineering with Honours in Aerospace Engineering,77.5,67.5,4128.0,4000.0,4218.0,4100.0,3800.0,4500.0,False,False,700.0,118.0,10.0,0.12033694344163658,0.8796630565583634,0.4977678571428571,0.6207701283547258,0.4423076923076923,0.8796630565583634,0.5780877772099524,True
2023,Singapore Institute of Technology,SIT-University of Glasgow,Bachelor of Engineering with Honours in Civil Engineering,89.4,84.7,4010.0,4000.0,4185.0,4050.0,3800.0,4500.0,False,False,700.0,135.0,4.700000000000003,0.12033694344163658,0.8796630565583634,0.7633928571428572,0.8214702450408402,0.4326923076923077,0.8796630565583634,0.7155814660619407,True
2023,Singapore Institute of Technology,SIT-University of Glasgow,Bachelor of Engineering with Honours in Mechanical Engineering,72.9,68.8,4369.0,4400.0,4462.0,4400.0,4000.0,4800.0,False,False,800.0,62.0,4.1000000000000085,0.13752793536187038,0.8624720646381296,0.3950892857142858,0.6359393232205367,0.5,0.8624720646381296,0.5636793923761662,True
2023,Singapore Institute of Technology,SIT-University of Glasgow,Bachelor of Science with Honours in Computing Science,74.4,67.1,4830.0,4800.0,4932.0,4800.0,4500.0,5000.0,False,False,500.0,132.0,7.300000000000011,0.08595495960116899,0.914045040398831,0.42857142857142866,0.61610268378063,0.5769230769230769,0.914045040398831,0.5947397589962115,True
2023,Singapore Institute of Technology,SIT-University of Glasgow,Bachelor of Science with Honours in Nursing,97.1,88.6,3733.0,3765.0,3984.0,3950.0,3700.0,4300.0,False,False,600.0,34.0,8.5,0.10314595152140278,0.8968540484785972,0.935267857142857,0.866977829638273,0.41346153846153844,0.8968540484785972,0.7785671979215131,True
2024,National University of Singapore,Faculty of Arts & Social Sciences,Bachelor of Arts^,93.5,74.2,5138.0,4200.0,5474.0,4300.0,3600.0,6250.0,False,False,2650.0,1174.0,19.299999999999997,0.45556128588619565,0.5444387141138043,0.8549107142857143,0.6989498249708285,0.4807692307692308,0.5444387141138043,0.6680162765863411,True
2024,National University of Singapore,Faculty of Arts & Social Sciences,Bachelor of Arts (Hons),83.0,67.4,4219.0,4300.0,4476.0,4419.0,4000.0,4830.0,False,False,830.0,57.0,15.599999999999994,0.14268523293794053,0.8573147670620594,0.6205357142857143,0.619603267211202,0.5036538461538461,0.8573147670620594,0.6265523710468452,True
2024,National University of Singapore,Faculty of Arts & Social Sciences,Bachelor of Social Sciences,86.1,73.9,4294.0,4150.0,4462.0,4210.0,3820.0,4800.0,False,False,980.0,252.0,12.199999999999989,0.1684717208182912,0.8315282791817088,0.6897321428571427,0.6954492415402568,0.4634615384615385,0.8315282791817088,0.6561490418118607,True
2024,National University of Singapore,Faculty of Dentistry,Bachelor of Dental Surgery^,100.0,100.0,4600.0,4550.0,4641.0,4550.0,4550.0,4950.0,False,False,400.0,91.0,0.0,0.06876396768093519,0.9312360323190648,1.0,1.0,0.5288461538461539,0.9312360323190648,0.8718969433093982,True
2024,National University of Singapore,Faculty of Law,Bachelor of Laws#,93.8,90.4,6731.0,7000.0,6999.0,7000.0,6200.0,7000.0,False,False,800.0,-1.0,3.3999999999999915,0.13752793536187038,0.8624720646381296,0.8616071428571428,0.8879813302217037,1.0,0.8624720646381296,0.9042473516193733,True
2024,National University of Singapore,Faculty of Science,Bachelor of Science^,92.3,61.5,3475.0,3425.0,4135.0,4310.0,3650.0,5030.0,False,False,1380.0,-175.0,30.799999999999997,0.2372356884992264,0.7627643115007736,0.8281249999999999,0.5507584597432905,0.4826923076923077,0.7627643115007736,0.64875276157118,True
2024,National University of Singapore,Faculty of Science,Bachelor of Science (Hons),85.3,75.4,4267.0,4000.0,4469.0,4150.0,3900.0,4800.0,False,False,900.0,319.0,9.899999999999991,0.15471892728210418,0.8452810727178959,0.6718749999999999,0.7129521586931156,0.4519230769230769,0.8452810727178959,0.6552210777463883,True
2024,National University of Singapore,Faculty of Science,Bachelor of Science (Computational Biology) ^,83.3,75.0,5159.0,5140.0,5252.0,5240.0,4200.0,5558.0,False,False,1358.0,12.0,8.299999999999997,0.23345367027677497,0.766546329723225,0.6272321428571428,0.7082847141190198,0.6615384615384615,0.766546329723225,0.6810216219359478,True
2024,National University of Singapore,Faculty of Science,Bachelor of Science (Pharmacy)#**,,,,,,,,,True,True,,,,,,,,,,,False
2024,National University of Singapore,Faculty of Science,Bachelor of Science (Data Science and Analytics),85.9,77.0,5673.0,5100.0,5855.0,5400.0,4800.0,6600.0,False,False,1800.0,455.0,8.900000000000006,0.30943785456420836,0.6905621454357916,0.6852678571428572,0.7316219369894983,0.6923076923076923,0.6905621454357916,0.7017281831319984,True
2024,National University of Singapore,NUS Business School,Bachelor of Business Administration,85.5,81.8,6445.0,5000.0,6903.0,5100.0,4200.0,8500.0,False,False,4300.0,1803.0,3.700000000000003,0.7392126525700533,0.2607873474299467,0.6763392857142857,0.7876312718786465,0.6346153846153846,0.2607873474299467,0.6369631155462178,True
2024,National University of Singapore,NUS Business School,Bachelor of Business Administration (Hons),91.1,84.9,5248.0,4779.0,5430.0,4900.0,4200.0,5800.0,False,False,1600.0,530.0,6.199999999999989,0.27505587072374077,0.7249441292762593,0.8013392857142856,0.8238039673278881,0.5961538461538461,0.7249441292762593,0.7453230568425525,True
2024,National University of Singapore,NUS Business School,Bachelor of Business Administration (Accountancy)^,100.0,90.9,4650.0,4300.0,4658.0,4300.0,4100.0,4500.0,False,False,400.0,358.0,9.099999999999994,0.06876396768093519,0.9312360323190648,1.0,0.8938156359393233,0.4807692307692308,0.9312360323190648,0.8280224033219644,True
2024,National University of Singapore,NUS Business School,Bachelor of Business Administration (Accountancy) (Hons),96.9,94.5,4782.0,4350.0,4864.0,4388.0,4250.0,5242.0,False,False,992.0,476.0,2.4000000000000057,0.17053463984871928,0.8294653601512807,0.9308035714285715,0.9358226371061844,0.4976923076923077,0.8294653601512807,0.8088307435061959,True
2024,National University of Singapore,NUS Business School,Bachelor of Science (Real Estate),92.5,81.7,4306.0,4000.0,4452.0,4100.0,3800.0,4600.0,False,False,800.0,352.0,10.799999999999997,0.13752793536187038,0.8624720646381296,0.8325892857142857,0.7864644107351225,0.4423076923076923,0.8624720646381296,0.7256638417074649,True
2024,National University of Singapore,School of Computing,Bachelor of Computing (Computer Science),89.1,87.8,6529.0,6400.0,6788.0,6500.0,5600.0,7500.0,False,False,1900.0,288.0,1.2999999999999972,0.3266288464844421,0.6733711535155579,0.7566964285714284,0.8576429404900816,0.9038461538461539,0.6733711535155579,0.8112690222073251,True
2024,National University of Singapore,School of Computing,Bachelor of Computing (Information Security),91.2,88.2,6125.0,6005.0,6581.0,6110.0,5500.0,7049.0,False,False,1549.0,471.0,3.0,0.26628846484442154,0.7337115351555785,0.8035714285714286,0.8623103850641775,0.8288461538461539,0.7337115351555785,0.8170328128255571,True
2024,National University of Singapore,School of Computing,Bachelor of Computing (Information Systems),90.3,87.5,5894.0,6000.0,6132.0,6000.0,5200.0,6955.0,False,False,1755.0,132.0,2.799999999999997,0.3017019082001031,0.6982980917998969,0.7834821428571428,0.8541423570595099,0.8076923076923077,0.6982980917998969,0.7979551406680573,True
2024,National University of Singapore,School of Computing,Bachelor of Science (Business Analytics),92.5,87.8,5545.0,5200.0,5712.0,5400.0,4900.0,6350.0,False,False,1450.0,312.0,4.700000000000003,0.24926938284339006,0.7507306171566099,0.8325892857142857,0.8576429404900816,0.6923076923076923,0.7507306171566099,0.7927561835117246,True
2024,National University of Singapore,College of Design and Engineering,Bachelor of Engineering (Biomedical Engineering),70.2,63.8,4359.0,4238.0,4482.0,4325.0,4000.0,4893.0,False,False,893.0,157.0,6.400000000000006,0.1535155578476878,0.8464844421523122,0.3348214285714286,0.5775962660443407,0.4855769230769231,0.8464844421523122,0.5220922054768083,True
2024,National University of Singapore,College of Design and Engineering,Bachelor of Engineering (Chemical Engineering),90.1,87.4,4614.0,4500.0,4892.0,4760.0,4300.0,5000.0,False,False,700.0,132.0,2.6999999999999886,0.12033694344163658,0.8796630565583634,0.779017857142857,0.8529754959159861,0.5692307692307692,0.8796630565583634,0.7638551567090998,True
2024,National University of Singapore,College of Design and Engineering,Bachelor of Engineering (Civil Engineering),94.2,88.4,4310.0,4200.0,4420.0,4200.0,4000.0,4935.0,False,False,935.0,220.0,5.799999999999997,0.16073577445418602,0.839264225545814,0.8705357142857143,0.8646441073512253,0.46153846153846156,0.839264225545814,0.7618281957075694,True
2024,National University of Singapore,College of Design and Engineering,Bachelor of Engineering (Electrical Engineering),88.4,86.0,4895.0,4900.0,5057.0,5000.0,4500.0,5400.0,False,False,900.0,57.0,2.4000000000000057,0.15471892728210418,0.8452810727178959,0.7410714285714287,0.8366394399066511,0.6153846153846154,0.8452810727178959,0.7539515752972622,True
2024,National University of Singapore,College of Design and Engineering,Bachelor of Engineering (Engineering Science)^,85.7,81.0,5571.0,5500.0,5643.0,5500.0,4325.0,6200.0,False,False,1875.0,143.0,4.700000000000003,0.3223310985043837,0.6776689014956163,0.6808035714285715,0.7782963827304551,0.7115384615384616,0.6776689014956163,0.7172649368566658,True
2024,National University of Singapore,College of Design and Engineering,Bachelor of Engineering (Environmental Engineering)^,87.5,75.0,4482.0,4530.0,4695.0,4701.0,4200.0,5106.0,False,False,906.0,-6.0,12.5,0.1557503867973182,0.8442496132026818,0.7209821428571428,0.7082847141190198,0.5578846153846154,0.8442496132026818,0.6948886529194049,True
2024,National University of Singapore,College of Design and Engineering,Bachelor of Engineering (Industrial and Systems Engineering),85.7,82.1,4742.0,4800.0,4905.0,4900.0,4300.0,5500.0,False,False,1200.0,5.0,3.6000000000000085,0.20629190304280556,0.7937080969571945,0.6808035714285715,0.7911318553092181,0.5961538461538461,0.7937080969571945,0.7096753041033776,True
2024,National University of Singapore,College of Design and Engineering,Bachelor of Engineering (Materials Science and Engineering),95.7,87.0,4649.0,5000.0,5028.0,5000.0,4525.0,5290.0,False,False,765.0,28.0,8.700000000000003,0.13151108818978854,0.8684889118102115,0.9040178571428572,0.8483080513418904,0.6153846153846154,0.8684889118102115,0.8098172631631099,True
2024,National University of Singapore,College of Design and Engineering,Bachelor of Engineering (Mechanical Engineering),85.3,82.4,4825.0,4800.0,5038.0,5000.0,4380.0,5500.0,False,False,1120.0,38.0,2.8999999999999915,0.19253910950661854,0.8074608904933814,0.6718749999999999,0.7946324387397901,0.6153846153846154,0.8074608904933814,0.714917519042098,True
2024,National University of Singapore,College of Design and Engineering,Bachelor of Arts (Architecture)#^,96.5,94.1,4942.0,4900.0,5116.0,4995.0,4535.0,5400.0,False,False,865.0,121.0,2.4000000000000057,0.14870208011002234,0.8512979198899777,0.921875,0.9311551925320887,0.614423076923077,0.8512979198899777,0.8372095149738925,True
2024,National University of Singapore,College of Design and Engineering,Bachelor of Landscape Architecture^,70.6,52.9,4027.0,3800.0,4040.0,3800.0,3500.0,4330.0,False,False,830.0,240.0,17.699999999999996,0.14268523293794053,0.8573147670620594,0.34374999999999983,0.4504084014002333,0.38461538461538464,0.8573147670620594,0.46299858163322494,True
2024,National University of Singapore,College of Design and Engineering,Bachelor of Arts (Industrial Design),76.7,60.0,4092.0,4000.0,4111.0,4025.0,3500.0,4500.0,False,False,1000.0,86.0,16.700000000000003,0.17190991920233797,0.828090080797662,0.4799107142857143,0.5332555425904317,0.42788461538461536,0.828090080797662,0.5351345430286469,True
2024,National University of Singapore,College of Design and Engineering,Bachelor of Science (Project and Facilities Management),86.4,80.7,3895.0,3900.0,4018.0,4000.0,3800.0,4290.0,False,False,490.0,18.0,5.700000000000003,0.0842358604091456,0.9157641395908545,0.6964285714285715,0.7747957992998834,0.4230769230769231,0.9157641395908545,0.6845011629263953,True
2024,National University of Singapore,Yong Loo Lin School (Medicine),Bachelor of Medicine and Bachelor of Surgery#**,,,,,,,,,True,True,,,,,,,,,,,False
2024,National University of Singapore,Yong Loo Lin School (Medicine),Bachelor of Science (Nursing),88.3,83.4,3697.0,3650.0,3993.0,3950.0,3650.0,4110.0,False,False,460.0,43.0,4.8999999999999915,0.07907856283307547,0.9209214371669245,0.7388392857142856,0.8063010501750293,0.41346153846153844,0.9209214371669245,0.7050457009572177,True
2024,National University of Singapore,Yong Loo Lin School (Medicine),Bachelor of Science (Nursing) (Hons),94.9,94.3,3826.0,3850.0,4074.0,4050.0,3880.0,4250.0,False,False,370.0,24.0,0.6000000000000085,0.06360667010486505,0.9363933298951349,0.8861607142857144,0.9334889148191365,0.4326923076923077,0.9363933298951349,0.7945269651388023,True
2024,National University of Singapore,YST Conservatory of Music,Bachelor of Music,88.9,27.8,3620.0,3600.0,3820.0,3700.0,3600.0,4100.0,False,False,500.0,120.0,61.10000000000001,0.08595495960116899,0.914045040398831,0.752232142857143,0.15752625437572929,0.36538461538461536,0.914045040398831,0.5013804290758401,True
2024,National University of Singapore,Yale-NUS College,Bachelor of Arts with Honours^,84.4,73.3,4965.0,4500.0,5147.0,4557.0,4200.0,5950.0,False,False,1750.0,590.0,11.100000000000009,0.3008423586040915,0.6991576413959085,0.6517857142857144,0.6884480746791132,0.5301923076923077,0.6991576413959085,0.6394918598219115,True
2024,National University of Singapore,Yale-NUS College,Bachelor of Science with Honours^,89.2,81.1,5713.0,4975.0,5898.0,5043.0,4500.0,6400.0,False,False,1900.0,855.0,8.100000000000009,0.3266288464844421,0.6733711535155579,0.7589285714285715,0.7794632438739789,0.6236538461538461,0.6733711535155579,0.7184366791565603,True
2024,National University of Singapore,Multi-Disciplinary Programmes,Bachelor of Engineering (Computer Engineering),90.4,84.2,5766.0,5500.0,5896.0,5800.0,5000.0,6666.0,False,False,1666.0,96.0,6.200000000000003,0.28640192539109505,0.713598074608905,0.7857142857142858,0.8156359393232205,0.7692307692307693,0.713598074608905,0.7797524710102799,True
2024,National University of Singapore,Multi-Disciplinary Programmes,Bachelor of Environmental Studies,90.0,62.5,4231.0,4250.0,4354.0,4300.0,4000.0,4500.0,False,False,500.0,54.0,27.5,0.08595495960116899,0.914045040398831,0.7767857142857143,0.5624270711785297,0.4807692307692308,0.914045040398831,0.6590628993914056,True
2024,Nanyang Technological University,College of Business (Nanyang Business School),Accountancy,96.0,93.2,4472.0,4300.0,4564.0,4350.0,4100.0,4500.0,False,False,400.0,214.0,2.799999999999997,0.06876396768093519,0.9312360323190648,0.9107142857142857,0.9206534422403734,0.49038461538461536,0.9312360323190648,0.8116918770804112,True
2024,Nanyang Technological University,College of Business (Nanyang Business School),Accountancy and Business,96.3,91.5,5068.0,4750.0,5186.0,4800.0,4492.0,5400.0,False,False,908.0,386.0,4.799999999999997,0.15609420663572288,0.8439057933642771,0.9174107142857142,0.9008168028004667,0.5769230769230769,0.8439057933642771,0.816284893361265,True
2024,Nanyang Technological University,College of Business (Nanyang Business School),Business,87.5,78.8,4688.0,4300.0,4781.0,4334.0,4000.0,5000.0,False,False,1000.0,447.0,8.700000000000003,0.17190991920233797,0.828090080797662,0.7209821428571428,0.7526254375729288,0.48730769230769233,0.828090080797662,0.6881227093255938,True
2024,Nanyang Technological University,College of Business (Nanyang Business School),Double Degree in Business and Computer Engineering/Computing,94.3,94.3,6239.0,6000.0,6579.0,6250.0,5500.0,7000.0,False,False,1500.0,329.0,0.0,0.25786487880350695,0.742135121196493,0.8727678571428571,0.9334889148191365,0.8557692307692307,0.742135121196493,0.8671396074603798,True
2024,Nanyang Technological University,College of Computing and Data Science,Computer Engineering,91.3,89.9,5372.0,5350.0,5521.0,5500.0,4800.0,6391.0,False,False,1591.0,21.0,1.3999999999999915,0.2735086814509197,0.7264913185490802,0.8058035714285714,0.8821470245040841,0.7115384615384616,0.7264913185490802,0.793243491946774,True
2024,Nanyang Technological University,College of Computing and Data Science,Computer Science,82.0,79.6,5577.0,5500.0,5726.0,5500.0,4900.0,6500.0,False,False,1600.0,226.0,2.4000000000000057,0.27505587072374077,0.7249441292762593,0.5982142857142857,0.7619603267211201,0.7115384615384616,0.7249441292762593,0.694678618506676,True
2024,Nanyang Technological University,College of Computing and Data Science,Data Science and Artificial Intelligence,84.0,76.0,5623.0,5450.0,5676.0,5450.0,5000.0,6500.0,False,False,1500.0,226.0,8.0,0.25786487880350695,0.742135121196493,0.6428571428571428,0.7199533255542591,0.7019230769230769,0.742135121196493,0.6956441779336636,True
2024,Nanyang Technological University,College of Engineering,Aerospace Engineering,79.1,78.0,4650.0,4400.0,4722.0,4450.0,4103.0,5250.0,False,False,1147.0,272.0,1.0999999999999943,0.19718067732508165,0.8028193226749183,0.5334821428571427,0.7432905484247375,0.5096153846153846,0.8028193226749183,0.630858551939648,True
2024,Nanyang Technological University,College of Engineering,Bioengineering,72.9,61.4,4129.0,4000.0,4277.0,4200.0,3700.0,4670.0,False,False,970.0,77.0,11.500000000000007,0.16675262162626783,0.8332473783737322,0.3950892857142858,0.5495915985997666,0.46153846153846156,0.8332473783737322,0.523775987434891,True
2024,Nanyang Technological University,College of Engineering,Chemical and Biomolecular Engineering,86.8,77.2,4279.0,4019.0,4506.0,4500.0,4000.0,5000.0,False,False,1000.0,6.0,9.599999999999994,0.17190991920233797,0.828090080797662,0.7053571428571428,0.7339556592765462,0.5192307692307693,0.828090080797662,0.6858150450674483,True
2024,Nanyang Technological University,College of Engineering,Civil Engineering,83.2,75.8,4022.0,4000.0,4135.0,4000.0,3800.0,4295.0,False,False,495.0,135.0,7.400000000000006,0.0850954100051573,0.9149045899948427,0.625,0.7176196032672112,0.4230769230769231,0.9149045899948427,0.6457908002486205,True
2024,Nanyang Technological University,College of Engineering,Double Degree in Engineering and Economics^,92.9,92.9,5072.0,5200.0,5087.0,5200.0,4600.0,5415.0,False,False,815.0,-113.0,0.0,0.14010658414990546,0.8598934158500946,0.8415178571428572,0.9171528588098017,0.6538461538461539,0.8598934158500946,0.8200467656248502,True
2024,Nanyang Technological University,College of Engineering,Electrical and Electronic Engineering,79.3,76.1,4684.0,4700.0,4824.0,4800.0,4200.0,5155.0,False,False,955.0,24.0,3.200000000000003,0.16417397283823276,0.8358260271617672,0.5379464285714285,0.7211201866977829,0.5769230769230769,0.8358260271617672,0.6473246578857977,True
2024,Nanyang Technological University,College of Engineering,Environmental Engineering,82.9,80.0,4154.0,4000.0,4367.0,4300.0,3895.0,4591.0,False,False,696.0,67.0,2.9000000000000057,0.11964930376482723,0.8803506962351728,0.6183035714285715,0.7666277712952159,0.4807692307692308,0.8803506962351728,0.6677243149447197,True
2024,Nanyang Technological University,College of Engineering,Information Engineering and Media,80.8,74.0,4902.0,4850.0,4964.0,4900.0,4400.0,5000.0,False,False,600.0,64.0,6.799999999999997,0.10314595152140278,0.8968540484785972,0.5714285714285713,0.6966161026837806,0.5961538461538461,0.8968540484785972,0.6639799710439567,True
2024,Nanyang Technological University,College of Engineering,Maritime Studies,94.3,88.7,4208.0,4000.0,4264.0,4100.0,3800.0,4550.0,False,False,750.0,164.0,5.599999999999994,0.12893243940175347,0.8710675605982465,0.8727678571428571,0.868144690781797,0.4423076923076923,0.8710675605982465,0.7635108215440564,True
2024,Nanyang Technological University,College of Engineering,Materials Engineering,75.9,70.4,4263.0,4200.0,4391.0,4329.0,4000.0,4900.0,False,False,900.0,62.0,5.5,0.15471892728210418,0.8452810727178959,0.4620535714285715,0.6546091015169195,0.4863461538461539,0.8452810727178959,0.5833775012528701,True
2024,Nanyang Technological University,College of Engineering,Mechanical Engineering,87.8,83.9,4531.0,4400.0,4675.0,4495.0,4100.0,5000.0,False,False,900.0,180.0,3.8999999999999915,0.15471892728210418,0.8452810727178959,0.7276785714285714,0.8121353558926488,0.5182692307692308,0.8452810727178959,0.7183036467963582,True
2024,Nanyang Technological University,"College of Humanities, Arts & Social Sciences","Art, Design and Media",78.2,47.1,3538.0,3500.0,3606.0,3500.0,3075.0,4000.0,False,False,925.0,106.0,31.1,0.15901667526216262,0.8409833247378373,0.5133928571428572,0.3827304550758459,0.3269230769230769,0.8409833247378373,0.47671526160705574,True
2024,Nanyang Technological University,"College of Humanities, Arts & Social Sciences",Chinese,75.9,60.3,3780.0,3700.0,3972.0,4020.0,3500.0,4400.0,False,False,900.0,-48.0,15.600000000000009,0.15471892728210418,0.8452810727178959,0.4620535714285715,0.5367561260210035,0.4269230769230769,0.8452810727178959,0.5331658393733261,True
2024,Nanyang Technological University,"College of Humanities, Arts & Social Sciences",Communication Studies,90.6,70.3,3967.0,3800.0,4059.0,3880.0,3500.0,4400.0,False,False,900.0,179.0,20.299999999999997,0.15471892728210418,0.8452810727178959,0.7901785714285713,0.6534422403733956,0.4,0.8452810727178959,0.6598784044482744,True
2024,Nanyang Technological University,"College of Humanities, Arts & Social Sciences",Economics,88.2,79.4,4580.0,4300.0,4683.0,4325.0,4000.0,5000.0,False,False,1000.0,358.0,8.799999999999997,0.17190991920233797,0.828090080797662,0.7366071428571429,0.7596266044340724,0.4855769230769231,0.828090080797662,0.6944778670762446,True
2024,Nanyang Technological University,"College of Humanities, Arts & Social Sciences",English,86.3,54.8,3895.0,3750.0,3926.0,3775.0,3500.0,4300.0,False,False,800.0,151.0,31.5,0.13752793536187038,0.8624720646381296,0.6941964285714285,0.47257876312718783,0.3798076923076923,0.8624720646381296,0.5743552902822274,True
2024,Nanyang Technological University,"College of Humanities, Arts & Social Sciences",History,75.0,59.1,4199.0,4325.0,4498.0,4450.0,3850.0,4900.0,False,False,1050.0,48.0,15.899999999999999,0.18050541516245489,0.8194945848375451,0.4419642857142857,0.5227537922987164,0.5096153846153846,0.8194945848375451,0.5397434572833786,True
2024,Nanyang Technological University,"College of Humanities, Arts & Social Sciences",Interdisciplinary Double Major,93.6,87.2,4202.0,4000.0,4253.0,4018.0,3500.0,4575.0,False,False,1075.0,235.0,6.3999999999999915,0.18480316314251333,0.8151968368574867,0.857142857142857,0.8506417736289382,0.42653846153846153,0.8151968368574867,0.7412495301447769,True
2024,Nanyang Technological University,"College of Humanities, Arts & Social Sciences",Linguistics and Multilingual Studies,85.2,62.3,3896.0,3700.0,3952.0,3850.0,3600.0,4050.0,False,False,450.0,102.0,22.900000000000006,0.07735946364105209,0.9226405363589479,0.6696428571428572,0.5600933488914819,0.3942307692307692,0.9226405363589479,0.6058746345718362,True
2024,Nanyang Technological University,"College of Humanities, Arts & Social Sciences",Philosophy^,75.0,46.4,4274.0,4352.0,4407.0,4365.0,4045.0,4790.0,False,False,745.0,42.0,28.6,0.1280728898057418,0.8719271101942582,0.4419642857142857,0.3745624270711784,0.4932692307692308,0.8719271101942582,0.49906438805708564,True
2024,Nanyang Technological University,"College of Humanities, Arts & Social Sciences",Psychology,86.7,68.9,3984.0,4000.0,4244.0,4174.0,3760.0,4650.0,False,False,890.0,70.0,17.799999999999997,0.1529998280900808,0.8470001719099192,0.703125,0.6371061843640607,0.45653846153846156,0.8470001719099192,0.6432539964803214,True
2024,Nanyang Technological University,"College of Humanities, Arts & Social Sciences",Public Policy and Global Affairs,89.2,81.1,4436.0,4400.0,4540.0,4500.0,4200.0,5000.0,False,False,800.0,40.0,8.100000000000009,0.13752793536187038,0.8624720646381296,0.7589285714285715,0.7794632438739789,0.5192307692307693,0.8624720646381296,0.7206960465941769,True
2024,Nanyang Technological University,"College of Humanities, Arts & Social Sciences",Sociology,88.2,69.1,3879.0,4000.0,4055.0,4000.0,3600.0,4500.0,False,False,900.0,55.0,19.10000000000001,0.15471892728210418,0.8452810727178959,0.7366071428571429,0.6394399066511085,0.4230769230769231,0.8452810727178959,0.6453755065293906,True
2024,Nanyang Technological University,College of Science,Biological and Biomedical Sciences,77.8,67.6,3958.0,3900.0,4089.0,4000.0,3800.0,4300.0,False,False,500.0,89.0,10.200000000000003,0.08595495960116899,0.914045040398831,0.5044642857142856,0.6219369894982496,0.4230769230769231,0.914045040398831,0.580796369392816,True
2024,Nanyang Technological University,College of Science,Biological Sciences and Psychology^,85.0,70.0,3930.0,3900.0,3969.0,3900.0,3720.0,4125.0,False,False,405.0,69.0,15.0,0.06962351727694688,0.9303764827230532,0.6651785714285714,0.6499416569428238,0.40384615384615385,0.9303764827230532,0.635054079381415,True
2024,Nanyang Technological University,College of Science,Biomedical Sciences and Chinese Medicine^,100.0,85.7,3298.0,3484.0,3388.0,3485.0,3200.0,3500.0,False,False,300.0,-97.0,14.299999999999997,0.05157297576070139,0.9484270242392986,1.0,0.8331388564760794,0.32403846153846155,0.9484270242392986,0.773215325963334,True
2024,Nanyang Technological University,College of Science,Chemistry and Biological Chemistry,80.0,70.8,3952.0,3800.0,4088.0,3980.0,3600.0,4480.0,False,False,880.0,108.0,9.200000000000003,0.1512807288980574,0.8487192711019426,0.5535714285714285,0.6592765460910152,0.41923076923076924,0.8487192711019426,0.5959699753717168,True
2024,Nanyang Technological University,College of Science,Environmental Earth Systems Science,88.9,81.5,4588.0,4487.0,4628.0,4500.0,4200.0,5000.0,False,False,800.0,128.0,7.400000000000006,0.13752793536187038,0.8624720646381296,0.752232142857143,0.7841306884480747,0.5192307692307693,0.8624720646381296,0.720087351394977,True
2024,Nanyang Technological University,College of Science,Mathematical Sciences,76.6,70.2,4612.0,4350.0,4703.0,4379.0,4000.0,5000.0,False,False,1000.0,324.0,6.3999999999999915,0.17190991920233797,0.828090080797662,0.4776785714285713,0.6522753792298717,0.49596153846153845,0.828090080797662,0.5871900819325667,True
2024,Nanyang Technological University,College of Science,Physics and Applied Physics/Physics and Mathematical Sciences,90.7,76.7,4258.0,4037.0,4473.0,4250.0,3888.0,4517.0,False,False,629.0,223.0,14.0,0.10813133917827059,0.8918686608217294,0.7924107142857143,0.7281213535589265,0.47115384615384615,0.8918686608217294,0.7077283810151132,True
2024,Nanyang Technological University,National Institute of Education (NIE),Arts (with Education),100.0,100.0,4274.0,4750.0,4647.0,5000.0,4497.0,5005.0,False,False,508.0,-353.0,0.0,0.0873302389547877,0.9126697610452124,1.0,1.0,0.6153846153846154,0.9126697610452124,0.8907466180029356,True
2024,Nanyang Technological University,National Institute of Education (NIE),Science (with Education),100.0,100.0,4489.0,5000.0,4723.0,5000.0,4500.0,5005.0,False,False,505.0,-277.0,0.0,0.08681450919718067,0.9131854908028193,1.0,1.0,0.6153846153846154,0.9131854908028193,0.8908239774665767,True
2024,Nanyang Technological University,National Institute of Education (NIE),Sports Science and Management,89.8,55.1,3941.0,3700.0,4110.0,4000.0,3500.0,4300.0,False,False,800.0,110.0,34.699999999999996,0.13752793536187038,0.8624720646381296,0.7723214285714285,0.4760793465577596,0.4230769230769231,0.8624720646381296,0.6096602730037066,True
2024,Nanyang Technological University,Lee Kong Chian School of Medicine,Medicine**,,,,,,,,,True,True,,,,,,,,,,,False
2024,Singapore Management University,School of Accountancy (4-year programme) *,Accountancy,95.8,94.2,4641.0,4350.0,4755.0,4350.0,4100.0,5000.0,False,False,900.0,405.0,1.5999999999999943,0.15471892728210418,0.8452810727178959,0.9062499999999999,0.9323220536756126,0.49038461538461536,0.8452810727178959,0.8009599308565221,True
2024,Singapore Management University,School of Accountancy (4-year programme) *,Accountancy - Cum Laude and above,95.8,95.0,4938.0,4500.0,5074.0,4500.0,4300.0,5403.0,False,False,1103.0,574.0,0.7999999999999972,0.1896166408801788,0.8103833591198212,0.9062499999999999,0.941656942823804,0.5192307692307693,0.8103833591198212,0.8057372790228067,True
2024,Singapore Management University,School of Business (4-year programme) *,Business Management,89.5,83.2,4847.0,4500.0,5007.0,4500.0,4000.0,5300.0,False,False,1300.0,507.0,6.299999999999997,0.22348289496303936,0.7765171050369606,0.765625,0.8039673278879814,0.5192307692307693,0.7765171050369606,0.7171629564296307,True
2024,Singapore Management University,School of Business (4-year programme) *,Business Management - Cum Laude and above,92.1,88.1,5155.0,4500.0,5323.0,4825.0,4200.0,5500.0,False,False,1300.0,498.0,4.0,0.22348289496303936,0.7765171050369606,0.8236607142857142,0.8611435239206534,0.5817307692307693,0.7765171050369606,0.7673515295251465,True
2024,Singapore Management University,School of Economics (4-year programme) *,Economics,86.5,78.4,4838.0,4560.0,5069.0,4753.0,4200.0,5200.0,False,False,1000.0,316.0,8.099999999999994,0.17190991920233797,0.828090080797662,0.6986607142857143,0.7479579929988333,0.5678846153846154,0.828090080797662,0.7001702781511674,True
2024,Singapore Management University,School of Economics (4-year programme) *,Economics - Cum Laude and above,89.2,85.1,5200.0,4875.0,5523.0,5000.0,4380.0,5833.0,False,False,1453.0,523.0,4.1000000000000085,0.2497851126009971,0.7502148873990029,0.7589285714285715,0.8261376896149357,0.6153846153846154,0.7502148873990029,0.7418982652690564,True
2024,Singapore Management University,School of Computing & Information Systems (4-year programme) *,Computing & Law^,100.0,100.0,4816.0,4500.0,5030.0,4500.0,4300.0,5250.0,False,False,950.0,530.0,0.0,0.16331442324222106,0.836685576757779,1.0,1.0,0.5192307692307693,0.836685576757779,0.8553105288213592,True
2024,Singapore Management University,School of Computing & Information Systems (4-year programme) *,Computing & Law - Cum Laude and above^,100.0,100.0,5171.0,5000.0,5397.0,5000.0,4300.0,6290.0,False,False,1990.0,397.0,0.0,0.34210073921265255,0.6578992607873475,1.0,1.0,0.6153846153846154,0.6578992607873475,0.852531042964256,True
2024,Singapore Management University,School of Computing & Information Systems (4-year programme) *,Information Systems,86.0,79.2,5180.0,5000.0,5362.0,5000.0,4600.0,5916.0,False,False,1316.0,362.0,6.799999999999997,0.22623345367027678,0.7737665463297232,0.6875,0.7572928821470245,0.6153846153846154,0.7737665463297232,0.7033490004397197,True
2024,Singapore Management University,School of Computing & Information Systems (4-year programme) *,Information Systems - Cum Laude and above,93.9,88.6,5750.0,5500.0,5954.0,5549.0,5000.0,6600.0,False,False,1600.0,405.0,5.300000000000011,0.27505587072374077,0.7249441292762593,0.8638392857142858,0.866977829638273,0.7209615384615384,0.7249441292762593,0.8082271386125911,True
2024,Singapore Management University,School of Computing & Information Systems (4-year programme) *,Computer Science,97.1,94.3,5900.0,5850.0,6245.0,6000.0,4850.0,7000.0,False,False,2150.0,245.0,2.799999999999997,0.36960632628502665,0.6303936737149733,0.935267857142857,0.9334889148191365,0.8076923076923077,0.6303936737149733,0.8571091595689209,True
2024,Singapore Management University,School of Computing & Information Systems (4-year programme) *,Computer Science - Cum Laude and above,97.3,97.3,6490.0,6000.0,6781.0,6400.0,5735.0,7500.0,False,False,1765.0,381.0,0.0,0.3034210073921265,0.6965789926078735,0.9397321428571428,0.9684947491248541,0.8846153846153846,0.6965789926078735,0.8981087626396261,True
2024,Singapore Management University,School of Social Sciences (4-year programme) *,Social Sciences,86.5,72.3,4368.0,4113.0,4553.0,4334.0,3675.0,5059.0,False,False,1384.0,219.0,14.200000000000003,0.23792332817603576,0.7620766718239642,0.6986607142857143,0.676779463243874,0.48730769230769233,0.7620766718239642,0.6487704771093942,True
2024,Singapore Management University,School of Social Sciences (4-year programme) *,Social Sciences - Cum Laude and above,89.3,80.0,4589.0,4247.0,4823.0,4500.0,3800.0,5470.0,False,False,1670.0,323.0,9.299999999999997,0.2870895650679044,0.7129104349320956,0.7611607142857142,0.7666277712952159,0.5192307692307693,0.7129104349320956,0.6950808032217857,True
2024,Singapore Management University,School of Law (4-year programme) *,Law#,97.6,95.9,6359.0,6659.0,6585.0,7000.0,6000.0,7000.0,False,False,1000.0,-415.0,1.6999999999999886,0.17190991920233797,0.828090080797662,0.9464285714285713,0.9521586931155194,1.0,0.828090080797662,0.9437896914828765,True
2024,Singapore Management University,School of Law (4-year programme) *,Law - Cum Laude and above#,98.0,95.9,6529.0,7000.0,6775.0,7000.0,6500.0,7000.0,False,False,500.0,-225.0,2.0999999999999943,0.08595495960116899,0.914045040398831,0.9553571428571429,0.9521586931155194,1.0,0.914045040398831,0.9593615068516232,True
2024,Singapore University of Technology and Design,N.A.,Bachelor of Engineering (Computer Science and Design),85.4,81.5,5134.0,4900.0,5304.0,5000.0,4500.0,5800.0,False,False,1300.0,304.0,3.9000000000000057,0.22348289496303936,0.7765171050369606,0.674107142857143,0.7841306884480747,0.6153846153846154,0.7765171050369606,0.7077950689932633,True
2024,Singapore University of Technology and Design,N.A.,Bachelor of Engineering (Engineering Product Development),89.1,82.8,4562.0,4500.0,4703.0,4550.0,4250.0,5150.0,False,False,900.0,153.0,6.299999999999997,0.15471892728210418,0.8452810727178959,0.7566964285714284,0.7992998833138856,0.5288461538461539,0.8452810727178959,0.7258025929348171,True
2024,Singapore University of Technology and Design,N.A.,Bachelor of Engineering (Engineering Systems and Design),93.5,91.3,4533.0,4500.0,4801.0,4730.0,4275.0,5000.0,False,False,725.0,71.0,2.200000000000003,0.12463469142169503,0.875365308578305,0.8549107142857143,0.8984830805134189,0.5634615384615385,0.875365308578305,0.7981883193418704,True
2024,Singapore University of Technology and Design,N.A.,Bachelor of Science (Architecture and Sustainable Design)#**,,,,,,,,,True,True,,,,,,,,,,,False
2024,Singapore University of Technology and Design,N.A.,Bachelor of Science (Design and Artificial Intelligence) **,,,,,,,,,True,True,,,,,,,,,,,False
2024,Singapore University of Social Sciences,S R Nathan School of Human Development,Bachelor of Early Childhood Education,82.6,80.4,3454.0,3550.0,3576.0,3600.0,3500.0,3800.0,False,False,300.0,-24.0,2.1999999999999886,0.05157297576070139,0.9484270242392986,0.6116071428571427,0.7712952158693116,0.34615384615384615,0.9484270242392986,0.6436732227922926,True
2024,Singapore University of Social Sciences,S R Nathan School of Human Development,Bachelor of Human Resource Management,86.7,68.4,3870.0,3700.0,3973.0,3800.0,3520.0,4200.0,False,False,680.0,173.0,18.299999999999997,0.11689874505758982,0.8831012549424102,0.703125,0.6312718786464412,0.38461538461538464,0.8831012549424102,0.62893809798914,True
2024,Singapore University of Social Sciences,S R Nathan School of Human Development,Bachelor of Social Work,84.7,74.6,3850.0,3825.0,3936.0,3850.0,3820.0,4000.0,False,False,180.0,86.0,10.100000000000009,0.030943785456420837,0.9690562145435792,0.6584821428571429,0.7036172695449241,0.3942307692307692,0.9690562145435792,0.6525459482098492,True
2024,Singapore University of Social Sciences,School of Business,Bachelor of Accountancy,90.2,90.2,4362.0,4325.0,4411.0,4338.0,4045.0,4350.0,False,False,305.0,73.0,0.0,0.05243252535671308,0.9475674746432869,0.78125,0.8856476079346558,0.4880769230769231,0.9475674746432869,0.7642236343461205,True
2024,Singapore University of Social Sciences,School of Business,Bachelor of Science in Business Analytics,72.1,69.1,4455.0,4300.0,4708.0,4458.0,3900.0,5100.0,False,False,1200.0,250.0,3.0,0.20629190304280556,0.7937080969571945,0.3772321428571427,0.6394399066511085,0.5111538461538462,0.7937080969571945,0.5518462909345161,True
2024,Singapore University of Social Sciences,School of Business,Bachelor of Science in Finance,87.0,83.3,4489.0,4300.0,4661.0,4500.0,3999.0,5000.0,False,False,1001.0,161.0,3.700000000000003,0.17208182912154033,0.8279181708784596,0.7098214285714286,0.8051341890315052,0.5192307692307693,0.8279181708784596,0.7084821032203413,True
2024,Singapore University of Social Sciences,School of Business,Bachelor of Science in Marketing,84.7,71.2,3787.0,3600.0,3994.0,3700.0,3500.0,4125.0,False,False,625.0,294.0,13.5,0.10744369950146124,0.8925563004985387,0.6584821428571429,0.6639439906651109,0.36538461538461536,0.8925563004985387,0.6219574389776108,True
2024,Singapore University of Social Sciences,School of Business,Bachelor of Science in Supply Chain Management,87.5,79.2,4001.0,4000.0,4067.0,4000.0,3650.0,4500.0,False,False,850.0,67.0,8.299999999999997,0.14612343132198727,0.8538765686780128,0.7209821428571428,0.7572928821470245,0.4230769230769231,0.8538765686780128,0.6773332235721828,True
2024,Singapore University of Social Sciences,School of Humanities and Behavioural Sciences,School of Public Safety and Security,84.8,71.7,4409.0,4460.0,4852.0,4916.0,4167.0,5438.0,False,False,1271.0,-64.0,13.099999999999994,0.21849750730617157,0.7815024926938284,0.6607142857142856,0.6697782963827305,0.5992307692307692,0.7815024926938284,0.6661808408408714,True
2024,Singapore University of Social Sciences,School of Law,Bachelor of Laws (LLB)#**,,,,,,,,,True,True,,,,,,,,,,,False
2024,Singapore Institute of Technology,Culinary Institute of America,Bachelor of Business Administration in Food Business Management,96.4,76.8,3637.0,3500.0,3820.0,3700.0,2900.0,4500.0,False,False,1600.0,120.0,19.60000000000001,0.27505587072374077,0.7249441292762593,0.9196428571428573,0.7292882147024504,0.36538461538461536,0.7249441292762593,0.694767094791185,True
2024,Singapore Institute of Technology,DigiPen Institute of Technology,Bachelor of Arts in User Experience and Game Design,80.0,63.3,3783.0,3825.0,3824.0,3900.0,3600.0,4400.0,False,False,800.0,-76.0,16.700000000000003,0.13752793536187038,0.8624720646381296,0.5535714285714285,0.5717619603267211,0.40384615384615385,0.8624720646381296,0.5679323648267027,True
2024,Singapore Institute of Technology,DigiPen Institute of Technology,Bachelor of Fine Arts in Digital Art and Animation^,78.6,50.0,3389.0,3350.0,3389.0,3350.0,3200.0,4000.0,False,False,800.0,39.0,28.599999999999994,0.13752793536187038,0.8624720646381296,0.5223214285714284,0.4165694282380397,0.2980769230769231,0.8624720646381296,0.48555729750779064,True
2024,Singapore Institute of Technology,Singapore Institute of Technology (SIT),Bachelor of Accountancy with Honours,92.1,86.8,4159.0,4200.0,4253.0,4300.0,4000.0,4500.0,False,False,500.0,-47.0,5.299999999999997,0.08595495960116899,0.914045040398831,0.8236607142857142,0.8459743290548425,0.4807692307692308,0.914045040398831,0.7581895767542994,True
2024,Singapore Institute of Technology,Singapore Institute of Technology (SIT),Bachelor of Engineering with Honours in Aircraft Systems Engineering6,55.2,37.9,4995.0,5000.0,5583.0,5300.0,4700.0,6500.0,False,False,1800.0,283.0,17.300000000000004,0.30943785456420836,0.6905621454357916,0.0,0.27537922987164526,0.6730769230769231,0.6905621454357916,0.3544673215460931,True
2024,Singapore Institute of Technology,Singapore Institute of Technology (SIT),Bachelor of Engineering with Honours in Computer Engineering,82.6,80.4,4652.0,4700.0,4906.0,4900.0,4450.0,5400.0,False,False,950.0,6.0,2.1999999999999886,0.16331442324222106,0.836685576757779,0.6116071428571427,0.7712952158693116,0.5961538461538461,0.836685576757779,0.6894120056700646,True
2024,Singapore Institute of Technology,Singapore Institute of Technology (SIT),Bachelor of Engineering with Honours in Information & Communications Technology majoring in Information Security,92.2,91.3,5056.0,5000.0,5188.0,5100.0,4650.0,5800.0,False,False,1150.0,88.0,0.9000000000000057,0.19769640708268868,0.8023035929173113,0.8258928571428572,0.8984830805134189,0.6346153846153846,0.8023035929173113,0.7963121663883256,True
2024,Singapore Institute of Technology,Singapore Institute of Technology (SIT),Bachelor of Engineering with Honours in Information & Communications Technology majoring in Software Engineering,89.2,89.2,4898.0,4800.0,4975.0,4900.0,4500.0,5200.0,False,False,700.0,75.0,0.0,0.12033694344163658,0.8796630565583634,0.7589285714285715,0.8739789964994166,0.5961538461538461,0.8796630565583634,0.7708601904006125,True
2024,Singapore Institute of Technology,Singapore Institute of Technology (SIT),Bachelor of Engineering with Honours in Pharmaceutical Engineering,91.9,80.2,3823.0,3892.0,4279.0,4200.0,3875.0,4615.0,False,False,740.0,79.0,11.700000000000003,0.1272133402097301,0.8727866597902699,0.8191964285714287,0.7689614935822637,0.46153846153846156,0.8727866597902699,0.7227499909992636,True
2024,Singapore Institute of Technology,Singapore Institute of Technology (SIT),Bachelor of Engineering with Honours in Sustainable Infrastructure Engineering (Building Services),92.2,90.2,3980.0,3940.0,4028.0,3980.0,3750.0,4250.0,False,False,500.0,48.0,2.0,0.08595495960116899,0.914045040398831,0.8258928571428572,0.8856476079346558,0.41923076923076924,0.914045040398831,0.7553765878907708,True
2024,Singapore Institute of Technology,Singapore Institute of Technology (SIT),Bachelor of Engineering with Honours in Sustainable Infrastructure Engineering (Land),91.2,82.4,3909.0,3800.0,4161.0,4000.0,3725.0,4485.0,False,False,760.0,161.0,8.799999999999997,0.13065153859377687,0.8693484614062231,0.8035714285714286,0.7946324387397901,0.4230769230769231,0.8693484614062231,0.7156326601735298,True
2024,Singapore Institute of Technology,Singapore Institute of Technology (SIT),Bachelor of Hospitality Business with Honours,91.7,78.7,3489.0,3350.0,3657.0,3500.0,3235.0,3770.0,False,False,535.0,157.0,13.0,0.09197180677325081,0.9080281932267492,0.8147321428571429,0.751458576429405,0.3269230769230769,0.9080281932267492,0.687792214000746,True
2024,Singapore Institute of Technology,Singapore Institute of Technology (SIT),Bachelor of Science with Honours in Air Transport Management,72.5,56.9,3898.0,3800.0,4062.0,3882.0,3600.0,4150.0,False,False,550.0,180.0,15.600000000000001,0.09455045556128588,0.9054495444387141,0.38616071428571425,0.4970828471411901,0.4003846153846154,0.9054495444387141,0.5008866539400322,True
2024,Singapore Institute of Technology,Singapore Institute of Technology (SIT),Bachelor of Science with Honours in Diagnostic Radiography,100.0,98.6,3837.0,3850.0,4054.0,4050.0,3850.0,4242.0,False,False,392.0,4.0,1.4000000000000057,0.06738868832731648,0.9326113116726835,1.0,0.983663943990665,0.4326923076923077,0.9326113116726835,0.8431639568711788,True
2024,Singapore Institute of Technology,Singapore Institute of Technology (SIT),Bachelor of Science with Honours in Dietetics and Nutrition,100.0,94.1,3843.0,3875.0,3843.0,3875.0,3650.0,4000.0,False,False,350.0,-32.0,5.900000000000006,0.06016847172081829,0.9398315282791817,1.0,0.9311551925320887,0.39903846153846156,0.9398315282791817,0.8200809023861193,True
2024,Singapore Institute of Technology,Singapore Institute of Technology (SIT),Bachelor of Science with Honours in Digital Communications and Integrated Media,85.7,78.6,3670.0,3600.0,3701.0,3625.0,3425.0,4000.0,False,False,575.0,76.0,7.1000000000000085,0.09884820354134434,0.9011517964586556,0.6808035714285715,0.7502917152858809,0.35096153846153844,0.9011517964586556,0.6522417400985187,True
2024,Singapore Institute of Technology,Singapore Institute of Technology (SIT),Bachelor of Science with Honours in Occupational Therapy,98.5,97.0,3859.0,3850.0,3886.0,3850.0,3800.0,4050.0,False,False,250.0,36.0,1.5,0.042977479800584494,0.9570225201994155,0.9665178571428571,0.9649941656942824,0.3942307692307692,0.9570225201994155,0.8215646771887464,True
2024,Singapore Institute of Technology,Singapore Institute of Technology (SIT),Bachelor of Science with Honours in Radiation Therapy,100.0,100.0,4042.0,4000.0,4125.0,4050.0,3850.0,4235.0,False,False,385.0,75.0,0.0,0.06618531889290012,0.9338146811070999,1.0,1.0,0.4326923076923077,0.9338146811070999,0.8482452790891419,True
2024,Singapore Institute of Technology,Singapore Institute of Technology (SIT),Bachelor of Science with Honours in Speech and Language Therapy,100.0,100.0,3730.0,3850.0,3787.0,3850.0,3800.0,3890.0,False,False,90.0,-63.0,0.0,0.015471892728210418,0.9845281072717896,1.0,1.0,0.3942307692307692,0.9845281072717896,0.8462369083984607,True
2024,Singapore Institute of Technology,SIT- DigiPen Institute of Technology,Bachelor of Engineering with Honours in Systems Engineering (ElectroMechanical Systems),90.9,84.1,4829.0,4640.0,4979.0,4800.0,4400.0,5500.0,False,False,1100.0,179.0,6.800000000000011,0.18910091112257177,0.8108990888774282,0.7968750000000001,0.8144690781796966,0.5769230769230769,0.8108990888774282,0.7492688560162923,True
2024,Singapore Institute of Technology,SIT- DigiPen Institute of Technology,Bachelor of Science with Honours in Computer Science in Interactive Media and Game Development,69.6,56.5,4725.0,4900.0,4823.0,4900.0,4000.0,5750.0,False,False,1750.0,-77.0,13.099999999999994,0.3008423586040915,0.6991576413959085,0.3214285714285713,0.49241540256709454,0.5961538461538461,0.6991576413959085,0.4980652999465475,True
2024,Singapore Institute of Technology,SIT- DigiPen Institute of Technology,Bachelor of Science with Honours in Computer Science in Real-Time Interactive Simulation,84.1,81.8,5450.0,5050.0,5551.0,5150.0,4900.0,5917.0,False,False,1017.0,401.0,2.299999999999997,0.17483238782877772,0.8251676121712223,0.6450892857142856,0.7876312718786465,0.6442307692307693,0.8251676121712223,0.7146490014112552,True
2024,Singapore Institute of Technology,SIT- Massey University,Bachelor of Food Technology with Honours,87.8,73.5,3594.0,3500.0,3658.0,3500.0,3300.0,3863.0,False,False,563.0,158.0,14.299999999999997,0.09678528451091628,0.9032147154890837,0.7276785714285714,0.690781796966161,0.3269230769230769,0.9032147154890837,0.6427510870725516,True
2024,Singapore Institute of Technology,SIT- Newcastle University,Bachelor of Engineering with Honours in Chemical Engineering,75.5,58.5,3804.0,3800.0,4398.0,4400.0,4000.0,4796.0,False,False,796.0,-2.0,17.0,0.13684029568506104,0.8631597043149389,0.45312499999999994,0.5157526254375729,0.5,0.8631597043149389,0.5451372432785127,True
2024,Singapore Institute of Technology,SIT- Newcastle University,Bachelor of Engineering with Honours in Electrical Power Engineering,90.7,83.3,4365.0,4250.0,4491.0,4400.0,4000.0,4900.0,False,False,900.0,91.0,7.400000000000006,0.15471892728210418,0.8452810727178959,0.7924107142857143,0.8051341890315052,0.5,0.8452810727178959,0.7310556319028503,True
2024,Singapore Institute of Technology,SIT- Newcastle University,Bachelor of Engineering with Honours in Marine Engineering,88.9,85.2,4272.0,4400.0,4777.0,4680.0,4400.0,5000.0,False,False,600.0,97.0,3.700000000000003,0.10314595152140278,0.8968540484785972,0.752232142857143,0.8273045507584598,0.5538461538461539,0.8968540484785972,0.7468506538180087,True
2024,Singapore Institute of Technology,SIT- Newcastle University,Bachelor of Engineering with Honours in Mechanical Design and Manufacturing Engineering,68.4,59.6,4172.0,4200.0,4336.0,4400.0,4000.0,4700.0,False,False,700.0,-64.0,8.800000000000004,0.12033694344163658,0.8796630565583634,0.2946428571428572,0.528588098016336,0.5,0.8796630565583634,0.5039187450315125,True
2024,Singapore Institute of Technology,SIT- Newcastle University,Bachelor of Engineering with Honours in Naval Architecture,90.0,75.0,4262.0,4000.0,4336.0,4100.0,3921.0,4400.0,False,False,479.0,236.0,15.0,0.0823448512979199,0.9176551487020801,0.7767857142857143,0.7082847141190198,0.4423076923076923,0.9176551487020801,0.6937463239036554,True
2024,Singapore Institute of Technology,SIT- Newcastle University,Bachelor of Engineering with Honours in Offshore Engineering,81.3,75.0,4159.0,4400.0,4525.0,4400.0,4400.0,4500.0,False,False,100.0,125.0,6.299999999999997,0.017190991920233798,0.9828090080797662,0.5825892857142856,0.7082847141190198,0.5,0.9828090080797662,0.6596835511619565,True
2024,Singapore Institute of Technology,SIT-Trinity College Dublin,Bachelor of Science with Honours in Physiotherapy,96.8,96.0,3904.0,3850.0,3974.0,3950.0,3838.0,4200.0,False,False,362.0,24.0,0.7999999999999972,0.06223139075124635,0.9377686092487536,0.9285714285714285,0.9533255542590432,0.41346153846153844,0.9377686092487536,0.8085997708518391,True
2024,Singapore Institute of Technology,SIT-University of Glasgow,Bachelor of Engineering with Honours in Aerospace Engineering,62.9,45.7,4169.0,3900.0,4497.0,4150.0,3750.0,4900.0,False,False,1150.0,347.0,17.199999999999996,0.19769640708268868,0.8023035929173113,0.17187499999999992,0.3663943990665111,0.4519230769230769,0.8023035929173113,0.39480712788831923,True
2024,Singapore Institute of Technology,SIT-University of Glasgow,Bachelor of Engineering with Honours in Civil Engineering,87.5,82.8,4428.0,4000.0,4647.0,4175.0,4000.0,4475.0,False,False,475.0,472.0,4.700000000000003,0.08165721162111053,0.9183427883788895,0.7209821428571428,0.7992998833138856,0.4567307692307692,0.9183427883788895,0.7080187184158343,True
2024,Singapore Institute of Technology,SIT-University of Glasgow,Bachelor of Engineering with Honours in Mechanical Engineering,73.9,62.0,4214.0,4000.0,4405.0,4350.0,4000.0,4800.0,False,False,800.0,55.0,11.900000000000006,0.13752793536187038,0.8624720646381296,0.41741071428571436,0.5565927654609102,0.49038461538461536,0.8624720646381296,0.5441680074658607,True
2024,Singapore Institute of Technology,SIT-University of Glasgow,Bachelor of Science with Honours in Computing Science,68.8,62.4,5100.0,4800.0,5208.0,4800.0,4800.0,5600.0,False,False,800.0,408.0,6.399999999999999,0.13752793536187038,0.8624720646381296,0.30357142857142844,0.5612602100350057,0.5769230769230769,0.8624720646381296,0.5330510705084188,True
2024,Singapore Institute of Technology,SIT-University of Glasgow,Bachelor of Science with Honours in Nursing,94.2,87.2,3783.0,3850.0,4122.0,4150.0,3850.0,4330.0,False,False,480.0,-28.0,7.0,0.08251676121712223,0.9174832387828777,0.8705357142857143,0.8506417736289382,0.4519230769230769,0.9174832387828777,0.7669565014225967,True
2024,Singapore Institute of Technology,SIT- Technische Universitat Munchen,Bachelor of Engineering with Honours in Chemical Engineering,93.5,87.1,4150.0,4000.0,4463.0,4300.0,4000.0,4700.0,False,False,700.0,163.0,6.400000000000006,0.12033694344163658,0.8796630565583634,0.8549107142857143,0.8494749124854142,0.4807692307692308,0.8796630565583634,0.7634574542074007,True
2024,Singapore Institute of Technology,SIT- Technische Universitat Munchen,Bachelor of Engineering with Honours in Electronics and Data Engineering,86.8,73.7,4470.0,4500.0,4603.0,4600.0,4200.0,5000.0,False,False,800.0,3.0,13.099999999999994,0.13752793536187038,0.8624720646381296,0.7053571428571428,0.6931155192532089,0.5384615384615384,0.8624720646381296,0.6835279929442095,True
